VBG,20170324,11.0000,11.0000,11.0000,11.0000,0
VBG,20170327,11.0000,11.0000,11.0000,11.0000,0
VBG,20170328,11.0000,11.0000,11.0000,11.0000,0
VBG,20170329,11.0000,11.0000,11.0000,11.0000,0
VBG,20170330,11.0000,11.0000,11.0000,11.0000,0
VBG,20170331,11.0000,11.0000,11.0000,11.0000,0
VBG,20170403,11.0000,11.0000,11.0000,11.0000,0
VBG,20170404,11.0000,11.0000,11.0000,11.0000,0
VBG,20170405,11.0000,11.0000,11.0000,11.0000,0
VBG,20170407,11.0000,11.0000,11.0000,11.0000,0
VBG,20170410,11.0000,11.0000,11.0000,11.0000,0
VBG,20170411,11.0000,11.0000,11.0000,11.0000,0
VBG,20170412,11.0000,11.0000,11.0000,11.0000,0
VBG,20170413,11.0000,11.0000,11.0000,11.0000,0
VBG,20170414,11.0000,11.0000,11.0000,11.0000,0
VBG,20170417,11.0000,11.0000,11.0000,11.0000,0
VBG,20170418,11.0000,11.0000,11.0000,11.0000,0
VBG,20170419,11.0000,11.0000,11.0000,11.0000,0
VBG,20170420,11.0000,11.0000,11.0000,11.0000,0
VBG,20170421,11.0000,11.0000,11.0000,11.0000,0
VBG,20170424,11.0000,11.0000,11.0000,11.0000,0
VBG,20170425,11.0000,11.0000,11.0000,11.0000,0
VBG,20170426,11.0000,11.0000,11.0000,11.0000,0
VBG,20170427,11.0000,11.0000,11.0000,11.0000,0
VBG,20170428,11.0000,11.0000,11.0000,11.0000,0
VBG,20170503,11.0000,11.0000,11.0000,11.0000,0
VBG,20170504,11.0000,11.0000,11.0000,11.0000,0
VBG,20170505,11.0000,11.0000,11.0000,11.0000,0
VBG,20170508,11.0000,11.0000,11.0000,11.0000,0
VBG,20170509,11.0000,11.0000,11.0000,11.0000,0
VBG,20170510,11.0000,11.0000,11.0000,11.0000,0
VBG,20170511,11.0000,11.0000,11.0000,11.0000,0
VBG,20170512,11.0000,11.0000,11.0000,11.0000,0
VBG,20170515,11.0000,11.0000,11.0000,11.0000,0
VBG,20170516,11.0000,11.0000,11.0000,11.0000,0
VBG,20170517,9.1032,9.1032,9.1032,9.1032,0
VBG,20170518,9.1032,9.1032,9.1032,9.1032,0
VBG,20170519,9.1032,9.1032,9.1032,9.1032,0
VBG,20170522,9.1032,9.1032,9.1032,9.1032,0
VBG,20170523,9.1032,9.1032,9.1032,9.1032,0
VBG,20170524,9.1032,9.1032,9.1032,9.1032,0
VBG,20170525,9.1032,9.1032,9.1032,9.1032,0
VBG,20170526,9.1032,9.1032,9.1032,9.1032,0
VBG,20170529,9.1032,9.1032,9.1032,9.1032,0
VBG,20170530,9.1032,9.1032,9.1032,9.1032,0
VBG,20170531,9.1032,9.1032,9.1032,9.1032,0
VBG,20170601,9.1032,9.1032,9.1032,9.1032,0
VBG,20170602,9.1032,9.1032,9.1032,9.1032,0
VBG,20170605,9.1032,9.1032,9.1032,9.1032,0
VBG,20170606,9.1032,9.1032,9.1032,9.1032,0
VBG,20170607,9.1032,9.1032,9.1032,9.1032,0
VBG,20170608,9.1032,9.1032,9.1032,9.1032,0
VBG,20170609,9.1032,9.1032,9.1032,9.1032,0
VBG,20170612,9.1032,9.1032,9.1032,9.1032,0
VBG,20170613,9.1032,9.1032,9.1032,9.1032,0
VBG,20170614,9.1032,9.1032,9.1032,9.1032,0
VBG,20170615,9.1032,9.1032,9.1032,9.1032,0
VBG,20170616,9.1032,9.1032,9.1032,9.1032,0
VBG,20170619,9.1032,9.1032,9.1032,9.1032,0
VBG,20170620,9.1032,9.1032,9.1032,9.1032,0
VBG,20170621,9.1032,9.1032,9.1032,9.1032,0
VBG,20170622,9.1032,9.1032,9.1032,9.1032,0
VBG,20170623,9.1032,9.1032,9.1032,9.1032,0
VBG,20170626,9.1032,9.1032,9.1032,9.1032,0
VBG,20170627,9.1032,9.1032,9.1032,9.1032,0
VBG,20170628,9.1032,9.1032,9.1032,9.1032,0
VBG,20170629,9.1032,9.1032,9.1032,9.1032,0
VBG,20170630,9.1032,9.1032,9.1032,9.1032,0
VBG,20170703,9.1032,9.1032,9.1032,9.1032,0
VBG,20170704,9.1032,9.1032,9.1032,9.1032,0
VBG,20170705,9.1032,9.1032,9.1032,9.1032,0
VBG,20170706,9.1032,9.1032,9.1032,9.1032,0
VBG,20170707,9.1032,9.1032,9.1032,9.1032,0
VBG,20170710,9.1032,9.1032,9.1032,9.1032,0
VBG,20170711,9.1032,9.1032,9.1032,9.1032,0
VBG,20170712,9.1032,9.1032,9.1032,9.1032,0
VBG,20170713,9.1032,9.1032,9.1032,9.1032,0
VBG,20170714,9.1032,9.1032,9.1032,9.1032,0
VBG,20170717,9.1032,9.1032,9.1032,9.1032,0
VBG,20170718,9.1032,9.1032,9.1032,9.1032,0
VBG,20170719,9.1032,9.1032,9.1032,9.1032,0
VBG,20170720,9.1032,9.1032,9.1032,9.1032,0
VBG,20170721,9.1032,9.1032,9.1032,9.1032,0
VBG,20170724,9.1032,9.1032,9.1032,9.1032,0
VBG,20170725,9.1032,9.1032,9.1032,9.1032,0
VBG,20170726,9.1032,9.1032,9.1032,9.1032,0
VBG,20170727,9.1032,9.1032,9.1032,9.1032,0
VBG,20170728,9.1032,9.1032,9.1032,9.1032,0
VBG,20170731,9.1032,9.1032,9.1032,9.1032,0
VBG,20170801,9.1032,9.1032,9.1032,9.1032,0
VBG,20170802,9.1032,9.1032,9.1032,9.1032,0
VBG,20170803,9.1032,9.1032,9.1032,9.1032,0
VBG,20170804,9.1032,9.1032,9.1032,9.1032,0
VBG,20170807,9.1032,9.1032,9.1032,9.1032,0
VBG,20170808,9.1032,9.1032,9.1032,9.1032,0
VBG,20170809,9.1032,9.1032,9.1032,9.1032,0
VBG,20170810,9.1032,9.1032,9.1032,9.1032,0
VBG,20170811,9.1032,9.1032,9.1032,9.1032,0
VBG,20170814,9.1032,9.1032,9.1032,9.1032,0
VBG,20170815,9.1032,9.1032,9.1032,9.1032,0
VBG,20170816,9.1032,9.1032,9.1032,9.1032,0
VBG,20170817,9.1032,9.1032,9.1032,9.1032,0
VBG,20170818,9.1032,9.1032,9.1032,9.1032,0
VBG,20170821,9.1032,9.1032,9.1032,9.1032,0
VBG,20170822,9.1032,9.1032,9.1032,9.1032,0
VBG,20170823,9.1032,9.1032,9.1032,9.1032,0
VBG,20170824,9.1032,9.1032,9.1032,9.1032,0
VBG,20170825,9.1032,9.1032,9.1032,9.1032,0
VBG,20170828,9.1032,9.1032,9.1032,9.1032,0
VBG,20170829,9.1032,9.1032,9.1032,9.1032,0
VBG,20170830,9.1032,9.1032,9.1032,9.1032,0
VBG,20170831,9.1032,9.1032,9.1032,9.1032,0
VBG,20170901,9.1032,9.1032,9.1032,9.1032,0
VBG,20170905,9.1032,9.1032,9.1032,9.1032,0
VBG,20170906,9.1032,9.1032,9.1032,9.1032,0
VBG,20170907,9.1032,9.1032,9.1032,9.1032,0
VBG,20170908,9.1032,9.1032,9.1032,9.1032,0
VBG,20170911,9.1032,9.1032,9.1032,9.1032,0
VBG,20170912,9.1032,9.1032,9.1032,9.1032,0
VBG,20170913,9.1032,9.1032,9.1032,9.1032,0
VBG,20170914,9.1032,9.1032,9.1032,9.1032,0
VBG,20170915,9.1032,9.1032,9.1032,9.1032,0
VBG,20170918,9.1032,9.1032,9.1032,9.1032,0
VBG,20170919,9.1032,9.1032,9.1032,9.1032,0
VBG,20170920,9.1032,9.1032,9.1032,9.1032,0
VBG,20170921,9.1032,9.1032,9.1032,9.1032,0
VBG,20170922,9.1032,9.1032,9.1032,9.1032,0
VBG,20170925,9.1032,9.1032,9.1032,9.1032,0
VBG,20170926,9.1032,9.1032,9.1032,9.1032,0
VBG,20170927,9.1032,9.1032,9.1032,9.1032,0
VBG,20170928,9.1032,9.1032,9.1032,9.1032,0
VBG,20170929,9.1032,9.1032,9.1032,9.1032,0
VBG,20171002,9.1032,9.1032,9.1032,9.1032,0
VBG,20171003,9.1032,9.1032,9.1032,9.1032,0
VBG,20171004,9.1032,9.1032,9.1032,9.1032,0
VBG,20171005,9.1032,9.1032,9.1032,9.1032,0
VBG,20171006,9.1032,9.1032,9.1032,9.1032,0
VBG,20171009,9.1032,9.1032,9.1032,9.1032,0
VBG,20171010,9.1032,9.1032,9.1032,9.1032,0
VBG,20171011,9.1032,9.1032,9.1032,9.1032,0
VBG,20171012,9.1032,9.1032,9.1032,9.1032,0
VBG,20171013,9.1032,9.1032,9.1032,9.1032,0
VBG,20171016,9.1032,9.1032,9.1032,9.1032,0
VBG,20171017,9.1032,9.1032,9.1032,9.1032,0
VBG,20171018,9.1032,9.1032,9.1032,9.1032,0
VBG,20171019,9.1032,9.1032,9.1032,9.1032,0
VBG,20171020,9.1032,9.1032,9.1032,9.1032,0
VBG,20171023,9.1032,9.1032,9.1032,9.1032,0
VBG,20171024,9.1032,9.1032,9.1032,9.1032,0
VBG,20171025,9.1032,9.1032,9.1032,9.1032,0
VBG,20171026,9.1032,9.1032,9.1032,9.1032,0
VBG,20171027,9.1032,9.1032,9.1032,9.1032,0
VBG,20171030,9.1032,9.1032,9.1032,9.1032,0
VBG,20171031,9.1032,9.1032,9.1032,9.1032,0
VBG,20171101,9.1032,9.1032,9.1032,9.1032,0
VBG,20171102,9.1032,9.1032,9.1032,9.1032,0
VBG,20171103,9.1032,9.1032,9.1032,9.1032,0
VBG,20171106,9.1032,9.1032,9.1032,9.1032,0
VBG,20171107,9.1032,9.1032,9.1032,9.1032,0
VBG,20171108,9.1032,9.1032,9.1032,9.1032,0
VBG,20171109,9.1032,9.1032,9.1032,9.1032,0
VBG,20171110,9.1032,9.1032,9.1032,9.1032,0
VBG,20171113,9.1032,9.1032,9.1032,9.1032,0
VBG,20171114,9.1032,9.1032,9.1032,9.1032,0
VBG,20171115,9.1032,9.1032,9.1032,9.1032,0
VBG,20171116,9.1032,9.1032,9.1032,9.1032,0
VBG,20171117,9.1032,9.1032,9.1032,9.1032,0
VBG,20171120,9.1032,9.1032,9.1032,9.1032,0
VBG,20171121,9.1032,9.1032,9.1032,9.1032,0
VBG,20171122,9.1032,9.1032,9.1032,9.1032,0
VBG,20171123,9.1032,9.1032,9.1032,9.1032,0
VBG,20171124,9.1032,9.1032,9.1032,9.1032,0
VBG,20171127,9.1032,9.1032,9.1032,9.1032,0
VBG,20171128,9.1032,9.1032,9.1032,9.1032,0
VBG,20171129,9.1032,9.1032,9.1032,9.1032,0
VBG,20171130,9.1032,9.1032,9.1032,9.1032,0
VBG,20171201,9.1032,9.1032,9.1032,9.1032,0
VBG,20171204,9.1032,9.1032,9.1032,9.1032,0
VBG,20171205,9.1032,9.1032,9.1032,9.1032,0
VBG,20171206,9.1032,9.1032,9.1032,9.1032,0
VBG,20171207,9.1032,9.1032,9.1032,9.1032,0
VBG,20171208,9.1032,9.1032,9.1032,9.1032,0
VBG,20171211,9.1032,9.1032,9.1032,9.1032,0
VBG,20171212,9.1032,9.1032,9.1032,9.1032,0
VBG,20171213,9.1032,9.1032,9.1032,9.1032,0
VBG,20171214,9.1032,9.1032,9.1032,9.1032,0
VBG,20171215,9.1032,9.1032,9.1032,9.1032,0
VBG,20171218,9.1032,9.1032,9.1032,9.1032,0
VBG,20171219,9.1032,9.1032,9.1032,9.1032,0
VBG,20171220,9.1032,9.1032,9.1032,9.1032,0
VBG,20171221,9.1032,9.1032,9.1032,9.1032,0
VBG,20171222,9.1032,9.1032,9.1032,9.1032,0
VBG,20171225,9.1032,9.1032,9.1032,9.1032,0
VBG,20171226,9.1032,9.1032,9.1032,9.1032,0
VBG,20171227,9.1032,9.1032,9.1032,9.1032,0
VBG,20171228,9.1032,9.1032,9.1032,9.1032,0
VBG,20171229,9.1032,9.1032,9.1032,9.1032,0
VBG,20180102,9.1032,9.1032,9.1032,9.1032,0
VBG,20180103,9.1032,9.1032,9.1032,9.1032,0
VBG,20180104,9.1032,9.1032,9.1032,9.1032,0
VBG,20180105,9.1032,9.1032,9.1032,9.1032,0
VBG,20180108,9.1032,9.1032,9.1032,9.1032,0
VBG,20180109,9.1032,9.1032,9.1032,9.1032,0
VBG,20180110,9.1032,9.1032,9.1032,9.1032,0
VBG,20180111,9.1032,9.1032,9.1032,9.1032,0
VBG,20180112,9.1032,9.1032,9.1032,9.1032,0
VBG,20180115,9.1032,9.1032,9.1032,9.1032,0
VBG,20180116,9.1032,9.1032,9.1032,9.1032,0
VBG,20180117,9.1032,9.1032,9.1032,9.1032,0
VBG,20180118,9.1032,9.1032,9.1032,9.1032,0
VBG,20180119,9.1032,9.1032,9.1032,9.1032,0
VBG,20180122,9.1032,9.1032,9.1032,9.1032,0
VBG,20180123,9.1032,9.1032,9.1032,9.1032,0
VBG,20180124,9.1032,9.1032,9.1032,9.1032,0
VBG,20180125,9.1032,9.1032,9.1032,9.1032,0
VBG,20180126,9.1032,9.1032,9.1032,9.1032,0
VBG,20180129,9.1032,9.1032,9.1032,9.1032,0
VBG,20180130,9.1032,9.1032,9.1032,9.1032,0
VBG,20180131,9.1032,9.1032,9.1032,9.1032,0
VBG,20180201,9.1032,9.1032,9.1032,9.1032,0
VBG,20180202,9.1032,9.1032,9.1032,9.1032,0
VBG,20180205,9.1032,9.1032,9.1032,9.1032,0
VBG,20180206,9.1032,9.1032,9.1032,9.1032,0
VBG,20180207,9.1032,9.1032,9.1032,9.1032,0
VBG,20180208,9.1032,9.1032,9.1032,9.1032,0
VBG,20180209,9.1032,9.1032,9.1032,9.1032,0
VBG,20180212,9.1032,9.1032,9.1032,9.1032,0
VBG,20180213,9.1032,9.1032,9.1032,9.1032,0
VBG,20180221,9.1032,9.1032,9.1032,9.1032,0
VBG,20180222,9.1032,9.1032,9.1032,9.1032,0
VBG,20180223,9.1032,9.1032,9.1032,9.1032,0
VBG,20180226,9.1032,9.1032,9.1032,9.1032,0
VBG,20180227,9.1032,9.1032,9.1032,9.1032,0
VBG,20180228,9.1032,9.1032,9.1032,9.1032,0
VBG,20180301,9.1032,9.1032,9.1032,9.1032,0
VBG,20180302,9.1032,9.1032,9.1032,9.1032,0
VBG,20180305,9.1032,9.1032,9.1032,9.1032,0
VBG,20180306,9.1032,9.1032,9.1032,9.1032,0
VBG,20180307,9.1032,9.1032,9.1032,9.1032,0
VBG,20180308,9.1032,9.1032,9.1032,9.1032,0
VBG,20180309,9.1032,9.1032,9.1032,9.1032,0
VBG,20180312,9.1032,9.1032,9.1032,9.1032,0
VBG,20180313,9.1032,9.1032,9.1032,9.1032,0
VBG,20180314,9.1032,9.1032,9.1032,9.1032,0
VBG,20180315,9.1032,9.1032,9.1032,9.1032,0
VBG,20180316,9.1032,9.1032,9.1032,9.1032,0
VBG,20180319,9.1032,9.1032,9.1032,9.1032,0
VBG,20180320,9.1032,9.1032,9.1032,9.1032,0
VBG,20180321,9.1032,9.1032,9.1032,9.1032,0
VBG,20180322,9.1032,9.1032,9.1032,9.1032,0
VBG,20180323,9.1032,9.1032,9.1032,9.1032,0
VBG,20180326,9.1032,9.1032,9.1032,9.1032,0
VBG,20180327,9.1032,9.1032,9.1032,9.1032,0
VBG,20180328,9.1032,9.1032,9.1032,9.1032,0
VBG,20180329,9.1032,9.1032,9.1032,9.1032,0
VBG,20180330,9.1032,9.1032,9.1032,9.1032,0
VBG,20180402,9.1032,9.1032,9.1032,9.1032,0
VBG,20180403,9.1032,9.1032,9.1032,9.1032,0
VBG,20180404,9.1032,9.1032,9.1032,9.1032,0
VBG,20180405,9.1032,9.1032,9.1032,9.1032,0
VBG,20180406,9.1032,9.1032,9.1032,9.1032,0
VBG,20180409,9.1032,9.1032,9.1032,9.1032,0
VBG,20180410,9.1032,9.1032,9.1032,9.1032,0
VBG,20180411,9.1032,9.1032,9.1032,9.1032,0
VBG,20180412,9.1032,9.1032,9.1032,9.1032,0
VBG,20180413,9.1032,9.1032,9.1032,9.1032,0
VBG,20180416,9.1032,9.1032,9.1032,9.1032,0
VBG,20180417,9.1032,9.1032,9.1032,9.1032,0
VBG,20180418,9.1032,9.1032,9.1032,9.1032,0
VBG,20180419,9.1032,9.1032,9.1032,9.1032,0
VBG,20180420,9.1032,9.1032,9.1032,9.1032,0
VBG,20180423,9.1032,9.1032,9.1032,9.1032,0
VBG,20180424,9.1032,9.1032,9.1032,9.1032,0
VBG,20180426,9.1032,9.1032,9.1032,9.1032,0
VBG,20180427,9.1032,9.1032,9.1032,9.1032,0
VBG,20180502,9.1032,9.1032,9.1032,9.1032,0
VBG,20180503,9.1032,9.1032,9.1032,9.1032,0
VBG,20180504,9.1032,9.1032,9.1032,9.1032,0
VBG,20180507,9.1032,9.1032,9.1032,9.1032,0
VBG,20180508,9.1032,9.1032,9.1032,9.1032,0
VBG,20180509,9.1032,9.1032,9.1032,9.1032,0
VBG,20180510,9.1032,9.1032,9.1032,9.1032,0
VBG,20180511,9.1032,9.1032,9.1032,9.1032,0
VBG,20180514,9.1032,9.1032,9.1032,9.1032,0
VBG,20180515,9.1032,9.1032,9.1032,9.1032,0
VBG,20180516,9.1032,9.1032,9.1032,9.1032,0
VBG,20180517,9.1032,9.1032,9.1032,9.1032,0
VBG,20180518,9.1032,9.1032,9.1032,9.1032,0
VBG,20180521,9.1032,9.1032,9.1032,9.1032,0
VBG,20180522,9.1032,9.1032,9.1032,9.1032,0
VBG,20180523,9.1032,9.1032,9.1032,9.1032,0
VBG,20180524,9.1032,9.1032,9.1032,9.1032,0
VBG,20180525,9.1032,9.1032,9.1032,9.1032,0
VBG,20180528,9.1032,9.1032,9.1032,9.1032,0
VBG,20180529,9.1032,9.1032,9.1032,9.1032,0
VBG,20180530,9.1032,9.1032,9.1032,9.1032,0
VBG,20180531,9.1032,9.1032,9.1032,9.1032,0
VBG,20180601,9.1032,9.1032,9.1032,9.1032,0
VBG,20180604,9.1032,9.1032,9.1032,9.1032,0
VBG,20180605,9.1032,9.1032,9.1032,9.1032,0
VBG,20180606,9.1032,9.1032,9.1032,9.1032,0
VBG,20180607,9.1032,9.1032,9.1032,9.1032,0
VBG,20180608,9.1032,9.1032,9.1032,9.1032,0
VBG,20180611,9.1032,9.1032,9.1032,9.1032,0
VBG,20180612,9.1032,9.1032,9.1032,9.1032,0
VBG,20180613,9.1032,9.1032,9.1032,9.1032,0
VBG,20180614,9.1032,9.1032,9.1032,9.1032,0
VBG,20180615,9.1032,9.1032,9.1032,9.1032,0
VBG,20180618,9.1032,9.1032,9.1032,9.1032,0
VBG,20180619,9.1032,9.1032,9.1032,9.1032,0
VBG,20180620,9.1032,9.1032,9.1032,9.1032,0
VBG,20180621,9.1032,9.1032,9.1032,9.1032,0
VBG,20180622,9.1032,9.1032,9.1032,9.1032,0
VBG,20180625,9.1032,9.1032,9.1032,9.1032,0
VBG,20180626,9.1032,9.1032,9.1032,9.1032,0
VBG,20180627,9.1032,9.1032,9.1032,9.1032,0
VBG,20180628,9.1032,9.1032,9.1032,9.1032,0
VBG,20180629,9.1032,9.1032,9.1032,9.1032,0
VBG,20180702,9.1032,9.1032,9.1032,9.1032,0
VBG,20180703,9.1032,9.1032,9.1032,9.1032,0
VBG,20180704,9.1032,9.1032,9.1032,9.1032,0
VBG,20180705,9.1032,9.1032,9.1032,9.1032,0
VBG,20180706,9.1032,9.1032,9.1032,9.1032,0
VBG,20180709,9.1032,9.1032,9.1032,9.1032,0
VBG,20180710,9.1032,9.1032,9.1032,9.1032,0
VBG,20180711,9.1032,9.1032,9.1032,9.1032,0
VBG,20180712,9.1032,9.1032,9.1032,9.1032,0
VBG,20180713,9.1032,9.1032,9.1032,9.1032,0
VBG,20180716,9.1032,9.1032,9.1032,9.1032,0
VBG,20180717,9.1032,9.1032,9.1032,9.1032,0
VBG,20180718,9.1032,9.1032,9.1032,9.1032,0
VBG,20180719,9.1032,9.1032,9.1032,9.1032,0
VBG,20180720,9.1032,9.1032,9.1032,9.1032,0
VBG,20180723,9.1032,9.1032,9.1032,9.1032,0
VBG,20180724,9.1032,9.1032,9.1032,9.1032,0
VBG,20180725,9.1032,9.1032,9.1032,9.1032,0
VBG,20180726,9.1032,9.1032,9.1032,9.1032,0
VBG,20180727,9.1032,9.1032,9.1032,9.1032,0
VBG,20180730,9.1032,9.1032,9.1032,9.1032,0
VBG,20180731,9.1032,9.1032,9.1032,9.1032,0
VBG,20180801,9.1032,9.1032,9.1032,9.1032,0
VBG,20180802,9.1032,9.1032,9.1032,9.1032,0
VBG,20180803,9.1032,9.1032,9.1032,9.1032,0
VBG,20180806,9.1032,9.1032,9.1032,9.1032,0
VBG,20180807,9.1032,9.1032,9.1032,9.1032,0
VBG,20180808,9.1032,9.1032,9.1032,9.1032,0
VBG,20180809,9.1032,9.1032,9.1032,9.1032,0
VBG,20180810,9.1032,9.1032,9.1032,9.1032,0
VBG,20180813,9.1032,9.1032,9.1032,9.1032,0
VBG,20180814,9.1032,9.1032,9.1032,9.1032,0
VBG,20180815,9.1032,9.1032,9.1032,9.1032,0
VBG,20180816,9.1032,9.1032,9.1032,9.1032,0
VBG,20180817,9.1032,9.1032,9.1032,9.1032,0
VBG,20180820,9.1032,9.1032,9.1032,9.1032,0
VBG,20180821,9.1032,9.1032,9.1032,9.1032,0
VBG,20180822,9.1032,9.1032,9.1032,9.1032,0
VBG,20180823,9.1032,9.1032,9.1032,9.1032,0
VBG,20180824,9.1032,9.1032,9.1032,9.1032,0
VBG,20180827,9.1032,9.1032,9.1032,9.1032,0
VBG,20180828,9.1032,9.1032,9.1032,9.1032,0
VBG,20180829,9.1032,9.1032,9.1032,9.1032,0
VBG,20180830,9.1032,9.1032,9.1032,9.1032,0
VBG,20180831,9.1032,9.1032,9.1032,9.1032,0
VBG,20180904,9.1032,9.1032,9.1032,9.1032,0
VBG,20180905,9.1032,9.1032,9.1032,9.1032,0
VBG,20180906,9.1032,9.1032,9.1032,9.1032,0
VBG,20180907,9.1032,9.1032,9.1032,9.1032,0
VBG,20180910,9.1032,9.1032,9.1032,9.1032,0
VBG,20180911,9.1032,9.1032,9.1032,9.1032,0
VBG,20180912,9.1032,9.1032,9.1032,9.1032,0
VBG,20180913,9.1032,9.1032,9.1032,9.1032,0
VBG,20180914,9.1032,9.1032,9.1032,9.1032,0
VBG,20180917,9.1032,9.1032,9.1032,9.1032,0
VBG,20180918,9.1032,9.1032,9.1032,9.1032,0
VBG,20180919,9.1032,9.1032,9.1032,9.1032,0
VBG,20180920,9.1032,9.1032,9.1032,9.1032,0
VBG,20180921,9.1032,9.1032,9.1032,9.1032,0
VBG,20180924,9.1032,9.1032,9.1032,9.1032,0
VBG,20180925,9.1032,9.1032,9.1032,9.1032,0
VBG,20180926,9.1032,9.1032,9.1032,9.1032,0
VBG,20180927,9.1032,9.1032,9.1032,9.1032,0
VBG,20180928,9.1032,9.1032,9.1032,9.1032,0
VBG,20181001,9.1032,9.1032,9.1032,9.1032,0
VBG,20181002,9.1032,9.1032,9.1032,9.1032,0
VBG,20181003,9.1032,9.1032,9.1032,9.1032,0
VBG,20181004,9.1032,9.1032,9.1032,9.1032,0
VBG,20181005,9.1032,9.1032,9.1032,9.1032,0
VBG,20181008,9.1032,9.1032,9.1032,9.1032,0
VBG,20181009,9.1032,9.1032,9.1032,9.1032,0
VBG,20181010,6.3091,6.3091,6.3091,6.3091,1100
VBG,20181011,6.3091,6.3091,6.3091,6.3091,0
VBG,20181012,6.3091,6.3091,6.3091,6.3091,0
VBG,20181015,6.3091,6.3091,6.3091,6.3091,0
VBG,20181016,6.3091,6.3091,6.3091,6.3091,0
VBG,20181017,6.3091,6.3091,6.3091,6.3091,0
VBG,20181018,6.3091,6.3091,6.3091,6.3091,0
VBG,20181019,6.3091,6.3091,6.3091,6.3091,0
VBG,20181022,6.3091,6.3091,6.3091,6.3091,0
VBG,20181023,6.3091,6.3091,6.3091,6.3091,0
VBG,20181024,6.3091,6.3091,6.3091,6.3091,0
VBG,20181025,6.3091,6.3091,6.3091,6.3091,0
VBG,20181026,6.3091,6.3091,6.3091,6.3091,0
VBG,20181029,6.3091,6.3091,6.3091,6.3091,0
VBG,20181030,6.3091,6.3091,6.3091,6.3091,0
VBG,20181031,6.3091,6.3091,6.3091,6.3091,0
VBG,20181101,6.3091,6.3091,6.3091,6.3091,0
VBG,20181102,6.3091,6.3091,6.3091,6.3091,0
VBG,20181105,6.3091,6.3091,6.3091,6.3091,0
VBG,20181106,6.3091,6.3091,6.3091,6.3091,0
VBG,20181107,6.3091,6.3091,6.3091,6.3091,0
VBG,20181108,6.3091,6.3091,6.3091,6.3091,0
VBG,20181109,6.3091,6.3091,6.3091,6.3091,0
VBG,20181112,6.3091,6.3091,6.3091,6.3091,0
VBG,20181113,6.3091,6.3091,6.3091,6.3091,0
VBG,20181114,6.3091,6.3091,6.3091,6.3091,0
VBG,20181115,6.3091,6.3091,6.3091,6.3091,0
VBG,20181116,6.3091,6.3091,6.3091,6.3091,0
VBG,20181119,6.3091,6.3091,6.3091,6.3091,0
VBG,20181120,6.3091,6.3091,6.3091,6.3091,0
VBG,20181121,6.3091,6.3091,6.3091,6.3091,0
VBG,20181122,6.3091,6.3091,6.3091,6.3091,0
VBG,20181123,6.3091,6.3091,6.3091,6.3091,0
VBG,20181126,6.3091,6.3091,6.3091,6.3091,0
VBG,20181127,6.3091,6.3091,6.3091,6.3091,0
VBG,20181128,6.3091,6.3091,6.3091,6.3091,0
VBG,20181129,6.3091,6.3091,6.3091,6.3091,0
VBG,20181130,6.3091,6.3091,6.3091,6.3091,0
VBG,20181203,6.3091,6.3091,6.3091,6.3091,0
VBG,20181204,6.3091,6.3091,6.3091,6.3091,0
VBG,20181205,6.3091,6.3091,6.3091,6.3091,0
VBG,20181206,6.3091,6.3091,6.3091,6.3091,0
VBG,20181207,6.3091,6.3091,6.3091,6.3091,0
VBG,20181210,6.3091,6.3091,6.3091,6.3091,0
VBG,20181211,6.3091,6.3091,6.3091,6.3091,0
VBG,20181212,6.3091,6.3091,6.3091,6.3091,0
VBG,20181213,6.3091,6.3091,6.3091,6.3091,0
VBG,20181214,6.3091,6.3091,6.3091,6.3091,0
VBG,20181217,6.3091,6.3091,6.3091,6.3091,0
VBG,20181218,6.3091,6.3091,6.3091,6.3091,0
VBG,20181219,6.3091,6.3091,6.3091,6.3091,0
VBG,20181220,6.3091,6.3091,6.3091,6.3091,0
VBG,20181221,6.3091,6.3091,6.3091,6.3091,0
VBG,20181224,6.3091,6.3091,6.3091,6.3091,0
VBG,20181225,6.3091,6.3091,6.3091,6.3091,0
VBG,20181226,6.3091,6.3091,6.3091,6.3091,0
VBG,20181227,6.3091,6.3091,6.3091,6.3091,0
VBG,20181228,6.3091,6.3091,6.3091,6.3091,0
VBG,20190102,6.3091,6.3091,6.3091,6.3091,0
VBG,20190103,6.3091,6.3091,6.3091,6.3091,0
VBG,20190104,6.3091,6.3091,6.3091,6.3091,0
VBG,20190107,6.3091,6.3091,6.3091,6.3091,0
VBG,20190108,6.3091,6.3091,6.3091,6.3091,0
VBG,20190109,6.3091,6.3091,6.3091,6.3091,0
VBG,20190110,6.3091,6.3091,6.3091,6.3091,0
VBG,20190111,6.3091,6.3091,6.3091,6.3091,0
VBG,20190114,6.3091,6.3091,6.3091,6.3091,0
VBG,20190115,6.3091,6.3091,6.3091,6.3091,0
VBG,20190116,6.3091,6.3091,6.3091,6.3091,0
VBG,20190117,6.3091,6.3091,6.3091,6.3091,0
VBG,20190118,6.3091,6.3091,6.3091,6.3091,0
VBG,20190121,6.3091,6.3091,6.3091,6.3091,0
VBG,20190122,6.3091,6.3091,6.3091,6.3091,0
VBG,20190123,6.3091,6.3091,6.3091,6.3091,0
VBG,20190124,6.3091,6.3091,6.3091,6.3091,0
VBG,20190125,6.3091,6.3091,6.3091,6.3091,0
VBG,20190128,6.3091,6.3091,6.3091,6.3091,0
VBG,20190129,6.3091,6.3091,6.3091,6.3091,0
VBG,20190130,6.3091,6.3091,6.3091,6.3091,0
VBG,20190131,6.3091,6.3091,6.3091,6.3091,0
VBG,20190201,6.3091,6.3091,6.3091,6.3091,0
VBG,20190211,6.3091,6.3091,6.3091,6.3091,0
VBG,20190212,6.3091,6.3091,6.3091,6.3091,0
VBG,20190213,6.3091,6.3091,6.3091,6.3091,0
VBG,20190214,6.3091,6.3091,6.3091,6.3091,0
VBG,20190215,6.3091,6.3091,6.3091,6.3091,0
VBG,20190218,6.3091,6.3091,6.3091,6.3091,0
VBG,20190219,6.3091,6.3091,6.3091,6.3091,0
VBG,20190220,6.3091,6.3091,6.3091,6.3091,0
VBG,20190221,6.3091,6.3091,6.3091,6.3091,0
VBG,20190222,6.3091,6.3091,6.3091,6.3091,0
VBG,20190225,6.3091,6.3091,6.3091,6.3091,0
VBG,20190226,6.3091,6.3091,6.3091,6.3091,0
VBG,20190227,6.3091,6.3091,6.3091,6.3091,0
VBG,20190228,6.3091,6.3091,6.3091,6.3091,0
VBG,20190301,6.3091,6.3091,6.3091,6.3091,0
VBG,20190304,6.3091,6.3091,6.3091,6.3091,0
VBG,20190305,6.3091,6.3091,6.3091,6.3091,0
VBG,20190306,6.3091,6.3091,6.3091,6.3091,0
VBG,20190307,6.3091,6.3091,6.3091,6.3091,0
VBG,20190308,6.3091,6.3091,6.3091,6.3091,0
VBG,20190311,6.3091,6.3091,6.3091,6.3091,0
VBG,20190312,6.3091,6.3091,6.3091,6.3091,0
VBG,20190313,6.3091,6.3091,6.3091,6.3091,0
VBG,20190314,6.3091,6.3091,6.3091,6.3091,0
VBG,20190315,6.3091,6.3091,6.3091,6.3091,0
VBG,20190318,6.3091,6.3091,6.3091,6.3091,0
VBG,20190319,6.3091,6.3091,6.3091,6.3091,0
VBG,20190320,6.3091,6.3091,6.3091,6.3091,0
VBG,20190321,6.3091,6.3091,6.3091,6.3091,0
VBG,20190322,6.3091,6.3091,6.3091,6.3091,0
VBG,20190325,6.3091,6.3091,6.3091,6.3091,0
VBG,20190326,6.3091,6.3091,6.3091,6.3091,0
VBG,20190327,6.3091,6.3091,6.3091,6.3091,0
VBG,20190328,6.3091,6.3091,6.3091,6.3091,0
VBG,20190329,6.3091,6.3091,6.3091,6.3091,0
VBG,20190401,6.3091,6.3091,6.3091,6.3091,0
VBG,20190402,6.3091,6.3091,6.3091,6.3091,0
VBG,20190403,6.3091,6.3091,6.3091,6.3091,0
VBG,20190404,6.3091,6.3091,6.3091,6.3091,0
VBG,20190405,6.3091,6.3091,6.3091,6.3091,0
VBG,20190408,6.3091,6.3091,6.3091,6.3091,0
VBG,20190409,6.3091,6.3091,6.3091,6.3091,0
VBG,20190410,6.3091,6.3091,6.3091,6.3091,0
VBG,20190411,6.3091,6.3091,6.3091,6.3091,0
VBG,20190412,6.3091,6.3091,6.3091,6.3091,0
VBG,20190416,6.3091,6.3091,6.3091,6.3091,0
VBG,20190417,6.3091,6.3091,6.3091,6.3091,0
VBG,20190418,6.3091,6.3091,6.3091,6.3091,0
VBG,20190419,6.3091,6.3091,6.3091,6.3091,0
VBG,20190422,6.3091,6.3091,6.3091,6.3091,0
VBG,20190423,6.3091,6.3091,6.3091,6.3091,0
VBG,20190424,6.3091,6.3091,6.3091,6.3091,0
VBG,20190425,6.3091,6.3091,6.3091,6.3091,0
VBG,20190426,6.3091,6.3091,6.3091,6.3091,0
VBG,20190502,6.3091,6.3091,6.3091,6.3091,0
VBG,20190503,6.3091,6.3091,6.3091,6.3091,0
VBG,20190506,6.3091,6.3091,6.3091,6.3091,0
VBG,20190507,6.3091,6.3091,6.3091,6.3091,0
VBG,20190508,6.3091,6.3091,6.3091,6.3091,0
VBG,20190509,6.3091,6.3091,6.3091,6.3091,0
VBG,20190510,6.3091,6.3091,6.3091,6.3091,0
VBG,20190513,6.3091,6.3091,6.3091,6.3091,0
VBG,20190514,6.3091,6.3091,6.3091,6.3091,0
VBG,20190515,6.3091,6.3091,6.3091,6.3091,0
VBG,20190516,6.3091,6.3091,6.3091,6.3091,0
VBG,20190517,6.3091,6.3091,6.3091,6.3091,0
VBG,20190520,6.3091,6.3091,6.3091,6.3091,0
VBG,20190521,6.3091,6.3091,6.3091,6.3091,0
VBG,20190522,6.3091,6.3091,6.3091,6.3091,0
VBG,20190523,6.3091,6.3091,6.3091,6.3091,0
VBG,20190524,6.3091,6.3091,6.3091,6.3091,0
VBG,20190527,6.3091,6.3091,6.3091,6.3091,0
VBG,20190528,6.3091,6.3091,6.3091,6.3091,0
VBG,20190529,6.3091,6.3091,6.3091,6.3091,0
VBG,20190530,6.3091,6.3091,6.3091,6.3091,0
VBG,20190531,6.3091,6.3091,6.3091,6.3091,0
VBG,20190603,6.3091,6.3091,6.3091,6.3091,0
VBG,20190604,6.3091,6.3091,6.3091,6.3091,0
VBG,20190605,6.3091,6.3091,6.3091,6.3091,0
VBG,20190606,6.3091,6.3091,6.3091,6.3091,0
VBG,20190607,6.3091,6.3091,6.3091,6.3091,0
VBG,20190610,6.3091,6.3091,6.3091,6.3091,0
VBG,20190611,6.3091,6.3091,6.3091,6.3091,0
VBG,20190612,6.3091,6.3091,6.3091,6.3091,0
VBG,20190613,6.3091,6.3091,6.3091,6.3091,0
VBG,20190614,6.3091,6.3091,6.3091,6.3091,0
VBG,20190617,6.3091,6.3091,6.3091,6.3091,0
VBG,20190618,6.3091,6.3091,6.3091,6.3091,0
VBG,20190619,6.3091,6.3091,6.3091,6.3091,0
VBG,20190620,6.3091,6.3091,6.3091,6.3091,0
VBG,20190621,6.3091,6.3091,6.3091,6.3091,0
VBG,20190624,6.3091,6.3091,6.3091,6.3091,0
VBG,20190625,6.3091,6.3091,6.3091,6.3091,0
VBG,20190626,6.3091,6.3091,6.3091,6.3091,0
VBG,20190627,6.3091,6.3091,6.3091,6.3091,0
VBG,20190628,6.3091,6.3091,6.3091,6.3091,0
VBG,20190701,6.3091,6.3091,6.3091,6.3091,0
VBG,20190702,6.3091,6.3091,6.3091,6.3091,0
VBG,20190703,6.3091,6.3091,6.3091,6.3091,0
VBG,20190704,6.3091,6.3091,6.3091,6.3091,0
VBG,20190705,6.3091,6.3091,6.3091,6.3091,0
VBG,20190708,6.3091,6.3091,6.3091,6.3091,0
VBG,20190709,6.3091,6.3091,6.3091,6.3091,0
VBG,20190710,6.3091,6.3091,6.3091,6.3091,0
VBG,20190711,6.3091,6.3091,6.3091,6.3091,0
VBG,20190712,6.3091,6.3091,6.3091,6.3091,0
VBG,20190715,6.3091,6.3091,6.3091,6.3091,0
VBG,20190716,6.3091,6.3091,6.3091,6.3091,0
VBG,20190717,6.3091,6.3091,6.3091,6.3091,0
VBG,20190718,6.3091,6.3091,6.3091,6.3091,0
VBG,20190719,6.3091,6.3091,6.3091,6.3091,0
VBG,20190722,6.3091,6.3091,6.3091,6.3091,0
VBG,20190723,6.3091,6.3091,6.3091,6.3091,0
VBG,20190724,6.3091,6.3091,6.3091,6.3091,0
VBG,20190725,6.3091,6.3091,6.3091,6.3091,0
VBG,20190726,6.3091,6.3091,6.3091,6.3091,0
VBG,20190729,6.3091,6.3091,6.3091,6.3091,0
VBG,20190730,6.3091,6.3091,6.3091,6.3091,0
VBG,20190731,6.3091,6.3091,6.3091,6.3091,0
VBG,20190801,6.3091,6.3091,6.3091,6.3091,0
VBG,20190802,6.3091,6.3091,6.3091,6.3091,0
VBG,20190805,6.3091,6.3091,6.3091,6.3091,0
VBG,20190806,6.3091,6.3091,6.3091,6.3091,0
VBG,20190807,6.3091,6.3091,6.3091,6.3091,0
VBG,20190808,6.3091,6.3091,6.3091,6.3091,0
VBG,20190809,6.3091,6.3091,6.3091,6.3091,0
VBG,20190812,6.3091,6.3091,6.3091,6.3091,0
VBG,20190813,6.3091,6.3091,6.3091,6.3091,0
VBG,20190814,6.3091,6.3091,6.3091,6.3091,0
VBG,20190815,6.3091,6.3091,6.3091,6.3091,0
VBG,20190816,6.3091,6.3091,6.3091,6.3091,0
VBG,20190819,6.3091,6.3091,6.3091,6.3091,0
VBG,20190820,6.3091,6.3091,6.3091,6.3091,0
VBG,20190821,6.3091,6.3091,6.3091,6.3091,0
VBG,20190822,6.3091,6.3091,6.3091,6.3091,0
VBG,20190823,6.3091,6.3091,6.3091,6.3091,0
VBG,20190826,6.3091,6.3091,6.3091,6.3091,0
VBG,20190827,6.3091,6.3091,6.3091,6.3091,0
VBG,20190828,6.3091,6.3091,6.3091,6.3091,0
VBG,20190829,6.3091,6.3091,6.3091,6.3091,0
VBG,20190830,6.3091,6.3091,6.3091,6.3091,0
VBG,20190903,6.3091,6.3091,6.3091,6.3091,0
VBG,20190904,6.3091,6.3091,6.3091,6.3091,0
VBG,20190905,6.3091,6.3091,6.3091,6.3091,0
VBG,20190906,6.3091,6.3091,6.3091,6.3091,0
VBG,20190909,6.3091,6.3091,6.3091,6.3091,0
VBG,20190910,6.3091,6.3091,6.3091,6.3091,0
VBG,20190911,6.3091,6.3091,6.3091,6.3091,0
VBG,20190912,6.3091,6.3091,6.3091,6.3091,0
VBG,20190913,6.3091,6.3091,6.3091,6.3091,0
VBG,20190916,6.3091,6.3091,6.3091,6.3091,0
VBG,20190917,6.3091,6.3091,6.3091,6.3091,0
VBG,20190918,6.3091,6.3091,6.3091,6.3091,0
VBG,20190919,6.3091,6.3091,6.3091,6.3091,0
VBG,20190920,6.3091,6.3091,6.3091,6.3091,0
VBG,20190923,6.3091,6.3091,6.3091,6.3091,0
VBG,20190924,6.3091,6.3091,6.3091,6.3091,0
VBG,20190925,6.3091,6.3091,6.3091,6.3091,0
VBG,20190926,6.3091,6.3091,6.3091,6.3091,0
VBG,20190927,6.3091,6.3091,6.3091,6.3091,0
VBG,20190930,6.3091,6.3091,6.3091,6.3091,0
VBG,20191001,6.3091,6.3091,6.3091,6.3091,0
VBG,20191002,6.3091,6.3091,6.3091,6.3091,0
VBG,20191003,6.3091,6.3091,6.3091,6.3091,0
VBG,20191004,6.3091,6.3091,6.3091,6.3091,0
VBG,20191007,6.3091,6.3091,6.3091,6.3091,0
VBG,20191008,6.3091,6.3091,6.3091,6.3091,0
VBG,20191009,6.3091,6.3091,6.3091,6.3091,0
VBG,20191010,6.3091,6.3091,6.3091,6.3091,0
VBG,20191011,6.3091,6.3091,6.3091,6.3091,0
VBG,20191014,6.3091,6.3091,6.3091,6.3091,0
VBG,20191015,6.3091,6.3091,6.3091,6.3091,0
VBG,20191016,6.3091,6.3091,6.3091,6.3091,0
VBG,20191017,6.3091,6.3091,6.3091,6.3091,0
VBG,20191018,6.3091,6.3091,6.3091,6.3091,0
VBG,20191021,6.3091,6.3091,6.3091,6.3091,0
VBG,20191022,6.3091,6.3091,6.3091,6.3091,0
VBG,20191023,6.3091,6.3091,6.3091,6.3091,0
VBG,20191024,6.3091,6.3091,6.3091,6.3091,0
VBG,20191025,6.3091,6.3091,6.3091,6.3091,0
VBG,20191028,6.3091,6.3091,6.3091,6.3091,0
VBG,20191029,6.3091,6.3091,6.3091,6.3091,0
VBG,20191030,6.3091,6.3091,6.3091,6.3091,0
VBG,20191031,6.3091,6.3091,6.3091,6.3091,0
VBG,20191101,6.3091,6.3091,6.3091,6.3091,0
VBG,20191104,6.3091,6.3091,6.3091,6.3091,0
VBG,20191105,6.3091,6.3091,6.3091,6.3091,0
VBG,20191106,6.3091,6.3091,6.3091,6.3091,0
VBG,20191107,6.3091,6.3091,6.3091,6.3091,0
VBG,20191108,6.3091,6.3091,6.3091,6.3091,0
VBG,20191111,6.3091,6.3091,6.3091,6.3091,0
VBG,20191112,6.3091,6.3091,6.3091,6.3091,0
VBG,20191113,6.3091,6.3091,6.3091,6.3091,0
VBG,20191114,6.3091,6.3091,6.3091,6.3091,0
VBG,20191115,6.3091,6.3091,6.3091,6.3091,0
VBG,20191118,6.3091,6.3091,6.3091,6.3091,0
VBG,20191119,6.3091,6.3091,6.3091,6.3091,0
VBG,20191120,6.3091,6.3091,6.3091,6.3091,0
VBG,20191121,6.3091,6.3091,6.3091,6.3091,0
VBG,20191122,6.3091,6.3091,6.3091,6.3091,0
VBG,20191125,6.3091,6.3091,6.3091,6.3091,0
VBG,20191126,6.3091,6.3091,6.3091,6.3091,0
VBG,20191127,6.3091,6.3091,6.3091,6.3091,0
VBG,20191128,6.3091,6.3091,6.3091,6.3091,0
VBG,20191129,6.3091,6.3091,6.3091,6.3091,0
VBG,20191202,6.3091,6.3091,6.3091,6.3091,0
VBG,20191203,6.3091,6.3091,6.3091,6.3091,0
VBG,20191204,6.3091,6.3091,6.3091,6.3091,0
VBG,20191205,6.3091,6.3091,6.3091,6.3091,0
VBG,20191206,6.3091,6.3091,6.3091,6.3091,0
VBG,20191209,6.3091,6.3091,6.3091,6.3091,0
VBG,20191210,6.3091,6.3091,6.3091,6.3091,0
VBG,20191211,6.3091,6.3091,6.3091,6.3091,0
VBG,20191212,6.3091,6.3091,6.3091,6.3091,0
VBG,20191213,6.3091,6.3091,6.3091,6.3091,0
VBG,20191216,6.3091,6.3091,6.3091,6.3091,0
VBG,20191217,6.3091,6.3091,6.3091,6.3091,0
VBG,20191218,6.3091,6.3091,6.3091,6.3091,0
VBG,20191219,6.3091,6.3091,6.3091,6.3091,0
VBG,20191220,6.3091,6.3091,6.3091,6.3091,0
VBG,20191223,6.3091,6.3091,6.3091,6.3091,0
VBG,20191224,6.3091,6.3091,6.3091,6.3091,0
VBG,20191225,6.3091,6.3091,6.3091,6.3091,0
VBG,20191226,6.3091,6.3091,6.3091,6.3091,0
VBG,20191227,6.3091,6.3091,6.3091,6.3091,0
VBG,20191230,6.3091,6.3091,6.3091,6.3091,0
VBG,20191231,6.3091,6.3091,6.3091,6.3091,0
VBG,20200102,6.3091,6.3091,6.3091,6.3091,0
VBG,20200103,6.3091,6.3091,6.3091,6.3091,0
VBG,20200106,6.3091,6.3091,6.3091,6.3091,0
VBG,20200107,6.3091,6.3091,6.3091,6.3091,0
VBG,20200108,6.3091,6.3091,6.3091,6.3091,0
VBG,20200109,6.3091,6.3091,6.3091,6.3091,0
VBG,20200110,6.3091,6.3091,6.3091,6.3091,0
VBG,20200113,6.3091,6.3091,6.3091,6.3091,0
VBG,20200114,6.3091,6.3091,6.3091,6.3091,0
VBG,20200115,6.3091,6.3091,6.3091,6.3091,0
VBG,20200116,6.3091,6.3091,6.3091,6.3091,0
VBG,20200117,6.3091,6.3091,6.3091,6.3091,0
VBG,20200120,6.3091,6.3091,6.3091,6.3091,0
VBG,20200121,6.3091,6.3091,6.3091,6.3091,0
VBG,20200122,6.3091,6.3091,6.3091,6.3091,0
VBG,20200130,6.3091,6.3091,6.3091,6.3091,0
VBG,20200131,6.3091,6.3091,6.3091,6.3091,0
VBG,20200203,6.3091,6.3091,6.3091,6.3091,0
VBG,20200204,6.3091,6.3091,6.3091,6.3091,0
VBG,20200205,6.3091,6.3091,6.3091,6.3091,0
VBG,20200206,6.3091,6.3091,6.3091,6.3091,0
VBG,20200207,6.3091,6.3091,6.3091,6.3091,0
VBG,20200210,6.3091,6.3091,6.3091,6.3091,0
VBG,20200211,6.3091,6.3091,6.3091,6.3091,0
VBG,20200212,6.3091,6.3091,6.3091,6.3091,0
VBG,20200213,6.3091,6.3091,6.3091,6.3091,0
VBG,20200214,6.3091,6.3091,6.3091,6.3091,0
VBG,20200217,6.3091,6.3091,6.3091,6.3091,0
VBG,20200218,6.3091,6.3091,6.3091,6.3091,0
VBG,20200219,6.3091,6.3091,6.3091,6.3091,0
VBG,20200220,6.3091,6.3091,6.3091,6.3091,0
VBG,20200221,6.3091,6.3091,6.3091,6.3091,0
VBG,20200224,6.3091,6.3091,6.3091,6.3091,0
VBG,20200225,6.3091,6.3091,6.3091,6.3091,0
VBG,20200226,6.3091,6.3091,6.3091,6.3091,0
VBG,20200227,6.3091,6.3091,6.3091,6.3091,0
VBG,20200228,6.3091,6.3091,6.3091,6.3091,0
VBG,20200302,6.3091,6.3091,6.3091,6.3091,0
VBG,20200303,6.3091,6.3091,6.3091,6.3091,0
VBG,20200304,6.3091,6.3091,6.3091,6.3091,0
VBG,20200305,6.3091,6.3091,6.3091,6.3091,0
VBG,20200306,6.3091,6.3091,6.3091,6.3091,0
VBG,20200309,6.3091,6.3091,6.3091,6.3091,0
VBG,20200310,6.3091,6.3091,6.3091,6.3091,0
VBG,20200311,6.3091,6.3091,6.3091,6.3091,0
VBG,20200312,6.3091,6.3091,6.3091,6.3091,0
VBG,20200313,6.3091,6.3091,6.3091,6.3091,0
VBG,20200316,6.3091,6.3091,6.3091,6.3091,0
VBG,20200317,6.3091,6.3091,6.3091,6.3091,0
VBG,20200318,6.3091,6.3091,6.3091,6.3091,0
VBG,20200319,6.3091,6.3091,6.3091,6.3091,0
VBG,20200320,6.3091,6.3091,6.3091,6.3091,0
VBG,20200323,6.3091,6.3091,6.3091,6.3091,0
VBG,20200324,6.3091,6.3091,6.3091,6.3091,0
VBG,20200325,6.3091,6.3091,6.3091,6.3091,0
VBG,20200326,6.3091,6.3091,6.3091,6.3091,0
VBG,20200327,6.3091,6.3091,6.3091,6.3091,0
VBG,20200330,6.3091,6.3091,6.3091,6.3091,0
VBG,20200331,6.3091,6.3091,6.3091,6.3091,0
VBG,20200401,6.3091,6.3091,6.3091,6.3091,0
VBG,20200403,6.3091,6.3091,6.3091,6.3091,0
VBG,20200406,6.3091,6.3091,6.3091,6.3091,0
VBG,20200407,6.3091,6.3091,6.3091,6.3091,0
VBG,20200408,6.3091,6.3091,6.3091,6.3091,0
VBG,20200409,6.3091,6.3091,6.3091,6.3091,0
VBG,20200410,6.3091,6.3091,6.3091,6.3091,0
VBG,20200413,6.3091,6.3091,6.3091,6.3091,0
VBG,20200414,6.3091,6.3091,6.3091,6.3091,0
VBG,20200415,6.3091,6.3091,6.3091,6.3091,0
VBG,20200416,6.3091,6.3091,6.3091,6.3091,0
VBG,20200417,6.3091,6.3091,6.3091,6.3091,0
VBG,20200420,6.3091,6.3091,6.3091,6.3091,0
VBG,20200421,6.3091,6.3091,6.3091,6.3091,0
VBG,20200422,6.3091,6.3091,6.3091,6.3091,0
VBG,20200423,6.3091,6.3091,6.3091,6.3091,0
VBG,20200424,6.3091,6.3091,6.3091,6.3091,0
VBG,20200427,6.3091,6.3091,6.3091,6.3091,0
VBG,20200428,6.3091,6.3091,6.3091,6.3091,0
VBG,20200429,6.3091,6.3091,6.3091,6.3091,0
VBG,20200504,6.3091,6.3091,6.3091,6.3091,0
VBG,20200505,6.3091,6.3091,6.3091,6.3091,0
VBG,20200506,6.3091,6.3091,6.3091,6.3091,0
VBG,20200507,6.3091,6.3091,6.3091,6.3091,0
VBG,20200508,6.3091,6.3091,6.3091,6.3091,0
VBG,20200511,6.3091,6.3091,6.3091,6.3091,0
VBG,20200512,6.3091,6.3091,6.3091,6.3091,0
VBG,20200513,6.3091,6.3091,6.3091,6.3091,0
VBG,20200514,6.3091,6.3091,6.3091,6.3091,0
VBG,20200515,6.3091,6.3091,6.3091,6.3091,0
VBG,20200518,6.3091,6.3091,6.3091,6.3091,0
VBG,20200519,6.3091,6.3091,6.3091,6.3091,0
VBG,20200520,6.3091,6.3091,6.3091,6.3091,0
VBG,20200521,6.3091,6.3091,6.3091,6.3091,0
VBG,20200522,6.3091,6.3091,6.3091,6.3091,0
VBG,20200525,6.3091,6.3091,6.3091,6.3091,0
VBG,20200526,6.3091,6.3091,6.3091,6.3091,0
VBG,20200527,6.3091,6.3091,6.3091,6.3091,0
VBG,20200528,6.3091,6.3091,6.3091,6.3091,0
VBG,20200529,6.3091,6.3091,6.3091,6.3091,0
VBG,20200601,6.3091,6.3091,6.3091,6.3091,0
VBG,20200602,6.3091,6.3091,6.3091,6.3091,0
VBG,20200603,6.3091,6.3091,6.3091,6.3091,0
VBG,20200604,6.3091,6.3091,6.3091,6.3091,0
VBG,20200605,6.3091,6.3091,6.3091,6.3091,0
VBG,20200608,6.3091,6.3091,6.3091,6.3091,0
VBG,20200609,6.3091,6.3091,6.3091,6.3091,0
VBG,20200610,6.3091,6.3091,6.3091,6.3091,0
VBG,20200611,6.3091,6.3091,6.3091,6.3091,0
VBG,20200612,6.3091,6.3091,6.3091,6.3091,0
VBG,20200615,6.3091,6.3091,6.3091,6.3091,0
VBG,20200616,6.3091,6.3091,6.3091,6.3091,0
VBG,20200617,6.3091,6.3091,6.3091,6.3091,0
VBG,20200618,6.3091,6.3091,6.3091,6.3091,0
VBG,20200619,6.3091,6.3091,6.3091,6.3091,0
VBG,20200622,6.3091,6.3091,6.3091,6.3091,0
VBG,20200623,6.3091,6.3091,6.3091,6.3091,0
VBG,20200624,6.3091,6.3091,6.3091,6.3091,0
VBG,20200625,6.3091,6.3091,6.3091,6.3091,0
VBG,20200626,6.3091,6.3091,6.3091,6.3091,0
VBG,20200629,6.3091,6.3091,6.3091,6.3091,0
VBG,20200630,6.3091,6.3091,6.3091,6.3091,0
VBG,20200701,6.3091,6.3091,6.3091,6.3091,0
VBG,20200702,6.3091,6.3091,6.3091,6.3091,0
VBG,20200703,6.3091,6.3091,6.3091,6.3091,0
VBG,20200706,6.3091,6.3091,6.3091,6.3091,0
VBG,20200707,6.3091,6.3091,6.3091,6.3091,0
VBG,20200708,8.4750,8.4750,8.4750,8.4750,8300
VBG,20200709,8.4750,8.4750,8.4750,8.4750,0
VBG,20200710,8.4750,8.4750,8.4750,8.4750,0
VBG,20200713,8.4750,8.4750,8.4750,8.4750,0
VBG,20200714,8.4750,8.4750,8.4750,8.4750,0
VBG,20200715,8.4750,8.4750,8.4750,8.4750,0
VBG,20200716,8.4750,8.4750,8.4750,8.4750,0
VBG,20200717,8.4750,8.4750,8.4750,8.4750,0
VBG,20200720,8.4750,8.4750,8.4750,8.4750,0
VBG,20200721,8.4750,8.4750,8.4750,8.4750,0
VBG,20200722,8.4750,8.4750,8.4750,8.4750,0
VBG,20200723,8.4750,8.4750,8.4750,8.4750,0
VBG,20200724,8.4750,8.4750,8.4750,8.4750,0
VBG,20200727,8.4750,8.4750,8.4750,8.4750,0
VBG,20200728,8.4750,8.4750,8.4750,8.4750,0
VBG,20200729,8.4750,8.4750,8.4750,8.4750,0
VBG,20200730,8.4750,8.4750,8.4750,8.4750,0
VBG,20200731,8.4750,8.4750,8.4750,8.4750,0
VBG,20200803,8.4750,8.4750,8.4750,8.4750,0
VBG,20200804,8.4750,8.4750,8.4750,8.4750,0
VBG,20200805,8.4750,8.4750,8.4750,8.4750,0
VBG,20200806,8.4750,8.4750,8.4750,8.4750,0
VBG,20200807,8.4750,8.4750,8.4750,8.4750,0
VBG,20200810,8.4750,8.4750,8.4750,8.4750,0
VBG,20200811,8.4750,8.4750,8.4750,8.4750,0
VBG,20200812,8.4750,8.4750,8.4750,8.4750,0
VBG,20200813,8.4750,8.4750,8.4750,8.4750,0
VBG,20200814,8.4750,8.4750,8.4750,8.4750,0
VBG,20200817,8.4750,8.4750,8.4750,8.4750,0
VBG,20200818,8.4750,8.4750,8.4750,8.4750,0
VBG,20200819,8.4750,8.4750,8.4750,8.4750,0
VBG,20200820,8.4750,8.4750,8.4750,8.4750,0
VBG,20200821,8.4750,8.4750,8.4750,8.4750,0
VBG,20200824,8.4750,8.4750,8.4750,8.4750,0
VBG,20200825,8.4750,8.4750,8.4750,8.4750,0
VBG,20200826,8.4750,8.4750,8.4750,8.4750,0
VBG,20200827,8.4750,8.4750,8.4750,8.4750,0
VBG,20200828,8.4750,8.4750,8.4750,8.4750,0
VBG,20200831,8.4750,8.4750,8.4750,8.4750,0
VBG,20200901,8.4750,8.4750,8.4750,8.4750,0
VBG,20200903,8.4750,8.4750,8.4750,8.4750,0
VBG,20200904,8.4750,8.4750,8.4750,8.4750,0
VBG,20200907,8.4750,8.4750,8.4750,8.4750,0
VBG,20200908,8.4750,8.4750,8.4750,8.4750,0
VBG,20200909,8.4750,8.4750,8.4750,8.4750,0
VBG,20200910,8.4750,8.4750,8.4750,8.4750,0
VBG,20200911,8.4750,8.4750,8.4750,8.4750,0
VBG,20200914,8.4750,8.4750,8.4750,8.4750,0
VBG,20200915,8.4750,8.4750,8.4750,8.4750,0
VBG,20200916,8.4750,8.4750,8.4750,8.4750,0
VBG,20200917,8.4750,8.4750,8.4750,8.4750,0
VBG,20200918,8.4750,8.4750,8.4750,8.4750,0
VBG,20200921,8.4750,8.4750,8.4750,8.4750,0
VBG,20200922,8.4750,8.4750,8.4750,8.4750,0
VBG,20200923,8.4750,8.4750,8.4750,8.4750,0
VBG,20200924,8.4750,8.4750,8.4750,8.4750,0
VBG,20200925,8.4750,8.4750,8.4750,8.4750,0
VBG,20200928,8.4750,8.4750,8.4750,8.4750,0
VBG,20200929,8.4750,8.4750,8.4750,8.4750,0
VBG,20200930,8.4750,8.4750,8.4750,8.4750,0
VBG,20201001,8.4750,8.4750,8.4750,8.4750,0
VBG,20201002,8.4750,8.4750,8.4750,8.4750,0
VBG,20201005,8.4750,8.4750,8.4750,8.4750,0
VBG,20201006,8.4750,8.4750,8.4750,8.4750,0
VBG,20201007,8.4750,8.4750,8.4750,8.4750,0
VBG,20201008,8.4750,8.4750,8.4750,8.4750,0
VBG,20201009,8.4750,8.4750,8.4750,8.4750,0
VBG,20201012,8.4750,8.4750,8.4750,8.4750,0
VBG,20201013,8.4750,8.4750,8.4750,8.4750,0
VBG,20201014,8.4750,8.4750,8.4750,8.4750,0
VBG,20201015,8.4750,8.4750,8.4750,8.4750,0
VBG,20201016,8.4750,8.4750,8.4750,8.4750,0
VBG,20201019,8.4750,8.4750,8.4750,8.4750,0
VBG,20201020,8.4750,8.4750,8.4750,8.4750,0
VBG,20201021,8.4750,8.4750,8.4750,8.4750,0
VBG,20201022,8.4750,8.4750,8.4750,8.4750,0
VBG,20201023,8.4750,8.4750,8.4750,8.4750,0
VBG,20201026,8.4750,8.4750,8.4750,8.4750,0
VBG,20201027,8.4750,8.4750,8.4750,8.4750,0
VBG,20201028,8.4750,8.4750,8.4750,8.4750,0
VBG,20201029,8.4750,8.4750,8.4750,8.4750,0
VBG,20201030,8.4750,8.4750,8.4750,8.4750,0
VBG,20201102,8.4750,8.4750,8.4750,8.4750,0
VBG,20201103,8.4750,8.4750,8.4750,8.4750,0
VBG,20201104,8.4750,8.4750,8.4750,8.4750,0
VBG,20201105,8.4750,8.4750,8.4750,8.4750,0
VBG,20201106,8.4750,8.4750,8.4750,8.4750,0
VBG,20201109,8.4750,8.4750,8.4750,8.4750,0
VBG,20201110,8.4750,8.4750,8.4750,8.4750,0
VBG,20201111,8.4750,8.4750,8.4750,8.4750,0
VBG,20201112,8.4750,8.4750,8.4750,8.4750,0
VBG,20201113,8.4750,8.4750,8.4750,8.4750,0
VBG,20201116,8.4750,8.4750,8.4750,8.4750,0
VBG,20201117,8.4750,8.4750,8.4750,8.4750,0
VBG,20201118,8.4750,8.4750,8.4750,8.4750,0
VBG,20201119,8.4750,8.4750,8.4750,8.4750,0
VBG,20201120,8.4750,8.4750,8.4750,8.4750,0
VBG,20201123,8.4750,8.4750,8.4750,8.4750,0
VBG,20201124,8.4750,8.4750,8.4750,8.4750,0
VBG,20201125,8.4750,8.4750,8.4750,8.4750,0
VBG,20201126,8.4750,8.4750,8.4750,8.4750,0
VBG,20201127,8.4750,8.4750,8.4750,8.4750,0
VBG,20201130,8.4750,8.4750,8.4750,8.4750,0
VBG,20201201,8.4750,8.4750,8.4750,8.4750,0
VBG,20201202,8.4750,8.4750,8.4750,8.4750,0
VBG,20201203,8.4750,8.4750,8.4750,8.4750,0
VBG,20201204,8.4750,8.4750,8.4750,8.4750,0
VBG,20201207,8.4750,8.4750,8.4750,8.4750,0
VBG,20201208,8.4750,8.4750,8.4750,8.4750,0
VBG,20201209,8.4750,8.4750,8.4750,8.4750,0
VBG,20201210,8.4750,8.4750,8.4750,8.4750,0
VBG,20201211,8.4750,8.4750,8.4750,8.4750,0
VBG,20201214,8.4750,8.4750,8.4750,8.4750,0
VBG,20201215,8.4750,8.4750,8.4750,8.4750,0
VBG,20201216,8.4750,8.4750,8.4750,8.4750,0
VBG,20201217,8.4750,8.4750,8.4750,8.4750,0
VBG,20201218,8.4750,8.4750,8.4750,8.4750,0
VBG,20201221,8.4750,8.4750,8.4750,8.4750,0
VBG,20201222,8.4750,8.4750,8.4750,8.4750,0
VBG,20201223,8.4750,8.4750,8.4750,8.4750,0
VBG,20201224,8.4750,8.4750,8.4750,8.4750,0
VBG,20201225,8.4750,8.4750,8.4750,8.4750,0
VBG,20201228,8.4750,8.4750,8.4750,8.4750,0
VBG,20201229,8.4750,8.4750,8.4750,8.4750,0
VBG,20201230,8.4750,8.4750,8.4750,8.4750,0
VBG,20201231,8.4750,8.4750,8.4750,8.4750,0
VBG,20210104,8.4750,8.4750,8.4750,8.4750,0
VBG,20210105,8.4750,8.4750,8.4750,8.4750,0
VBG,20210106,8.4750,8.4750,8.4750,8.4750,0
VBG,20210107,8.4750,8.4750,8.4750,8.4750,0
VBG,20210108,8.4750,8.4750,8.4750,8.4750,0
VBG,20210111,8.4750,8.4750,8.4750,8.4750,0
VBG,20210112,8.4750,8.4750,8.4750,8.4750,0
VBG,20210113,8.4750,8.4750,8.4750,8.4750,0
VBG,20210114,8.4750,8.4750,8.4750,8.4750,0
VBG,20210115,8.4750,8.4750,8.4750,8.4750,0
VBG,20210118,8.4750,8.4750,8.4750,8.4750,0
VBG,20210119,8.4750,8.4750,8.4750,8.4750,0
VBG,20210120,8.4750,8.4750,8.4750,8.4750,0
VBG,20210121,8.4750,8.4750,8.4750,8.4750,0
VBG,20210122,8.4750,8.4750,8.4750,8.4750,0
VBG,20210125,8.4750,8.4750,8.4750,8.4750,0
VBG,20210126,8.4750,8.4750,8.4750,8.4750,0
VBG,20210127,8.4750,8.4750,8.4750,8.4750,0
VBG,20210128,8.4750,8.4750,8.4750,8.4750,0
VBG,20210129,8.4750,8.4750,8.4750,8.4750,0
VBG,20210201,8.4750,8.4750,8.4750,8.4750,0
VBG,20210202,8.4750,8.4750,8.4750,8.4750,0
VBG,20210203,8.4750,8.4750,8.4750,8.4750,0
VBG,20210204,8.4750,8.4750,8.4750,8.4750,0
VBG,20210205,8.4750,8.4750,8.4750,8.4750,0
VBG,20210208,8.4750,8.4750,8.4750,8.4750,0
VBG,20210209,8.4750,8.4750,8.4750,8.4750,0
VBG,20210217,8.4750,8.4750,8.4750,8.4750,0
VBG,20210218,8.4750,8.4750,8.4750,8.4750,0
VBG,20210219,8.4750,8.4750,8.4750,8.4750,0
VBG,20210222,8.4750,8.4750,8.4750,8.4750,0
VBG,20210223,8.4750,8.4750,8.4750,8.4750,0
VBG,20210224,8.4750,8.4750,8.4750,8.4750,0
VBG,20210225,8.4750,8.4750,8.4750,8.4750,0
VBG,20210226,8.4750,8.4750,8.4750,8.4750,0
VBG,20210301,8.4750,8.4750,8.4750,8.4750,0
VBG,20210302,8.4750,8.4750,8.4750,8.4750,0
VBG,20210303,8.4750,8.4750,8.4750,8.4750,0
VBG,20210304,8.4750,8.4750,8.4750,8.4750,0
VBG,20210305,8.4750,8.4750,8.4750,8.4750,0
VBG,20210308,8.4750,8.4750,8.4750,8.4750,0
VBG,20210309,8.4750,8.4750,8.4750,8.4750,0
VBG,20210310,8.4750,8.4750,8.4750,8.4750,0
VBG,20210311,8.4750,8.4750,8.4750,8.4750,0
VBG,20210312,8.4750,8.4750,8.4750,8.4750,0
VBG,20210315,8.4750,8.4750,8.4750,8.4750,0
VBG,20210316,8.4750,8.4750,8.4750,8.4750,0
VBG,20210317,8.4750,8.4750,8.4750,8.4750,0
VBG,20210318,8.4750,8.4750,8.4750,8.4750,0
VBG,20210319,8.4750,8.4750,8.4750,8.4750,0
VBG,20210322,8.4750,8.4750,8.4750,8.4750,0
VBG,20210323,8.4750,8.4750,8.4750,8.4750,0
VBG,20210324,8.4750,8.4750,8.4750,8.4750,0
VBG,20210325,8.4750,8.4750,8.4750,8.4750,0
VBG,20210326,8.4750,8.4750,8.4750,8.4750,0
VBG,20210329,8.4750,8.4750,8.4750,8.4750,0
VBG,20210330,8.4750,8.4750,8.4750,8.4750,0
VBG,20210331,8.4750,8.4750,8.4750,8.4750,0
VBG,20210401,8.4750,8.4750,8.4750,8.4750,0
VBG,20210402,8.4750,8.4750,8.4750,8.4750,0
VBG,20210405,8.4750,8.4750,8.4750,8.4750,0
VBG,20210406,8.4750,8.4750,8.4750,8.4750,0
VBG,20210407,8.4750,8.4750,8.4750,8.4750,0
VBG,20210408,8.4750,8.4750,8.4750,8.4750,0
VBG,20210409,8.4750,8.4750,8.4750,8.4750,0
VBG,20210412,8.4750,8.4750,8.4750,8.4750,0
VBG,20210413,5.6500,5.6500,5.6500,5.6500,4500
VBG,20210414,5.6500,5.6500,5.6500,5.6500,0
VBG,20210415,5.6500,5.6500,5.6500,5.6500,0
VBG,20210416,5.6500,5.6500,5.6500,5.6500,0
VBG,20210419,5.6500,5.6500,5.6500,5.6500,0
VBG,20210420,5.6500,5.6500,5.6500,5.6500,0
VBG,20210422,5.6500,5.6500,5.6500,5.6500,0
VBG,20210423,5.6500,5.6500,5.6500,5.6500,0
VBG,20210426,5.6500,5.6500,5.6500,5.6500,0
VBG,20210427,5.6500,5.6500,5.6500,5.6500,0
VBG,20210428,5.6500,5.6500,5.6500,5.6500,0
VBG,20210429,5.6500,5.6500,5.6500,5.6500,0
VBG,20210504,5.6500,5.6500,5.6500,5.6500,0
VBG,20210505,5.6500,5.6500,5.6500,5.6500,0
VBG,20210506,5.6500,5.6500,5.6500,5.6500,0
VBG,20210507,5.6500,5.6500,5.6500,5.6500,0
VBG,20210510,5.6500,5.6500,5.6500,5.6500,0
VBG,20210511,5.6500,5.6500,5.6500,5.6500,0
VBG,20210512,5.6500,5.6500,5.6500,5.6500,0
VBG,20210513,5.6500,5.7000,5.6500,5.7000,0
VBG,20210514,5.7000,5.7000,5.7000,5.7000,0
VBG,20210517,5.7000,5.7000,5.7000,5.7000,0
VBG,20210518,5.7000,5.7000,5.7000,5.7000,0
VBG,20210519,5.7000,5.7000,5.7000,5.7000,0
VBG,20210520,5.7000,5.7000,5.7000,5.7000,0
VBG,20210521,5.7000,5.7000,5.7000,5.7000,0
VBG,20210524,5.7000,5.7000,5.7000,5.7000,0
VBG,20210525,5.7000,5.7000,5.7000,5.7000,0
VBG,20210526,5.7000,5.7000,5.7000,5.7000,0
VBG,20210527,5.7000,5.7000,5.7000,5.7000,0
VBG,20210528,5.7000,5.7000,5.7000,5.7000,0
VBG,20210531,5.7000,5.7000,5.7000,5.7000,0
VBG,20210601,5.7000,5.7000,5.7000,5.7000,0
VBG,20210602,5.7000,5.7000,5.7000,5.7000,0
VBG,20210603,5.7000,5.7000,5.7000,5.7000,0
VBG,20210604,5.7000,5.7000,5.7000,5.7000,0
VBG,20210607,5.7000,5.7000,5.7000,5.7000,0
VBG,20210608,5.7000,5.7000,5.7000,5.7000,0
VBG,20210609,5.7000,5.7000,5.7000,5.7000,0
VBG,20210610,5.7000,5.7000,5.7000,5.7000,0
VBG,20210611,5.7000,5.7000,5.7000,5.7000,0
VBG,20210614,5.7000,5.7000,5.7000,5.7000,0
VBG,20210615,5.7000,5.7000,5.7000,5.7000,0
VBG,20210616,5.7000,5.7000,5.7000,5.7000,0
VBG,20210617,5.7000,5.7000,5.7000,5.7000,0
VBG,20210618,5.7000,5.7000,5.7000,5.7000,0
VBG,20210621,5.7000,5.7000,5.7000,5.7000,0
VBG,20210622,5.7000,5.7000,5.7000,5.7000,0
VBG,20210623,5.7000,5.7000,5.7000,5.7000,0
VBG,20210624,5.7000,5.7000,5.7000,5.7000,0
VBG,20210625,5.7000,5.7000,5.7000,5.7000,0
VBG,20210628,5.7000,5.7000,5.7000,5.7000,0
VBG,20210629,5.7000,5.7000,5.7000,5.7000,0
VBG,20210630,5.7000,5.7000,5.7000,5.7000,0
VBG,20210701,5.7000,5.7000,5.7000,5.7000,0
VBG,20210702,5.7000,5.7000,5.7000,5.7000,0
VBG,20210705,5.7000,5.7000,5.7000,5.7000,0
VBG,20210706,5.7000,5.7000,5.7000,5.7000,0
VBG,20210707,5.7000,5.7000,5.7000,5.7000,0
VBG,20210708,5.7000,5.7000,5.7000,5.7000,0
VBG,20210709,5.7000,5.7000,5.7000,5.7000,0
VBG,20210712,5.7000,5.7000,5.7000,5.7000,0
VBG,20210713,5.7000,5.7000,5.7000,5.7000,0
VBG,20210714,5.7000,5.7000,5.7000,5.7000,0
VBG,20210715,5.7000,5.7000,5.7000,5.7000,0
VBG,20210716,5.7000,5.7000,5.7000,5.7000,0
VBG,20210719,5.7000,5.7000,5.7000,5.7000,0
VBG,20210720,5.7000,5.7000,5.7000,5.7000,0
VBG,20210721,5.7000,5.7000,5.7000,5.7000,0
VBG,20210722,5.7000,5.7000,5.7000,5.7000,0
VBG,20210723,5.7000,5.7000,5.7000,5.7000,0
VBG,20210726,5.7000,5.7000,5.7000,5.7000,0
VBG,20210727,5.7000,5.7000,5.7000,5.7000,0
VBG,20210728,5.7000,5.7000,5.7000,5.7000,0
VBG,20210729,5.7000,5.7000,5.7000,5.7000,0
VBG,20210730,5.7000,5.7000,5.7000,5.7000,0
VBG,20210802,5.7000,5.7000,5.7000,5.7000,0
VBG,20210803,5.7000,5.7000,5.7000,5.7000,0
VBG,20210804,5.7000,5.7000,5.7000,5.7000,0
VBG,20210805,5.7000,5.7000,5.7000,5.7000,0
VBG,20210806,5.7000,5.7000,5.7000,5.7000,0
VBG,20210809,5.7000,5.7000,5.7000,5.7000,0
VBG,20210810,5.7000,5.7000,5.7000,5.7000,0
VBG,20210811,5.7000,5.7000,5.7000,5.7000,0
VBG,20210812,5.7000,5.7000,5.7000,5.7000,0
VBG,20210813,5.7000,5.7000,5.7000,5.7000,0
VBG,20210816,5.7000,5.7000,5.7000,5.7000,0
VBG,20210817,5.7000,5.7000,5.7000,5.7000,0
VBG,20210818,5.7000,5.7000,5.7000,5.7000,0
VBG,20210819,5.7000,5.7000,5.7000,5.7000,0
VBG,20210820,5.7000,5.7000,5.7000,5.7000,0
VBG,20210823,5.7000,5.7000,5.7000,5.7000,0
VBG,20210824,5.7000,5.7000,5.7000,5.7000,0
VBG,20210825,5.7000,5.7000,5.7000,5.7000,0
VBG,20210826,5.7000,5.7000,5.7000,5.7000,0
VBG,20210827,5.7000,5.7000,5.7000,5.7000,0
VBG,20210830,5.7000,5.7000,5.7000,5.7000,0
VBG,20210831,5.7000,5.7000,5.7000,5.7000,0
VBG,20210901,5.7000,5.7000,5.7000,5.7000,0
VBG,20210906,5.7000,5.7000,5.7000,5.7000,0
VBG,20210907,5.7000,5.7000,5.7000,5.7000,0
VBG,20210908,5.7000,5.7000,5.7000,5.7000,0
VBG,20210909,5.7000,5.7000,5.7000,5.7000,0
VBG,20210910,5.7000,5.7000,5.7000,5.7000,0
VBG,20210913,5.7000,5.7000,5.7000,5.7000,0
VBG,20210914,5.7000,5.7000,5.7000,5.7000,0
VBG,20210915,5.7000,5.7000,5.7000,5.7000,0
VBG,20210916,5.7000,5.7000,5.7000,5.7000,0
VBG,20210917,5.7000,5.7000,5.7000,5.7000,0
VBG,20210920,5.7000,5.7000,5.7000,5.7000,0
VBG,20210921,5.7000,5.7000,5.7000,5.7000,0
VBG,20210922,5.7000,5.7000,5.7000,5.7000,0
VBG,20210923,5.7000,5.7000,5.7000,5.7000,0
VBG,20210924,5.7000,5.7000,5.7000,5.7000,0
VBG,20210927,5.7000,5.7000,5.7000,5.7000,0
VBG,20210928,5.7000,5.7000,5.7000,5.7000,0
VBG,20210929,5.7000,5.7000,5.7000,5.7000,0
VBG,20210930,5.7000,5.7000,5.7000,5.7000,0
VBG,20211001,5.7000,5.7000,5.7000,5.7000,0
VBG,20211004,5.7000,5.7000,5.7000,5.7000,0
VBG,20211005,5.7000,5.7000,5.7000,5.7000,0
VBG,20211006,5.7000,5.7000,5.7000,5.7000,0
VBG,20211007,5.7000,5.7000,5.7000,5.7000,0
VBG,20211008,5.7000,5.7000,5.7000,5.7000,0
VBG,20211011,5.7000,5.7000,5.7000,5.7000,0
VBG,20211012,5.7000,5.7000,5.7000,5.7000,0
VBG,20211013,5.7000,5.7000,5.7000,5.7000,0
VBG,20211014,5.7000,5.7000,5.7000,5.7000,0
VBG,20211015,5.7000,5.7000,5.7000,5.7000,0
VBG,20211018,5.7000,5.7000,5.7000,5.7000,0
VBG,20211019,5.7000,5.7000,5.7000,5.7000,0
VBG,20211020,5.7000,5.7000,5.7000,5.7000,0
VBG,20211021,5.7000,5.7000,5.7000,5.7000,0
VBG,20211022,5.7000,5.7000,5.7000,5.7000,0
VBG,20211025,5.7000,5.7000,5.7000,5.7000,0
VBG,20211026,5.7000,5.7000,5.7000,5.7000,0
VBG,20211027,5.7000,5.7000,5.7000,5.7000,0
VBG,20211028,5.7000,5.7000,5.7000,5.7000,0
VBG,20211029,5.7000,5.7000,5.7000,5.7000,0
VBG,20211101,5.7000,5.7000,5.7000,5.7000,0
VBG,20211102,5.7000,5.7000,5.7000,5.7000,0
VBG,20211103,5.7000,5.7000,5.7000,5.7000,0
VBG,20211104,5.7000,5.7000,5.7000,5.7000,0
VBG,20211105,5.7000,5.7000,5.7000,5.7000,0
VBG,20211108,5.7000,5.7000,5.7000,5.7000,0
VBG,20211109,5.7000,5.7000,5.7000,5.7000,0
VBG,20211110,5.7000,5.7000,5.7000,5.7000,0
VBG,20211111,5.7000,5.7000,5.7000,5.7000,0
VBG,20211112,5.7000,5.7000,5.7000,5.7000,0
VBG,20211115,5.7000,5.7000,5.7000,5.7000,0
VBG,20211116,5.7000,5.7000,5.7000,5.7000,0
VBG,20211117,5.7000,5.7000,5.7000,5.7000,0
VBG,20211118,5.7000,5.7000,5.7000,5.7000,0
VBG,20211119,5.7000,5.7000,5.7000,5.7000,0
VBG,20211122,5.7000,5.7000,5.7000,5.7000,0
VBG,20211123,5.7000,5.7000,5.7000,5.7000,0
VBG,20211124,5.7000,5.7000,5.7000,5.7000,0
VBG,20211125,5.7000,5.7000,5.7000,5.7000,0
VBG,20211126,5.7000,5.7000,5.7000,5.7000,0
VBG,20211129,5.7000,5.7000,5.7000,5.7000,0
VBG,20211130,5.7000,5.7000,5.7000,5.7000,0
VBG,20211201,5.7000,5.7000,5.7000,5.7000,0
VBG,20211202,5.7000,5.7000,5.7000,5.7000,0
VBG,20211203,5.7000,5.7000,5.7000,5.7000,0
VBG,20211206,5.7000,5.7000,5.7000,5.7000,0
VBG,20211207,5.7000,5.7000,5.7000,5.7000,0
VBG,20211208,5.7000,5.7000,5.7000,5.7000,0
VBG,20211209,5.7000,5.7000,5.7000,5.7000,0
VBG,20211210,5.7000,5.7000,5.7000,5.7000,0
VBG,20211213,5.7000,5.7000,5.7000,5.7000,0
VBG,20211214,5.7000,5.7000,5.7000,5.7000,0
VBG,20211215,5.7000,5.7000,5.7000,5.7000,0
VBG,20211216,5.7000,5.7000,5.7000,5.7000,0
VBG,20211217,5.7000,5.7000,5.7000,5.7000,0
VBG,20211220,5.7000,5.7000,5.7000,5.7000,0
VBG,20211221,5.7000,5.7000,5.7000,5.7000,0
VBG,20211222,5.7000,5.7000,5.7000,5.7000,0
VBG,20211223,5.7000,5.7000,5.7000,5.7000,0
VBG,20211224,5.7000,5.7000,5.7000,5.7000,0
VBG,20211227,5.7000,5.7000,5.7000,5.7000,0
VBG,20211228,5.7000,5.7000,5.7000,5.7000,0
VBG,20211229,5.7000,5.7000,5.7000,5.7000,0
VBG,20211230,5.7000,5.7000,5.7000,5.7000,0
VBG,20211231,5.7000,5.7000,5.7000,5.7000,0
VBG,20220104,5.7000,5.7000,5.7000,5.7000,0
VBG,20220105,5.7000,5.7000,5.7000,5.7000,0
VBG,20220106,5.7000,5.7000,5.7000,5.7000,0
VBG,20220107,5.7000,5.7000,5.7000,5.7000,0
VBG,20220110,5.7000,5.7000,5.7000,5.7000,0
VBG,20220111,5.7000,5.7000,5.7000,5.7000,0
VBG,20220112,5.7000,5.7000,5.7000,5.7000,0
VBG,20220113,5.7000,5.7000,5.7000,5.7000,0
VBG,20220114,5.7000,5.7000,5.7000,5.7000,0
VBG,20220117,5.7000,5.7000,5.7000,5.7000,0
VBG,20220118,5.7000,5.7000,5.7000,5.7000,0
VBG,20220119,5.7000,5.7000,5.7000,5.7000,0
VBG,20220120,5.7000,5.7000,5.7000,5.7000,0
VBG,20220121,5.7000,5.7000,5.7000,5.7000,0
VBG,20220124,5.7000,5.7000,5.7000,5.7000,0
VBG,20220125,5.7000,5.7000,5.7000,5.7000,0
VBG,20220126,5.7000,5.7000,5.7000,5.7000,0
VBG,20220127,5.7000,5.7000,5.7000,5.7000,0
VBG,20220128,5.7000,5.7000,5.7000,5.7000,0
VBG,20220207,5.7000,5.7000,5.7000,5.7000,0
VBG,20220208,5.7000,5.7000,5.7000,5.7000,0
VBG,20220209,5.7000,5.7000,5.7000,5.7000,0
VBG,20220210,5.7000,5.7000,5.7000,5.7000,0
VBG,20220211,5.7000,5.7000,5.7000,5.7000,0
VBG,20220214,5.7000,5.7000,5.7000,5.7000,0
VBG,20220215,5.7000,5.7000,5.7000,5.7000,0
VBG,20220216,5.7000,5.7000,5.7000,5.7000,0
VBG,20220217,5.7000,5.7000,5.7000,5.7000,0
VBG,20220218,5.7000,5.7000,5.7000,5.7000,0
VBG,20220221,5.7000,5.7000,5.7000,5.7000,0
VBG,20220222,5.7000,5.7000,5.7000,5.7000,0
VBG,20220223,5.7000,5.7000,5.7000,5.7000,0
VBG,20220224,5.7000,5.7000,5.7000,5.7000,0
VBG,20220225,5.7000,5.7000,5.7000,5.7000,0
VBG,20220228,5.7000,5.7000,5.7000,5.7000,0
VBG,20220301,5.7000,5.7000,5.7000,5.7000,0
VBG,20220302,5.7000,5.7000,5.7000,5.7000,0
VBG,20220303,5.7000,5.7000,5.7000,5.7000,0
VBG,20220304,5.7000,5.7000,5.7000,5.7000,0
VBG,20220307,5.7000,5.7000,5.7000,5.7000,0
VBG,20220308,5.7000,5.7000,5.7000,5.7000,0
VBG,20220309,5.7000,5.7000,5.7000,5.7000,0
VBG,20220310,5.7000,5.7000,5.7000,5.7000,0
VBG,20220311,5.7000,5.7000,5.7000,5.7000,0
VBG,20220314,5.7000,5.7000,5.7000,5.7000,0
VBG,20220315,5.7000,5.7000,5.7000,5.7000,0
VBG,20220316,5.7000,5.7000,5.7000,5.7000,0
VBG,20220317,5.7000,5.7000,5.7000,5.7000,0
VBG,20220318,5.7000,5.7000,5.7000,5.7000,0
VBG,20220321,5.7000,5.7000,5.7000,5.7000,0
VBG,20220322,5.7000,5.7000,5.7000,5.7000,0
VBG,20220323,5.7000,5.7000,5.7000,5.7000,0
VBG,20220324,5.7000,5.7000,5.7000,5.7000,0
VBG,20220325,5.7000,5.7000,5.7000,5.7000,0
VBG,20220328,5.7000,5.7000,5.7000,5.7000,0
VBG,20220329,5.7000,5.7000,5.7000,5.7000,0
VBG,20220330,5.7000,5.7000,5.7000,5.7000,0
VBG,20220331,5.7000,5.7000,5.7000,5.7000,0
VBG,20220401,5.7000,5.7000,5.7000,5.7000,0
VBG,20220404,5.7000,5.7000,5.7000,5.7000,0
VBG,20220405,5.7000,5.7000,5.7000,5.7000,0
VBG,20220406,5.7000,5.7000,5.7000,5.7000,0
VBG,20220407,5.7000,5.7000,5.7000,5.7000,0
VBG,20220408,5.7000,5.7000,5.7000,5.7000,0
VBG,20220412,5.7000,5.7000,5.7000,5.7000,0
VBG,20220413,5.7000,5.7000,5.7000,5.7000,0
VBG,20220414,5.7000,5.7000,5.7000,5.7000,0
VBG,20220415,5.7000,5.7000,5.7000,5.7000,0
VBG,20220418,5.7000,5.7000,5.7000,5.7000,0
VBG,20220419,5.7000,5.7000,5.7000,5.7000,0
VBG,20220420,5.7000,5.7000,5.7000,5.7000,0
VBG,20220421,5.7000,5.7000,5.7000,5.7000,0
VBG,20220422,5.7000,5.7000,5.7000,5.7000,0
VBG,20220425,5.7000,5.7000,5.7000,5.7000,0
VBG,20220426,5.7000,5.7000,5.7000,5.7000,0
VBG,20220427,5.7000,5.7000,5.7000,5.7000,0
VBG,20220428,5.7000,5.7000,5.7000,5.7000,0
VBG,20220429,5.7000,5.7000,5.7000,5.7000,0
VBG,20220504,5.7000,5.7000,5.7000,5.7000,0
VBG,20220505,5.7000,5.7000,5.7000,5.7000,0
VBG,20220506,5.7000,5.7000,5.7000,5.7000,0
VBG,20220509,5.7000,5.7000,5.7000,5.7000,0
VBG,20220510,5.7000,5.7000,5.7000,5.7000,0
VBG,20220511,5.7000,5.7000,5.7000,5.7000,0
VBG,20220512,5.7000,5.7000,5.7000,5.7000,0
VBG,20220513,5.7000,5.7000,5.7000,5.7000,0
VBG,20220516,5.7000,5.7000,5.7000,5.7000,0
VBG,20220517,5.7000,5.7000,5.7000,5.7000,0
VBG,20220518,5.7000,5.7000,5.7000,5.7000,0
VBG,20220519,5.7000,5.7000,5.7000,5.7000,0
VBG,20220520,5.7000,5.7000,5.7000,5.7000,0
VBG,20220523,5.7000,5.7000,5.7000,5.7000,0
VBG,20220524,5.7000,5.7000,5.7000,5.7000,0
VBG,20220525,5.7000,5.7000,5.7000,5.7000,0
VBG,20220526,5.7000,5.7000,5.7000,5.7000,0
VBG,20220527,5.7000,5.7000,5.7000,5.7000,0
VBG,20220530,5.7000,5.7000,5.7000,5.7000,0
VBG,20220531,5.7000,5.7000,5.7000,5.7000,0
VBG,20220601,5.7000,5.7000,5.7000,5.7000,0
VBG,20220602,5.7000,5.7000,5.7000,5.7000,0
VBG,20220603,5.7000,5.7000,5.7000,5.7000,0
VBG,20220606,5.7000,5.7000,5.7000,5.7000,0
VBG,20220607,5.7000,5.7000,5.7000,5.7000,0
VBG,20220608,5.7000,5.7000,5.7000,5.7000,0
VBG,20220609,5.7000,5.7000,5.7000,5.7000,0
VBG,20220610,5.7000,5.7000,5.7000,5.7000,0
VBG,20220613,5.7000,5.7000,5.7000,5.7000,0
VBG,20220614,5.7000,5.7000,5.7000,5.7000,0
VBG,20220615,5.7000,5.7000,5.7000,5.7000,0
VBG,20220616,5.7000,5.7000,5.7000,5.7000,0
VBG,20220617,5.7000,5.7000,5.7000,5.7000,0
VBG,20220620,5.7000,5.7000,5.7000,5.7000,0
VBG,20220621,5.7000,5.7000,5.7000,5.7000,0
VBG,20220622,5.7000,5.7000,5.7000,5.7000,0
VBG,20220623,5.7000,5.7000,5.7000,5.7000,0
VBG,20220624,5.7000,5.7000,5.7000,5.7000,0
VBG,20220627,5.7000,5.7000,5.7000,5.7000,0
VBG,20220628,5.7000,5.7000,5.7000,5.7000,0
VBG,20220629,5.7000,5.7000,5.7000,5.7000,0
VBG,20220630,5.7000,5.7000,5.7000,5.7000,0
VBG,20220701,5.7000,5.7000,5.7000,5.7000,0
VBG,20220704,5.7000,5.7000,5.7000,5.7000,0
VBG,20220705,5.7000,5.7000,5.7000,5.7000,0
VBG,20220706,5.7000,5.7000,5.7000,5.7000,0
VBG,20220707,5.7000,5.7000,5.7000,5.7000,0
VBG,20220708,5.7000,5.7000,5.7000,5.7000,0
VBG,20220711,5.7000,5.7000,5.7000,5.7000,0
VBG,20220712,5.7000,5.7000,5.7000,5.7000,0
VBG,20220713,5.7000,5.7000,5.7000,5.7000,0
VBG,20220714,5.7000,5.7000,5.7000,5.7000,0
VBG,20220715,5.7000,5.7000,5.7000,5.7000,0
VBG,20220718,5.7000,5.7000,5.7000,5.7000,0
VBG,20220719,5.7000,5.7000,5.7000,5.7000,0
VBG,20220720,5.7000,5.7000,5.7000,5.7000,0
VBG,20220721,5.7000,5.7000,5.7000,5.7000,0
VBG,20220722,5.7000,5.7000,5.7000,5.7000,0
VBG,20220725,5.7000,5.7000,5.7000,5.7000,0
VBG,20220726,5.7000,5.7000,5.7000,5.7000,0
VBG,20220727,5.7000,5.7000,5.7000,5.7000,0
VBG,20220728,5.7000,5.7000,5.7000,5.7000,0
VBG,20220729,5.7000,5.7000,5.7000,5.7000,0
VBG,20220801,5.7000,5.7000,5.7000,5.7000,0
VBG,20220802,5.7000,5.7000,5.7000,5.7000,0
VBG,20220803,5.7000,5.7000,5.7000,5.7000,0
VBG,20220804,5.7000,5.7000,5.7000,5.7000,0
VBG,20220805,5.7000,5.7000,5.7000,5.7000,0
VBG,20220808,5.7000,5.7000,5.7000,5.7000,0
VBG,20220809,5.7000,5.7000,5.7000,5.7000,0
VBG,20220810,5.7000,5.7000,5.7000,5.7000,0
VBG,20220811,5.7000,5.7000,5.7000,5.7000,0
VBG,20220812,5.7000,5.7000,5.7000,5.7000,0
VBG,20220815,5.7000,5.7000,5.7000,5.7000,0
VBG,20220816,5.7000,5.7000,5.7000,5.7000,0
VBG,20220817,5.7000,5.7000,5.7000,5.7000,0
VBG,20220818,5.7000,5.7000,5.7000,5.7000,0
VBG,20220819,5.7000,5.7000,5.7000,5.7000,0
VBG,20220822,5.7000,5.7000,5.7000,5.7000,0
VBG,20220823,5.7000,5.7000,5.7000,5.7000,0
VBG,20220824,5.7000,5.7000,5.7000,5.7000,0
VBG,20220825,5.7000,5.7000,5.7000,5.7000,0
VBG,20220826,5.7000,5.7000,5.7000,5.7000,0
VBG,20220829,5.7000,5.7000,5.7000,5.7000,0
VBG,20220830,5.7000,5.7000,5.7000,5.7000,0
VBG,20220831,5.7000,5.7000,5.7000,5.7000,0
VBG,20220905,5.7000,5.7000,5.7000,5.7000,0
VBG,20220906,5.7000,5.7000,5.7000,5.7000,0
VBG,20220907,5.7000,5.7000,5.7000,5.7000,0
VBG,20220908,5.7000,5.7000,5.7000,5.7000,0
VBG,20220909,5.7000,5.7000,5.7000,5.7000,0
VBG,20220912,5.7000,5.7000,5.7000,5.7000,0
VBG,20220913,5.7000,5.7000,5.7000,5.7000,0
VBG,20220914,5.7000,5.7000,5.7000,5.7000,0
VBG,20220915,5.7000,5.7000,5.7000,5.7000,0
VBG,20220916,5.7000,5.7000,5.7000,5.7000,0
VBG,20220919,5.7000,5.7000,5.7000,5.7000,0
VBG,20220920,5.7000,5.7000,5.7000,5.7000,0
VBG,20220921,5.7000,5.7000,5.7000,5.7000,0
VBG,20220922,5.7000,5.7000,5.7000,5.7000,0
VBG,20220923,5.7000,5.7000,5.7000,5.7000,0
VBG,20220926,5.7000,5.7000,5.7000,5.7000,0
VBG,20220927,5.7000,5.7000,5.7000,5.7000,0
VBG,20220928,5.7000,5.7000,5.7000,5.7000,0
VBG,20220929,5.7000,5.7000,5.7000,5.7000,0
VBG,20220930,5.7000,5.7000,5.7000,5.7000,0
VBG,20221003,5.7000,5.7000,5.7000,5.7000,0
VBG,20221004,5.7000,5.7000,5.7000,5.7000,0
VBG,20221005,5.7000,5.7000,5.7000,5.7000,0
VBG,20221006,5.7000,5.7000,5.7000,5.7000,0
VBG,20221007,5.7000,5.7000,5.7000,5.7000,0
VBG,20221010,5.7000,5.7000,5.7000,5.7000,0
VBG,20221011,5.7000,5.7000,5.7000,5.7000,0
VBG,20221012,5.7000,5.7000,5.7000,5.7000,0
VBG,20221013,5.7000,5.7000,5.7000,5.7000,0
VBG,20221014,5.7000,5.7000,5.7000,5.7000,0
VBG,20221017,5.7000,5.7000,5.7000,5.7000,0
VBG,20221018,5.7000,5.7000,5.7000,5.7000,0
VBG,20221019,5.7000,5.7000,5.7000,5.7000,0
VBG,20221020,5.7000,5.7000,5.7000,5.7000,0
VBG,20221021,5.7000,5.7000,5.7000,5.7000,0
VBG,20221024,5.7000,5.7000,5.7000,5.7000,0
VBG,20221025,5.7000,5.7000,5.7000,5.7000,0
VBG,20221026,5.7000,5.7000,5.7000,5.7000,0
VBG,20221027,5.7000,5.7000,5.7000,5.7000,0
VBG,20221028,5.7000,5.7000,5.7000,5.7000,0
VBG,20221031,5.7000,5.7000,5.7000,5.7000,0
VBG,20221101,5.7000,5.7000,5.7000,5.7000,0
VBG,20221102,5.7000,5.7000,5.7000,5.7000,0
VBG,20221103,5.7000,5.7000,5.7000,5.7000,0
VBG,20221104,5.7000,5.7000,5.7000,5.7000,0
VBG,20221107,5.7000,5.7000,5.7000,5.7000,0
VBG,20221108,5.7000,5.7000,5.7000,5.7000,0
VBG,20221109,5.7000,5.7000,5.7000,5.7000,0
VBG,20221110,5.7000,5.7000,5.7000,5.7000,0
VBG,20221111,5.7000,5.7000,5.7000,5.7000,0
VBG,20221114,5.7000,5.7000,5.7000,5.7000,0
VBG,20221115,5.7000,5.7000,5.7000,5.7000,0
VBG,20221116,5.7000,5.7000,5.7000,5.7000,0
VBG,20221117,5.7000,5.7000,5.7000,5.7000,0
VBG,20221118,5.7000,5.7000,5.7000,5.7000,0
VBG,20221121,5.7000,5.7000,5.7000,5.7000,0
VBG,20221122,5.7000,5.7000,5.7000,5.7000,0
VBG,20221123,5.7000,5.7000,5.7000,5.7000,0
VBG,20221124,5.7000,5.7000,5.7000,5.7000,0
VBG,20221125,5.7000,5.7000,5.7000,5.7000,0
VBG,20221128,5.7000,5.7000,5.7000,5.7000,0
VBG,20221129,5.7000,5.7000,5.7000,5.7000,0
VBG,20221130,5.7000,5.7000,5.7000,5.7000,0
VBG,20221201,5.7000,5.7000,5.7000,5.7000,0
VBG,20221202,5.7000,5.7000,5.7000,5.7000,0
VBG,20221205,5.7000,5.7000,5.7000,5.7000,0
VBG,20221206,5.7000,5.7000,5.7000,5.7000,0
VBG,20221207,5.7000,5.7000,5.7000,5.7000,0
VBG,20221208,5.7000,5.7000,5.7000,5.7000,0
VBG,20221209,5.7000,5.7000,5.7000,5.7000,0
VBG,20221212,5.7000,5.7000,5.7000,5.7000,0
VBG,20221213,5.7000,5.7000,5.7000,5.7000,0
VBG,20221214,5.7000,5.7000,5.7000,5.7000,0
VBG,20221215,5.7000,5.7000,5.7000,5.7000,0
VBG,20221216,5.7000,5.7000,5.7000,5.7000,0
VBG,20221219,5.7000,5.7000,5.7000,5.7000,0
VBG,20221220,5.7000,5.7000,5.7000,5.7000,0
VBG,20221221,5.7000,5.7000,5.7000,5.7000,0
VBG,20221222,5.7000,5.7000,5.7000,5.7000,0
VBG,20221223,5.7000,5.7000,5.7000,5.7000,0
VBG,20221226,5.7000,5.7000,5.7000,5.7000,0
VBG,20221227,5.7000,5.7000,5.7000,5.7000,0
VBG,20221228,5.7000,5.7000,5.7000,5.7000,0
VBG,20221229,5.7000,5.7000,5.7000,5.7000,0
VBG,20221230,5.7000,5.7000,5.7000,5.7000,0
VBG,20230103,5.7000,5.7000,5.7000,5.7000,0
VBG,20230104,5.7000,5.7000,5.7000,5.7000,0
VBG,20230105,5.7000,5.7000,5.7000,5.7000,0
VBG,20230106,5.7000,5.7000,5.7000,5.7000,0
VBG,20230109,5.7000,5.7000,5.7000,5.7000,0
VBG,20230110,5.7000,5.7000,5.7000,5.7000,0
VBG,20230111,5.7000,5.7000,5.7000,5.7000,0
VBG,20230112,5.7000,5.7000,5.7000,5.7000,0
VBG,20230113,5.7000,5.7000,5.7000,5.7000,0
VBG,20230116,5.7000,5.7000,5.7000,5.7000,0
VBG,20230117,5.7000,5.7000,5.7000,5.7000,0
VBG,20230118,5.7000,5.7000,5.7000,5.7000,0
VBG,20230119,5.7000,5.7000,5.7000,5.7000,0