BQB,20180109,12.4000,12.4000,12.4000,12.4000,0
BQB,20180110,12.4000,12.4000,12.4000,12.4000,0
BQB,20180111,12.4000,12.4000,12.4000,12.4000,0
BQB,20180112,12.4000,12.4000,12.4000,12.4000,0
BQB,20180115,17.3000,17.3000,17.3000,17.3000,100
BQB,20180116,17.3000,17.3000,17.3000,17.3000,0
BQB,20180117,19.8000,19.8000,19.8000,19.8000,100
BQB,20180118,19.8000,19.8000,19.8000,19.8000,0
BQB,20180119,17.5000,17.5000,17.5000,17.5000,400
BQB,20180122,17.5000,17.5000,17.5000,17.5000,500
BQB,20180123,17.5000,17.5000,17.5000,17.5000,0
BQB,20180124,17.5000,17.5000,17.5000,17.5000,0
BQB,20180125,15.0000,15.0000,15.0000,15.0000,1000
BQB,20180126,14.0000,14.0000,14.0000,14.0000,1000
BQB,20180129,14.0000,14.0000,14.0000,14.0000,2000
BQB,20180130,14.0000,14.0000,14.0000,14.0000,0
BQB,20180131,14.0000,14.0000,14.0000,14.0000,0
BQB,20180201,14.0000,14.0000,14.0000,14.0000,0
BQB,20180202,14.0000,14.0000,14.0000,14.0000,0
BQB,20180205,14.0000,14.0000,14.0000,14.0000,0
BQB,20180206,14.0000,14.0000,14.0000,14.0000,0
BQB,20180207,14.0000,14.0000,14.0000,14.0000,0
BQB,20180208,14.0000,14.0000,14.0000,14.0000,0
BQB,20180209,14.0000,14.0000,14.0000,14.0000,0
BQB,20180212,14.0000,14.0000,14.0000,14.0000,0
BQB,20180213,14.0000,14.0000,14.0000,14.0000,0
BQB,20180221,14.0000,14.0000,14.0000,14.0000,0
BQB,20180222,14.0000,14.0000,14.0000,14.0000,0
BQB,20180223,14.0000,14.0000,14.0000,14.0000,0
BQB,20180226,14.0000,14.0000,14.0000,14.0000,0
BQB,20180227,14.0000,14.0000,14.0000,14.0000,0
BQB,20180228,14.0000,14.0000,14.0000,14.0000,0
BQB,20180301,14.0000,14.0000,14.0000,14.0000,0
BQB,20180302,14.0000,14.0000,14.0000,14.0000,0
BQB,20180305,14.0000,14.0000,14.0000,14.0000,0
BQB,20180306,14.0000,14.0000,14.0000,14.0000,0
BQB,20180307,14.0000,14.0000,14.0000,14.0000,0
BQB,20180308,14.0000,14.0000,14.0000,14.0000,0
BQB,20180309,14.0000,14.0000,14.0000,14.0000,0
BQB,20180312,14.0000,14.0000,14.0000,14.0000,0
BQB,20180313,14.0000,14.0000,14.0000,14.0000,0
BQB,20180314,14.0000,14.0000,14.0000,14.0000,0
BQB,20180315,14.0000,14.0000,14.0000,14.0000,0
BQB,20180316,14.0000,14.0000,14.0000,14.0000,0
BQB,20180319,14.0000,14.0000,14.0000,14.0000,0
BQB,20180320,14.0000,14.0000,14.0000,14.0000,0
BQB,20180321,14.0000,14.0000,14.0000,14.0000,0
BQB,20180322,14.0000,14.0000,14.0000,14.0000,0
BQB,20180323,14.0000,14.0000,14.0000,14.0000,0
BQB,20180326,14.0000,14.0000,14.0000,14.0000,0
BQB,20180327,14.0000,14.0000,14.0000,14.0000,0
BQB,20180328,14.0000,14.0000,14.0000,14.0000,0
BQB,20180329,14.0000,14.0000,14.0000,14.0000,0
BQB,20180330,14.0000,14.0000,14.0000,14.0000,0
BQB,20180402,14.0000,14.0000,14.0000,14.0000,0
BQB,20180403,14.0000,14.0000,14.0000,14.0000,0
BQB,20180404,14.0000,14.0000,14.0000,14.0000,0
BQB,20180405,14.0000,14.0000,14.0000,14.0000,0
BQB,20180406,14.0000,14.0000,14.0000,14.0000,0
BQB,20180409,14.0000,14.0000,14.0000,14.0000,0
BQB,20180410,14.0000,14.0000,14.0000,14.0000,0
BQB,20180411,8.5000,8.5000,8.5000,8.5000,5800
BQB,20180412,8.5000,8.5000,8.5000,8.5000,0
BQB,20180413,8.5000,8.5000,8.5000,8.5000,0
BQB,20180416,8.5000,8.5000,8.5000,8.5000,0
BQB,20180417,8.5000,8.5000,8.5000,8.5000,0
BQB,20180418,8.5000,8.5000,8.5000,8.5000,0
BQB,20180419,8.5000,8.5000,8.5000,8.5000,0
BQB,20180420,8.5000,8.5000,8.5000,8.5000,0
BQB,20180423,8.5000,8.5000,8.5000,8.5000,0
BQB,20180424,8.5000,8.5000,8.5000,8.5000,0
BQB,20180426,8.5000,8.5000,8.5000,8.5000,0
BQB,20180427,8.5000,8.5000,8.5000,8.5000,0
BQB,20180502,8.5000,8.5000,8.5000,8.5000,0
BQB,20180503,8.5000,8.5000,8.5000,8.5000,0
BQB,20180504,7.5000,7.5000,7.5000,7.5000,8000
BQB,20180507,7.5000,7.5000,7.5000,7.5000,0
BQB,20180508,7.5000,7.5000,7.5000,7.5000,0
BQB,20180509,7.5000,7.5000,7.5000,7.5000,3000
BQB,20180510,7.5000,7.5000,7.5000,7.5000,0
BQB,20180511,7.5000,7.5000,7.5000,7.5000,0
BQB,20180514,7.5000,7.5000,7.5000,7.5000,0
BQB,20180515,7.5000,7.5000,7.5000,7.5000,0
BQB,20180516,7.5000,7.5000,7.5000,7.5000,0
BQB,20180517,7.5000,7.5000,7.5000,7.5000,0
BQB,20180518,7.2000,7.2000,7.0000,7.0000,4000
BQB,20180521,7.2000,7.2000,7.2000,7.2000,0
BQB,20180522,7.2000,7.2000,7.2000,7.2000,0
BQB,20180523,7.2000,7.2000,7.2000,7.2000,0
BQB,20180524,7.2000,7.2000,7.2000,7.2000,0
BQB,20180525,7.2000,7.2000,7.2000,7.2000,0
BQB,20180528,7.0000,7.0000,7.0000,7.0000,2000
BQB,20180529,7.0000,7.0000,7.0000,7.0000,0
BQB,20180530,7.0000,7.0000,7.0000,7.0000,0
BQB,20180531,7.0000,7.0000,7.0000,7.0000,0
BQB,20180601,7.0000,7.0000,7.0000,7.0000,0
BQB,20180604,7.0000,7.0000,7.0000,7.0000,0
BQB,20180605,7.0000,7.0000,7.0000,7.0000,0
BQB,20180606,7.0000,7.0000,7.0000,7.0000,0
BQB,20180607,7.0000,7.0000,7.0000,7.0000,0
BQB,20180608,7.0000,7.0000,7.0000,7.0000,0
BQB,20180611,7.0000,7.0000,7.0000,7.0000,0
BQB,20180612,7.0000,7.0000,7.0000,7.0000,2000
BQB,20180613,7.0000,7.0000,7.0000,7.0000,0
BQB,20180614,7.0000,7.0000,7.0000,7.0000,0
BQB,20180615,7.0000,7.0000,7.0000,7.0000,0
BQB,20180618,7.0000,7.0000,7.0000,7.0000,0
BQB,20180619,7.0000,7.0000,7.0000,7.0000,0
BQB,20180620,7.0000,7.0000,7.0000,7.0000,0
BQB,20180621,7.0000,7.0000,7.0000,7.0000,0
BQB,20180622,7.0000,7.0000,7.0000,7.0000,0
BQB,20180625,7.0000,7.0000,7.0000,7.0000,0
BQB,20180626,7.0000,7.0000,7.0000,7.0000,0
BQB,20180627,7.0000,7.0000,7.0000,7.0000,0
BQB,20180628,7.0000,7.0000,7.0000,7.0000,0
BQB,20180629,7.0000,7.0000,7.0000,7.0000,0
BQB,20180702,7.0000,7.0000,7.0000,7.0000,0
BQB,20180703,7.0000,7.0000,7.0000,7.0000,0
BQB,20180704,7.0000,7.0000,7.0000,7.0000,0
BQB,20180705,7.0000,7.0000,7.0000,7.0000,0
BQB,20180706,7.0000,7.0000,7.0000,7.0000,0
BQB,20180709,7.0000,7.0000,7.0000,7.0000,0
BQB,20180710,7.0000,7.0000,7.0000,7.0000,0
BQB,20180711,7.0000,7.0000,7.0000,7.0000,0
BQB,20180712,7.0000,7.0000,7.0000,7.0000,0
BQB,20180713,7.0000,7.0000,7.0000,7.0000,0
BQB,20180716,7.0000,7.0000,7.0000,7.0000,0
BQB,20180717,7.0000,7.0000,7.0000,7.0000,0
BQB,20180718,7.0000,7.0000,7.0000,7.0000,0
BQB,20180719,7.0000,7.0000,7.0000,7.0000,0
BQB,20180720,7.0000,7.0000,7.0000,7.0000,0
BQB,20180723,7.0000,7.0000,7.0000,7.0000,0
BQB,20180724,7.0000,7.0000,7.0000,7.0000,0
BQB,20180725,7.0000,7.0000,7.0000,7.0000,0
BQB,20180726,7.0000,7.0000,7.0000,7.0000,0
BQB,20180727,7.0000,7.0000,7.0000,7.0000,0
BQB,20180730,7.0000,7.0000,7.0000,7.0000,0
BQB,20180731,6.5000,6.5000,6.5000,6.5000,300
BQB,20180801,6.5000,6.5000,6.5000,6.5000,0
BQB,20180802,6.5000,6.5000,6.5000,6.5000,0
BQB,20180803,6.5000,6.5000,6.5000,6.5000,0
BQB,20180806,6.5000,6.5000,6.5000,6.5000,0
BQB,20180807,6.5000,6.5000,6.5000,6.5000,0
BQB,20180808,6.2000,6.2000,6.2000,6.2000,4000
BQB,20180809,6.2000,6.2000,6.2000,6.2000,0
BQB,20180810,6.2000,6.2000,6.2000,6.2000,0
BQB,20180813,6.2000,6.2000,6.2000,6.2000,0
BQB,20180814,6.2000,6.2000,6.2000,6.2000,0
BQB,20180815,6.2000,6.2000,6.2000,6.2000,0
BQB,20180816,6.0000,6.0000,6.0000,6.0000,4000
BQB,20180817,6.0000,6.0000,6.0000,6.0000,4000
BQB,20180820,6.0000,6.0000,6.0000,6.0000,0
BQB,20180821,6.0000,6.0000,6.0000,6.0000,0
BQB,20180822,6.0000,6.0000,6.0000,6.0000,0
BQB,20180823,6.0000,6.0000,6.0000,6.0000,0
BQB,20180824,5.8000,5.8000,5.8000,5.8000,2000
BQB,20180827,5.8000,5.8000,5.8000,5.8000,0
BQB,20180828,5.8000,5.8000,5.8000,5.8000,0
BQB,20180829,5.8000,5.8000,5.8000,5.8000,0
BQB,20180830,5.8000,5.8000,5.8000,5.8000,0
BQB,20180831,5.8000,5.8000,5.8000,5.8000,0
BQB,20180904,5.8000,5.8000,5.8000,5.8000,0
BQB,20180905,5.8000,5.8000,5.8000,5.8000,0
BQB,20180906,5.8000,5.8000,5.8000,5.8000,0
BQB,20180907,5.5000,5.5000,5.5000,5.5000,2000
BQB,20180910,5.5000,5.5000,5.5000,5.5000,0
BQB,20180911,5.5000,5.5000,5.5000,5.5000,0
BQB,20180912,5.5000,5.5000,5.5000,5.5000,0
BQB,20180913,5.5000,5.5000,5.5000,5.5000,0
BQB,20180914,5.5000,5.5000,5.5000,5.5000,0
BQB,20180917,5.5000,5.5000,5.5000,5.5000,0
BQB,20180918,5.5000,5.5000,5.5000,5.5000,0
BQB,20180919,5.5000,5.5000,5.5000,5.5000,0
BQB,20180920,5.5000,5.5000,5.5000,5.5000,0
BQB,20180921,5.5000,5.5000,5.5000,5.5000,0
BQB,20180924,5.5000,5.5000,5.5000,5.5000,0
BQB,20180925,5.5000,5.5000,5.5000,5.5000,0
BQB,20180926,5.5000,5.5000,5.5000,5.5000,0
BQB,20180927,5.5000,5.5000,5.5000,5.5000,0
BQB,20180928,5.5000,5.5000,5.5000,5.5000,0
BQB,20181001,5.5000,5.5000,5.5000,5.5000,0
BQB,20181002,5.5000,5.5000,5.5000,5.5000,0
BQB,20181003,5.5000,5.5000,5.5000,5.5000,0
BQB,20181004,5.0000,5.0000,5.0000,5.0000,1000
BQB,20181005,5.0000,5.0000,5.0000,5.0000,0
BQB,20181008,5.0000,5.0000,5.0000,5.0000,0
BQB,20181009,5.0000,5.0000,5.0000,5.0000,0
BQB,20181010,5.0000,5.0000,5.0000,5.0000,1000
BQB,20181011,5.0000,5.0000,5.0000,5.0000,300
BQB,20181012,5.0000,5.0000,5.0000,5.0000,1000
BQB,20181015,5.0000,5.0000,5.0000,5.0000,2000
BQB,20181016,5.0000,5.0000,5.0000,5.0000,0
BQB,20181017,5.0000,5.0000,5.0000,5.0000,0
BQB,20181018,5.0000,5.0000,5.0000,5.0000,0
BQB,20181019,5.0000,5.0000,5.0000,5.0000,0
BQB,20181022,5.0000,5.0000,5.0000,5.0000,1000
BQB,20181023,5.0000,5.0000,5.0000,5.0000,0
BQB,20181024,5.0000,5.0000,5.0000,5.0000,1000
BQB,20181025,5.0000,5.0000,5.0000,5.0000,0
BQB,20181026,5.0000,5.0000,5.0000,5.0000,0
BQB,20181029,5.0000,5.0000,5.0000,5.0000,0
BQB,20181030,5.0000,5.0000,5.0000,5.0000,0
BQB,20181031,5.0000,5.0000,5.0000,5.0000,0
BQB,20181101,5.0000,5.0000,5.0000,5.0000,0
BQB,20181102,5.0000,5.0000,5.0000,5.0000,0
BQB,20181105,5.0000,5.0000,5.0000,5.0000,0
BQB,20181106,5.0000,5.0000,5.0000,5.0000,0
BQB,20181107,5.0000,5.0000,5.0000,5.0000,0
BQB,20181108,5.0000,5.0000,5.0000,5.0000,0
BQB,20181109,5.0000,5.0000,5.0000,5.0000,1000
BQB,20181112,5.0000,5.0000,5.0000,5.0000,0
BQB,20181113,5.0000,5.0000,5.0000,5.0000,0
BQB,20181114,5.0000,5.0000,5.0000,5.0000,1500
BQB,20181115,5.0000,5.0000,5.0000,5.0000,0
BQB,20181116,5.0000,5.0000,5.0000,5.0000,2200
BQB,20181119,5.0000,5.0000,5.0000,5.0000,1000
BQB,20181120,5.0000,5.0000,5.0000,5.0000,0
BQB,20181121,5.0000,5.0000,5.0000,5.0000,0
BQB,20181122,5.0000,5.0000,5.0000,5.0000,0
BQB,20181123,5.0000,5.0000,5.0000,5.0000,0
BQB,20181126,5.0000,5.0000,5.0000,5.0000,0
BQB,20181127,5.0000,5.0000,5.0000,5.0000,0
BQB,20181128,5.0000,5.0000,5.0000,5.0000,0
BQB,20181129,5.0000,5.0000,5.0000,5.0000,0
BQB,20181130,5.0000,5.0000,5.0000,5.0000,0
BQB,20181203,5.0000,5.0000,5.0000,5.0000,0
BQB,20181204,5.0000,5.0000,5.0000,5.0000,0
BQB,20181205,5.0000,5.0000,5.0000,5.0000,0
BQB,20181206,5.0000,5.0000,5.0000,5.0000,0
BQB,20181207,5.0000,5.0000,5.0000,5.0000,5000
BQB,20181210,5.0000,5.0000,5.0000,5.0000,0
BQB,20181211,5.0000,5.0000,5.0000,5.0000,0
BQB,20181212,5.0000,5.0000,5.0000,5.0000,0
BQB,20181213,5.0000,5.0000,5.0000,5.0000,0
BQB,20181214,5.0000,5.0000,5.0000,5.0000,0
BQB,20181217,5.0000,5.0000,5.0000,5.0000,0
BQB,20181218,5.0000,5.0000,5.0000,5.0000,0
BQB,20181219,5.0000,5.0000,5.0000,5.0000,0
BQB,20181220,5.0000,5.0000,5.0000,5.0000,0
BQB,20181221,5.0000,5.0000,5.0000,5.0000,0
BQB,20181224,5.0000,5.0000,5.0000,5.0000,0
BQB,20181225,5.0000,5.0000,5.0000,5.0000,0
BQB,20181226,5.0000,5.0000,5.0000,5.0000,0
BQB,20181227,5.0000,5.0000,5.0000,5.0000,0
BQB,20181228,5.0000,5.0000,5.0000,5.0000,0
BQB,20190102,5.0000,5.0000,5.0000,5.0000,0
BQB,20190103,5.0000,5.0000,5.0000,5.0000,0
BQB,20190104,5.0000,5.0000,5.0000,5.0000,0
BQB,20190107,5.0000,5.0000,5.0000,5.0000,0
BQB,20190108,5.0000,5.0000,5.0000,5.0000,0
BQB,20190109,5.0000,5.0000,5.0000,5.0000,0
BQB,20190110,5.0000,5.0000,5.0000,5.0000,0
BQB,20190111,5.0000,5.0000,5.0000,5.0000,0
BQB,20190114,5.0000,5.0000,5.0000,5.0000,0
BQB,20190115,5.0000,5.0000,5.0000,5.0000,0
BQB,20190116,5.0000,5.0000,5.0000,5.0000,0
BQB,20190117,5.0000,5.0000,5.0000,5.0000,0
BQB,20190118,5.0000,5.0000,5.0000,5.0000,0
BQB,20190121,5.0000,5.0000,5.0000,5.0000,0
BQB,20190122,5.0000,5.0000,5.0000,5.0000,0
BQB,20190123,5.0000,5.0000,5.0000,5.0000,0
BQB,20190124,5.0000,5.0000,5.0000,5.0000,0
BQB,20190125,5.0000,5.0000,5.0000,5.0000,0
BQB,20190128,5.0000,5.0000,5.0000,5.0000,0
BQB,20190129,5.0000,5.0000,5.0000,5.0000,0
BQB,20190130,5.0000,5.0000,5.0000,5.0000,0
BQB,20190131,5.0000,5.0000,5.0000,5.0000,0
BQB,20190201,5.0000,5.0000,5.0000,5.0000,0
BQB,20190211,5.0000,5.0000,5.0000,5.0000,0
BQB,20190212,5.0000,5.0000,5.0000,5.0000,0
BQB,20190213,5.0000,5.0000,5.0000,5.0000,0
BQB,20190214,5.0000,5.0000,5.0000,5.0000,0
BQB,20190215,5.0000,5.0000,5.0000,5.0000,0
BQB,20190218,5.0000,5.0000,5.0000,5.0000,0
BQB,20190219,5.0000,5.0000,5.0000,5.0000,0
BQB,20190220,5.0000,5.0000,5.0000,5.0000,0
BQB,20190221,5.0000,5.0000,5.0000,5.0000,0
BQB,20190222,5.0000,5.0000,5.0000,5.0000,0
BQB,20190225,5.0000,5.0000,5.0000,5.0000,0
BQB,20190226,5.0000,5.0000,5.0000,5.0000,0
BQB,20190227,5.0000,5.0000,5.0000,5.0000,0
BQB,20190228,5.0000,5.0000,5.0000,5.0000,0
BQB,20190301,5.0000,5.0000,5.0000,5.0000,0
BQB,20190304,5.0000,5.0000,5.0000,5.0000,0
BQB,20190305,5.0000,5.0000,5.0000,5.0000,0
BQB,20190306,5.0000,5.0000,5.0000,5.0000,0
BQB,20190307,5.0000,5.0000,5.0000,5.0000,0
BQB,20190308,5.0000,5.0000,5.0000,5.0000,0
BQB,20190311,5.0000,5.0000,5.0000,5.0000,0
BQB,20190312,5.0000,5.0000,5.0000,5.0000,0
BQB,20190313,5.0000,5.0000,5.0000,5.0000,0
BQB,20190314,5.0000,5.0000,5.0000,5.0000,0
BQB,20190315,5.0000,5.0000,5.0000,5.0000,0
BQB,20190318,5.0000,5.0000,5.0000,5.0000,0
BQB,20190319,5.0000,5.0000,5.0000,5.0000,0
BQB,20190320,5.0000,5.0000,5.0000,5.0000,0
BQB,20190321,5.0000,5.0000,5.0000,5.0000,0
BQB,20190322,5.0000,5.0000,5.0000,5.0000,0
BQB,20190325,5.0000,5.0000,5.0000,5.0000,0
BQB,20190326,5.0000,5.0000,5.0000,5.0000,0
BQB,20190327,5.0000,5.0000,5.0000,5.0000,0
BQB,20190328,5.0000,5.0000,5.0000,5.0000,0
BQB,20190329,5.0000,5.0000,5.0000,5.0000,0
BQB,20190401,5.0000,5.0000,5.0000,5.0000,2200
BQB,20190402,5.0000,5.0000,5.0000,5.0000,0
BQB,20190403,5.0000,5.0000,5.0000,5.0000,0
BQB,20190404,5.0000,5.0000,5.0000,5.0000,0
BQB,20190405,5.0000,5.0000,5.0000,5.0000,0
BQB,20190408,5.0000,5.0000,5.0000,5.0000,0
BQB,20190409,5.0000,5.0000,5.0000,5.0000,0
BQB,20190410,5.0000,5.0000,5.0000,5.0000,0
BQB,20190411,5.0000,5.0000,5.0000,5.0000,0
BQB,20190412,5.0000,5.0000,5.0000,5.0000,0
BQB,20190416,5.0000,5.0000,5.0000,5.0000,0
BQB,20190417,5.0000,5.0000,5.0000,5.0000,0
BQB,20190418,5.0000,5.0000,5.0000,5.0000,0
BQB,20190419,5.0000,5.0000,5.0000,5.0000,0
BQB,20190422,5.0000,5.0000,5.0000,5.0000,0
BQB,20190423,5.0000,5.0000,5.0000,5.0000,0
BQB,20190424,5.0000,5.0000,5.0000,5.0000,0
BQB,20190425,5.0000,5.0000,5.0000,5.0000,0
BQB,20190426,5.0000,5.0000,5.0000,5.0000,0
BQB,20190502,5.0000,5.0000,5.0000,5.0000,0
BQB,20190503,5.0000,5.0000,5.0000,5.0000,0
BQB,20190506,5.0000,5.0000,5.0000,5.0000,0
BQB,20190507,5.0000,5.0000,5.0000,5.0000,0
BQB,20190508,5.0000,5.0000,5.0000,5.0000,0
BQB,20190509,5.0000,5.0000,5.0000,5.0000,0
BQB,20190510,5.0000,5.0000,5.0000,5.0000,0
BQB,20190513,5.0000,5.0000,5.0000,5.0000,0
BQB,20190514,5.0000,5.0000,5.0000,5.0000,0
BQB,20190515,5.0000,5.0000,5.0000,5.0000,0
BQB,20190516,5.0000,5.0000,5.0000,5.0000,0
BQB,20190517,5.0000,5.0000,5.0000,5.0000,0
BQB,20190520,5.0000,5.0000,5.0000,5.0000,0
BQB,20190521,5.0000,5.0000,5.0000,5.0000,0
BQB,20190522,5.0000,5.0000,5.0000,5.0000,0
BQB,20190523,5.0000,5.0000,5.0000,5.0000,0
BQB,20190524,5.0000,5.0000,5.0000,5.0000,0
BQB,20190527,5.0000,5.0000,5.0000,5.0000,0
BQB,20190528,5.0000,5.0000,5.0000,5.0000,0
BQB,20190529,5.0000,5.0000,5.0000,5.0000,0
BQB,20190530,5.0000,5.0000,5.0000,5.0000,0
BQB,20190531,5.0000,5.0000,5.0000,5.0000,0
BQB,20190603,5.0000,5.0000,5.0000,5.0000,0
BQB,20190604,5.0000,5.0000,5.0000,5.0000,0
BQB,20190605,5.0000,5.0000,5.0000,5.0000,0
BQB,20190606,5.0000,5.0000,5.0000,5.0000,0
BQB,20190607,5.0000,5.0000,5.0000,5.0000,0
BQB,20190610,5.0000,5.0000,5.0000,5.0000,0
BQB,20190611,5.0000,5.0000,5.0000,5.0000,0
BQB,20190612,5.0000,5.0000,5.0000,5.0000,0
BQB,20190613,5.0000,5.0000,5.0000,5.0000,0
BQB,20190614,5.0000,5.0000,5.0000,5.0000,0
BQB,20190617,5.0000,5.0000,5.0000,5.0000,0
BQB,20190618,5.0000,5.0000,5.0000,5.0000,0
BQB,20190619,5.0000,5.0000,5.0000,5.0000,0
BQB,20190620,5.0000,5.0000,5.0000,5.0000,0
BQB,20190621,5.0000,5.0000,5.0000,5.0000,0
BQB,20190624,5.0000,5.0000,5.0000,5.0000,0
BQB,20190625,5.0000,5.0000,5.0000,5.0000,0
BQB,20190626,5.0000,5.0000,5.0000,5.0000,0
BQB,20190627,5.0000,5.0000,5.0000,5.0000,0
BQB,20190628,5.0000,5.0000,5.0000,5.0000,0
BQB,20190701,5.0000,5.0000,5.0000,5.0000,0
BQB,20190702,5.0000,5.0000,5.0000,5.0000,0
BQB,20190703,5.0000,5.0000,5.0000,5.0000,0
BQB,20190704,5.0000,5.0000,5.0000,5.0000,0
BQB,20190705,5.0000,5.0000,5.0000,5.0000,0
BQB,20190708,5.0000,5.0000,5.0000,5.0000,0
BQB,20190709,5.0000,5.0000,5.0000,5.0000,0
BQB,20190710,5.0000,5.0000,5.0000,5.0000,0
BQB,20190711,5.0000,5.0000,5.0000,5.0000,0
BQB,20190712,5.0000,5.0000,5.0000,5.0000,0
BQB,20190715,5.0000,5.0000,5.0000,5.0000,0
BQB,20190716,5.0000,5.0000,5.0000,5.0000,0
BQB,20190717,5.0000,5.0000,5.0000,5.0000,0
BQB,20190718,5.0000,5.0000,5.0000,5.0000,0
BQB,20190719,5.0000,5.0000,5.0000,5.0000,0
BQB,20190722,5.0000,5.0000,5.0000,5.0000,0
BQB,20190723,5.0000,5.0000,5.0000,5.0000,0
BQB,20190724,5.0000,5.0000,5.0000,5.0000,0
BQB,20190725,5.0000,5.0000,5.0000,5.0000,0
BQB,20190726,5.0000,5.0000,5.0000,5.0000,0
BQB,20190729,5.0000,5.0000,5.0000,5.0000,0
BQB,20190730,5.0000,5.0000,5.0000,5.0000,0
BQB,20190731,5.0000,5.0000,5.0000,5.0000,0
BQB,20190801,5.0000,5.0000,5.0000,5.0000,0
BQB,20190802,5.0000,5.0000,5.0000,5.0000,0
BQB,20190805,5.0000,5.0000,5.0000,5.0000,0
BQB,20190806,5.0000,5.0000,5.0000,5.0000,0
BQB,20190807,5.0000,5.0000,5.0000,5.0000,0
BQB,20190808,5.0000,5.0000,5.0000,5.0000,0
BQB,20190809,7.0000,7.0000,7.0000,7.0000,1000
BQB,20190812,7.0000,7.0000,7.0000,7.0000,0
BQB,20190813,8.0000,8.0000,8.0000,8.0000,1000
BQB,20190814,8.0000,8.0000,8.0000,8.0000,0
BQB,20190815,8.0000,8.0000,8.0000,8.0000,0
BQB,20190816,8.0000,8.0000,8.0000,8.0000,0
BQB,20190819,8.0000,8.0000,8.0000,8.0000,0
BQB,20190820,8.0000,8.0000,8.0000,8.0000,0
BQB,20190821,8.0000,8.0000,8.0000,8.0000,0
BQB,20190822,8.0000,8.0000,8.0000,8.0000,0
BQB,20190823,8.0000,8.0000,8.0000,8.0000,0
BQB,20190826,8.0000,8.0000,8.0000,8.0000,0
BQB,20190827,8.0000,8.0000,8.0000,8.0000,0
BQB,20190828,8.0000,8.0000,8.0000,8.0000,0
BQB,20190829,8.0000,8.0000,8.0000,8.0000,0
BQB,20190830,8.0000,8.0000,8.0000,8.0000,0
BQB,20190903,8.0000,8.0000,8.0000,8.0000,0
BQB,20190904,9.0000,9.0000,9.0000,9.0000,100
BQB,20190905,9.0000,9.0000,9.0000,9.0000,0
BQB,20190906,9.0000,9.0000,9.0000,9.0000,0
BQB,20190909,9.0000,9.0000,9.0000,9.0000,0
BQB,20190910,9.0000,9.0000,9.0000,9.0000,0
BQB,20190911,9.0000,9.0000,9.0000,9.0000,0
BQB,20190912,9.0000,9.0000,9.0000,9.0000,0
BQB,20190913,9.0000,9.0000,9.0000,9.0000,0
BQB,20190916,9.0000,9.0000,9.0000,9.0000,0
BQB,20190917,9.0000,9.0000,9.0000,9.0000,0
BQB,20190918,9.0000,9.0000,9.0000,9.0000,0
BQB,20190919,9.0000,9.0000,9.0000,9.0000,0
BQB,20190920,9.0000,9.0000,9.0000,9.0000,0
BQB,20190923,9.0000,9.0000,9.0000,9.0000,0
BQB,20190924,9.0000,9.0000,9.0000,9.0000,0
BQB,20190925,9.0000,9.0000,9.0000,9.0000,0
BQB,20190926,9.0000,9.0000,9.0000,9.0000,0
BQB,20190927,9.0000,9.0000,9.0000,9.0000,0
BQB,20190930,9.0000,9.0000,9.0000,9.0000,0
BQB,20191001,9.0000,9.0000,9.0000,9.0000,0
BQB,20191002,9.0000,9.0000,9.0000,9.0000,0
BQB,20191003,9.0000,9.0000,9.0000,9.0000,0
BQB,20191004,9.0000,9.0000,9.0000,9.0000,0
BQB,20191007,9.0000,9.0000,9.0000,9.0000,0
BQB,20191008,9.0000,9.0000,9.0000,9.0000,0
BQB,20191009,9.0000,9.0000,9.0000,9.0000,0
BQB,20191010,9.0000,9.0000,9.0000,9.0000,0
BQB,20191011,9.0000,9.0000,9.0000,9.0000,0
BQB,20191014,9.0000,9.0000,9.0000,9.0000,0
BQB,20191015,9.0000,9.0000,9.0000,9.0000,0
BQB,20191016,9.0000,9.0000,9.0000,9.0000,0
BQB,20191017,9.0000,9.0000,9.0000,9.0000,0
BQB,20191018,9.0000,9.0000,9.0000,9.0000,0
BQB,20191021,9.0000,9.0000,9.0000,9.0000,0
BQB,20191022,9.0000,9.0000,9.0000,9.0000,0
BQB,20191023,9.0000,9.0000,9.0000,9.0000,0
BQB,20191024,9.0000,9.0000,9.0000,9.0000,0
BQB,20191025,9.0000,9.0000,9.0000,9.0000,0
BQB,20191028,9.0000,9.0000,9.0000,9.0000,0
BQB,20191029,9.0000,9.0000,9.0000,9.0000,0
BQB,20191030,9.0000,9.0000,9.0000,9.0000,0
BQB,20191031,9.0000,9.0000,9.0000,9.0000,0
BQB,20191101,9.0000,9.0000,9.0000,9.0000,0
BQB,20191104,9.0000,9.0000,9.0000,9.0000,0
BQB,20191105,9.0000,9.0000,9.0000,9.0000,0
BQB,20191106,9.0000,9.0000,9.0000,9.0000,0
BQB,20191107,9.0000,9.0000,9.0000,9.0000,0
BQB,20191108,9.0000,9.0000,9.0000,9.0000,0
BQB,20191111,9.0000,9.0000,9.0000,9.0000,0
BQB,20191112,9.0000,9.0000,9.0000,9.0000,0
BQB,20191113,9.0000,9.0000,9.0000,9.0000,0
BQB,20191114,9.0000,9.0000,9.0000,9.0000,0
BQB,20191115,9.0000,9.0000,9.0000,9.0000,0
BQB,20191118,5.4000,5.4000,5.4000,5.4000,400
BQB,20191119,5.4000,5.4000,5.4000,5.4000,0
BQB,20191120,5.4000,5.4000,5.4000,5.4000,0
BQB,20191121,5.4000,5.4000,5.4000,5.4000,0
BQB,20191122,5.4000,5.4000,5.4000,5.4000,0
BQB,20191125,5.4000,5.4000,5.4000,5.4000,0
BQB,20191126,4.9000,6.0000,4.9000,6.0000,4000
BQB,20191127,5.7000,5.7000,5.7000,5.7000,0
BQB,20191128,5.0000,5.0000,5.0000,5.0000,100
BQB,20191129,5.0000,5.0000,5.0000,5.0000,0
BQB,20191202,5.3000,5.6000,5.3000,5.6000,4000
BQB,20191203,5.6000,5.6000,5.6000,5.6000,0
BQB,20191204,5.6000,5.6000,5.6000,5.6000,0
BQB,20191205,5.6000,5.6000,5.6000,5.6000,0
BQB,20191206,5.6000,5.6000,5.6000,5.6000,0
BQB,20191209,5.6000,5.6000,5.6000,5.6000,0
BQB,20191210,5.6000,5.6000,5.6000,5.6000,0
BQB,20191211,5.1000,5.1000,5.0000,5.0000,5000
BQB,20191212,5.1000,5.1000,5.1000,5.1000,0
BQB,20191213,5.1000,5.1000,5.1000,5.1000,0
BQB,20191216,5.1000,5.1000,5.1000,5.1000,0
BQB,20191217,5.1000,5.1000,5.1000,5.1000,0
BQB,20191218,5.1000,5.1000,5.1000,5.1000,0
BQB,20191219,5.1000,5.1000,5.1000,5.1000,0
BQB,20191220,5.1000,5.1000,5.1000,5.1000,0
BQB,20191223,5.1000,5.1000,5.1000,5.1000,0
BQB,20191224,5.1000,5.1000,5.1000,5.1000,0
BQB,20191225,5.1000,5.1000,5.1000,5.1000,0
BQB,20191226,5.1000,5.1000,5.1000,5.1000,0
BQB,20191227,5.1000,5.1000,5.1000,5.1000,0
BQB,20191230,5.1000,5.1000,5.1000,5.1000,0
BQB,20191231,5.1000,5.1000,5.1000,5.1000,0
BQB,20200102,5.1000,5.1000,5.1000,5.1000,0
BQB,20200103,5.1000,5.1000,5.1000,5.1000,0
BQB,20200106,5.1000,5.1000,5.1000,5.1000,0
BQB,20200107,5.1000,5.1000,5.1000,5.1000,0
BQB,20200108,5.1000,5.1000,5.1000,5.1000,0
BQB,20200109,5.1000,5.1000,5.1000,5.1000,0
BQB,20200110,5.1000,5.1000,5.1000,5.1000,0
BQB,20200113,5.1000,5.1000,5.1000,5.1000,0
BQB,20200114,5.1000,5.1000,5.1000,5.1000,0
BQB,20200115,5.1000,5.1000,5.1000,5.1000,0
BQB,20200116,5.1000,5.1000,5.1000,5.1000,0
BQB,20200117,5.1000,5.1000,5.1000,5.1000,0
BQB,20200120,5.1000,5.1000,5.1000,5.1000,0
BQB,20200121,5.1000,5.1000,5.1000,5.1000,0
BQB,20200122,5.1000,5.1000,5.1000,5.1000,0
BQB,20200130,5.1000,5.1000,5.1000,5.1000,0
BQB,20200131,5.1000,5.1000,5.1000,5.1000,0
BQB,20200203,5.1000,5.1000,5.1000,5.1000,0
BQB,20200204,5.1000,5.1000,5.1000,5.1000,0
BQB,20200205,5.1000,5.1000,5.1000,5.1000,0
BQB,20200206,5.1000,5.1000,5.1000,5.1000,0
BQB,20200207,5.1000,5.1000,5.1000,5.1000,0
BQB,20200210,5.1000,5.1000,5.1000,5.1000,0
BQB,20200211,5.1000,5.1000,5.1000,5.1000,0
BQB,20200212,5.1000,5.1000,5.1000,5.1000,0
BQB,20200213,5.1000,5.1000,5.1000,5.1000,0
BQB,20200214,5.1000,5.1000,5.1000,5.1000,0
BQB,20200217,5.1000,5.1000,5.1000,5.1000,0
BQB,20200218,5.1000,5.1000,5.1000,5.1000,0
BQB,20200219,5.1000,5.1000,5.1000,5.1000,0
BQB,20200220,5.1000,5.1000,5.1000,5.1000,0
BQB,20200221,5.1000,5.1000,5.1000,5.1000,0
BQB,20200224,5.1000,5.1000,5.1000,5.1000,0
BQB,20200225,5.1000,5.1000,5.1000,5.1000,0
BQB,20200226,5.1000,5.1000,5.1000,5.1000,0
BQB,20200227,5.1000,5.1000,5.1000,5.1000,0
BQB,20200228,5.1000,5.1000,5.1000,5.1000,0
BQB,20200302,5.1000,5.1000,5.1000,5.1000,0
BQB,20200303,5.1000,5.1000,5.1000,5.1000,0
BQB,20200304,5.1000,5.1000,5.1000,5.1000,0
BQB,20200305,5.1000,5.1000,5.1000,5.1000,0
BQB,20200306,5.1000,5.1000,5.1000,5.1000,0
BQB,20200309,5.1000,5.1000,5.1000,5.1000,0
BQB,20200310,5.1000,5.1000,5.1000,5.1000,0
BQB,20200311,5.1000,5.1000,5.1000,5.1000,0
BQB,20200312,5.1000,5.1000,5.1000,5.1000,0
BQB,20200313,5.1000,5.1000,5.1000,5.1000,0
BQB,20200316,5.1000,5.1000,5.1000,5.1000,0
BQB,20200317,5.1000,5.1000,5.1000,5.1000,0
BQB,20200318,5.1000,5.1000,5.1000,5.1000,0
BQB,20200319,5.1000,5.1000,5.1000,5.1000,0
BQB,20200320,5.1000,5.1000,5.1000,5.1000,0
BQB,20200323,5.1000,5.1000,5.1000,5.1000,0
BQB,20200324,5.1000,5.1000,5.1000,5.1000,0
BQB,20200325,5.1000,5.1000,5.1000,5.1000,0
BQB,20200326,5.1000,5.1000,5.1000,5.1000,0
BQB,20200327,5.1000,5.1000,5.1000,5.1000,0
BQB,20200330,5.1000,5.1000,5.1000,5.1000,0
BQB,20200331,5.1000,5.1000,5.1000,5.1000,0
BQB,20200401,5.1000,5.1000,5.1000,5.1000,0
BQB,20200403,5.0000,5.0000,5.0000,5.0000,5000
BQB,20200406,5.0000,5.0000,5.0000,5.0000,0
BQB,20200407,4.5000,4.5000,4.5000,4.5000,5000
BQB,20200408,4.5000,4.5000,4.5000,4.5000,0
BQB,20200409,4.5000,4.5000,4.5000,4.5000,0
BQB,20200410,4.5000,4.5000,4.5000,4.5000,0
BQB,20200413,4.5000,4.5000,4.5000,4.5000,0
BQB,20200414,4.5000,4.5000,4.5000,4.5000,0
BQB,20200415,4.5000,4.5000,4.5000,4.5000,0
BQB,20200416,4.5000,4.5000,4.5000,4.5000,0
BQB,20200417,4.5000,4.5000,4.5000,4.5000,0
BQB,20200420,4.5000,4.5000,4.5000,4.5000,0
BQB,20200421,4.5000,4.5000,4.5000,4.5000,10000
BQB,20200422,4.5000,4.5000,4.5000,4.5000,0
BQB,20200423,4.5000,4.5000,4.5000,4.5000,5000
BQB,20200424,4.5000,4.5000,4.5000,4.5000,5000
BQB,20200427,4.5000,4.5000,4.5000,4.5000,0
BQB,20200428,4.5000,4.5000,4.5000,4.5000,0
BQB,20200429,4.5000,4.5000,4.5000,4.5000,0
BQB,20200504,4.5000,4.5000,4.5000,4.5000,0
BQB,20200505,4.5000,4.5000,4.5000,4.5000,2500
BQB,20200506,4.5000,4.5000,4.5000,4.5000,0
BQB,20200507,4.5000,4.5000,4.5000,4.5000,0
BQB,20200508,4.5000,4.5000,4.5000,4.5000,0
BQB,20200511,4.5000,4.5000,4.5000,4.5000,0
BQB,20200512,4.5000,4.5000,4.5000,4.5000,0
BQB,20200513,4.5000,4.5000,4.5000,4.5000,0
BQB,20200514,4.5000,4.5000,4.5000,4.5000,0
BQB,20200515,4.5000,4.5000,4.5000,4.5000,0
BQB,20200518,4.5000,4.5000,4.5000,4.5000,0
BQB,20200519,4.5000,4.5000,4.5000,4.5000,0
BQB,20200520,4.5000,4.5000,4.5000,4.5000,0
BQB,20200521,4.5000,4.5000,4.5000,4.5000,0
BQB,20200522,4.5000,4.5000,4.5000,4.5000,0
BQB,20200525,4.5000,4.5000,4.5000,4.5000,0
BQB,20200526,4.5000,4.5000,4.5000,4.5000,0
BQB,20200527,4.5000,4.5000,4.5000,4.5000,0
BQB,20200528,4.5000,4.5000,4.5000,4.5000,0
BQB,20200529,4.5000,4.5000,4.5000,4.5000,0
BQB,20200601,4.5000,4.5000,4.5000,4.5000,0
BQB,20200602,4.5000,4.5000,4.5000,4.5000,0
BQB,20200603,4.5000,4.5000,4.5000,4.5000,0
BQB,20200604,4.5000,4.5000,4.5000,4.5000,0
BQB,20200605,4.5000,4.5000,4.5000,4.5000,0
BQB,20200608,4.5000,4.5000,4.5000,4.5000,0
BQB,20200609,4.5000,4.5000,4.5000,4.5000,0
BQB,20200610,4.5000,4.5000,4.5000,4.5000,0
BQB,20200611,4.5000,4.5000,4.5000,4.5000,0
BQB,20200612,4.5000,4.5000,4.5000,4.5000,0
BQB,20200615,4.5000,4.5000,4.5000,4.5000,0
BQB,20200616,4.5000,4.5000,4.5000,4.5000,0
BQB,20200617,4.5000,4.5000,4.5000,4.5000,0
BQB,20200618,4.5000,4.5000,4.5000,4.5000,0
BQB,20200619,4.5000,4.5000,4.5000,4.5000,0
BQB,20200622,4.5000,4.5000,4.5000,4.5000,0
BQB,20200623,4.5000,4.5000,4.5000,4.5000,0
BQB,20200624,4.5000,4.5000,4.5000,4.5000,0
BQB,20200625,4.5000,4.5000,4.5000,4.5000,0
BQB,20200626,4.5000,4.5000,4.5000,4.5000,0
BQB,20200629,4.5000,4.5000,4.5000,4.5000,0
BQB,20200630,4.5000,4.5000,4.5000,4.5000,0
BQB,20200701,4.5000,4.5000,4.5000,4.5000,0
BQB,20200702,4.5000,4.5000,4.5000,4.5000,0
BQB,20200703,4.5000,4.5000,4.5000,4.5000,0
BQB,20200706,4.5000,4.5000,4.5000,4.5000,0
BQB,20200707,4.5000,4.5000,4.5000,4.5000,0
BQB,20200708,4.5000,4.5000,4.5000,4.5000,0
BQB,20200709,4.5000,4.5000,4.5000,4.5000,0
BQB,20200710,4.5000,4.5000,4.5000,4.5000,0
BQB,20200713,4.5000,4.5000,4.5000,4.5000,0
BQB,20200714,4.5000,4.5000,4.5000,4.5000,0
BQB,20200715,4.5000,4.5000,4.5000,4.5000,0
BQB,20200716,4.5000,4.5000,4.5000,4.5000,0
BQB,20200717,4.5000,4.5000,4.5000,4.5000,0
BQB,20200720,4.5000,4.5000,4.5000,4.5000,0
BQB,20200721,4.5000,4.5000,4.5000,4.5000,0
BQB,20200722,4.5000,4.5000,4.5000,4.5000,0
BQB,20200723,4.5000,4.5000,4.5000,4.5000,0
BQB,20200724,4.5000,4.5000,4.5000,4.5000,0
BQB,20200727,4.5000,4.5000,4.5000,4.5000,0
BQB,20200728,4.5000,4.5000,4.5000,4.5000,0
BQB,20200729,4.5000,4.5000,4.5000,4.5000,0
BQB,20200730,4.5000,4.5000,4.5000,4.5000,0
BQB,20200731,4.5000,4.5000,4.5000,4.5000,0
BQB,20200803,4.5000,4.5000,4.5000,4.5000,0
BQB,20200804,4.5000,4.5000,4.5000,4.5000,0
BQB,20200805,4.5000,4.5000,4.5000,4.5000,0
BQB,20200806,4.5000,4.5000,4.5000,4.5000,0
BQB,20200807,4.5000,4.5000,4.5000,4.5000,0
BQB,20200810,4.5000,4.5000,4.5000,4.5000,0
BQB,20200811,4.5000,4.5000,4.5000,4.5000,0
BQB,20200812,4.5000,4.5000,4.5000,4.5000,0
BQB,20200813,4.5000,4.5000,4.5000,4.5000,0
BQB,20200814,4.5000,4.5000,4.5000,4.5000,0
BQB,20200817,4.5000,4.5000,4.5000,4.5000,0
BQB,20200818,4.5000,4.5000,4.5000,4.5000,0
BQB,20200819,4.5000,4.5000,4.5000,4.5000,0
BQB,20200820,4.5000,4.5000,4.5000,4.5000,0
BQB,20200821,4.5000,4.5000,4.5000,4.5000,0
BQB,20200824,4.5000,4.5000,4.5000,4.5000,0
BQB,20200825,4.5000,4.5000,4.5000,4.5000,0
BQB,20200826,4.5000,4.5000,4.5000,4.5000,0
BQB,20200827,6.3000,6.3000,6.3000,6.3000,100
BQB,20200828,7.2000,7.2000,7.2000,7.2000,100
BQB,20200831,8.2000,8.2000,6.2000,8.2000,2200
BQB,20200901,6.4000,6.4000,6.4000,6.4000,0
BQB,20200903,6.4000,6.4000,6.4000,6.4000,0
BQB,20200904,6.4000,6.4000,6.4000,6.4000,0
BQB,20200907,6.4000,6.4000,6.4000,6.4000,0
BQB,20200908,5.5000,5.5000,5.5000,5.5000,700
BQB,20200909,5.5000,5.5000,5.5000,5.5000,0
BQB,20200910,5.5000,5.5000,5.5000,5.5000,0
BQB,20200911,5.5000,5.5000,5.5000,5.5000,0
BQB,20200914,4.7000,4.7000,4.7000,4.7000,500
BQB,20200915,4.7000,4.7000,4.7000,4.7000,0
BQB,20200916,4.7000,4.7000,4.7000,4.7000,0
BQB,20200917,4.7000,4.7000,4.7000,4.7000,0
BQB,20200918,4.7000,4.7000,4.7000,4.7000,0
BQB,20200921,4.7000,4.7000,4.7000,4.7000,0
BQB,20200922,5.4000,5.4000,5.4000,5.4000,1100
BQB,20200923,5.4000,5.4000,5.4000,5.4000,0
BQB,20200924,5.4000,5.4000,5.4000,5.4000,0
BQB,20200925,5.4000,5.4000,5.4000,5.4000,0
BQB,20200928,5.4000,5.4000,5.4000,5.4000,0
BQB,20200929,5.4000,5.4000,5.4000,5.4000,0
BQB,20200930,5.4000,5.4000,5.4000,5.4000,0
BQB,20201001,5.4000,5.4000,5.4000,5.4000,0
BQB,20201002,5.4000,5.4000,5.4000,5.4000,0
BQB,20201005,5.4000,5.4000,5.4000,5.4000,0
BQB,20201006,5.4000,5.4000,5.4000,5.4000,0
BQB,20201007,5.4000,5.4000,5.4000,5.4000,0
BQB,20201008,5.4000,5.4000,5.4000,5.4000,0
BQB,20201009,5.4000,5.4000,5.4000,5.4000,0
BQB,20201012,5.4000,5.4000,5.4000,5.4000,0
BQB,20201013,5.4000,5.4000,5.4000,5.4000,0
BQB,20201014,5.4000,5.4000,5.4000,5.4000,0
BQB,20201015,5.4000,5.4000,5.4000,5.4000,0
BQB,20201016,5.4000,5.4000,5.4000,5.4000,0
BQB,20201019,5.4000,5.4000,5.4000,5.4000,0
BQB,20201020,5.4000,5.4000,5.4000,5.4000,0
BQB,20201021,5.4000,5.4000,5.4000,5.4000,0
BQB,20201022,5.4000,5.4000,5.4000,5.4000,0
BQB,20201023,5.4000,5.4000,5.4000,5.4000,0
BQB,20201026,5.4000,5.4000,5.4000,5.4000,0
BQB,20201027,5.4000,5.4000,5.4000,5.4000,0
BQB,20201028,5.4000,5.4000,5.4000,5.4000,0
BQB,20201029,5.4000,5.4000,5.4000,5.4000,0
BQB,20201030,5.4000,5.4000,5.4000,5.4000,0
BQB,20201102,4.0000,4.0000,4.0000,4.0000,1000
BQB,20201103,4.0000,4.0000,4.0000,4.0000,0
BQB,20201104,4.0000,4.0000,4.0000,4.0000,0
BQB,20201105,4.0000,4.0000,4.0000,4.0000,0
BQB,20201106,4.0000,4.0000,4.0000,4.0000,0
BQB,20201109,4.0000,4.0000,4.0000,4.0000,0
BQB,20201110,4.0000,4.0000,4.0000,4.0000,0
BQB,20201111,4.0000,4.0000,4.0000,4.0000,0
BQB,20201112,4.0000,4.0000,4.0000,4.0000,0
BQB,20201113,4.0000,4.0000,4.0000,4.0000,0
BQB,20201116,4.0000,4.0000,4.0000,4.0000,0
BQB,20201117,4.0000,4.0000,4.0000,4.0000,0
BQB,20201118,4.0000,4.0000,4.0000,4.0000,0
BQB,20201119,4.6000,4.6000,4.6000,4.6000,100
BQB,20201120,5.2000,5.2000,5.2000,5.2000,100
BQB,20201123,5.2000,5.2000,5.2000,5.2000,0
BQB,20201124,5.2000,5.2000,5.2000,5.2000,0
BQB,20201125,5.2000,5.2000,5.2000,5.2000,0
BQB,20201126,5.4000,5.4000,5.4000,5.4000,100
BQB,20201127,5.4000,5.4000,5.4000,5.4000,0
BQB,20201130,5.4000,5.4000,5.4000,5.4000,0
BQB,20201201,5.4000,5.4000,5.4000,5.4000,0
BQB,20201202,5.4000,5.4000,5.4000,5.4000,0
BQB,20201203,5.4000,5.4000,5.4000,5.4000,0
BQB,20201204,5.4000,5.4000,5.4000,5.4000,0
BQB,20201207,5.4000,5.4000,5.4000,5.4000,0
BQB,20201208,5.4000,5.4000,5.4000,5.4000,0
BQB,20201209,5.4000,5.4000,5.4000,5.4000,0
BQB,20201210,5.4000,5.4000,5.4000,5.4000,0
BQB,20201211,5.4000,5.4000,5.4000,5.4000,100
BQB,20201214,5.4000,5.4000,5.4000,5.4000,100
BQB,20201215,5.4000,5.4000,5.4000,5.4000,0
BQB,20201216,5.4000,5.4000,5.4000,5.4000,0
BQB,20201217,5.4000,5.4000,5.4000,5.4000,0
BQB,20201218,5.4000,5.4000,5.4000,5.4000,0
BQB,20201221,5.4000,5.4000,5.4000,5.4000,0
BQB,20201222,5.4000,5.4000,5.4000,5.4000,0
BQB,20201223,5.4000,5.4000,5.4000,5.4000,0
BQB,20201224,5.4000,5.4000,5.4000,5.4000,0
BQB,20201225,5.4000,5.4000,5.4000,5.4000,0
BQB,20201228,5.4000,5.4000,5.4000,5.4000,0
BQB,20201229,5.4000,5.4000,5.4000,5.4000,0
BQB,20201230,5.4000,5.4000,5.4000,5.4000,0
BQB,20201231,5.4000,5.4000,5.4000,5.4000,0
BQB,20210104,5.4000,5.4000,5.4000,5.4000,0
BQB,20210105,5.4000,5.4000,5.4000,5.4000,0
BQB,20210106,5.4000,5.4000,5.4000,5.4000,0
BQB,20210107,5.4000,5.4000,5.4000,5.4000,0
BQB,20210108,5.4000,5.4000,5.4000,5.4000,0
BQB,20210111,5.4000,5.4000,5.4000,5.4000,0
BQB,20210112,5.4000,5.4000,5.4000,5.4000,500
BQB,20210113,5.4000,5.4000,5.4000,5.4000,0
BQB,20210114,5.4000,5.4000,5.4000,5.4000,0
BQB,20210115,5.5000,5.5000,5.5000,5.5000,500
BQB,20210118,5.5000,5.5000,5.5000,5.5000,0
BQB,20210119,5.5000,5.5000,5.5000,5.5000,1000
BQB,20210120,6.2000,6.2000,6.2000,6.2000,100
BQB,20210121,6.9000,6.9000,6.9000,6.9000,1100
BQB,20210122,6.9000,7.9000,6.9000,7.0000,1000
BQB,20210125,7.0000,7.0000,7.0000,7.0000,0
BQB,20210126,6.0000,6.0000,6.0000,6.0000,300
BQB,20210127,6.0000,6.5000,6.0000,6.5000,2000
BQB,20210128,6.3000,6.3000,6.3000,6.3000,0
BQB,20210129,6.3000,6.3000,6.3000,6.3000,0
BQB,20210201,6.3000,6.3000,6.3000,6.3000,0
BQB,20210202,6.3000,6.3000,6.3000,6.3000,0
BQB,20210203,6.3000,6.3000,6.3000,6.3000,0
BQB,20210204,7.1000,7.1000,7.1000,7.1000,100
BQB,20210205,7.1000,7.1000,7.1000,7.1000,0
BQB,20210208,7.1000,7.1000,7.1000,7.1000,0
BQB,20210209,7.1000,7.1000,7.1000,7.1000,0
BQB,20210217,7.1000,7.1000,7.1000,7.1000,0
BQB,20210218,7.1000,7.1000,7.1000,7.1000,0
BQB,20210219,7.1000,7.1000,7.1000,7.1000,0
BQB,20210222,7.1000,7.1000,7.1000,7.1000,0
BQB,20210223,7.1000,7.1000,7.1000,7.1000,0
BQB,20210224,6.1000,6.1000,6.1000,6.1000,200
BQB,20210225,6.1000,6.1000,6.1000,6.1000,0
BQB,20210226,5.2000,5.2000,5.2000,5.2000,300
BQB,20210301,5.2000,5.2000,5.2000,5.2000,0
BQB,20210302,4.8000,4.8000,4.8000,4.8000,100
BQB,20210303,4.8000,4.8000,4.8000,4.8000,0
BQB,20210304,4.8000,4.8000,4.8000,4.8000,0
BQB,20210305,4.4000,4.4000,4.4000,4.4000,100
BQB,20210308,4.4000,4.4000,4.4000,4.4000,0
BQB,20210309,4.6000,5.0000,4.6000,5.0000,1900
BQB,20210310,5.3000,5.3000,5.3000,5.3000,1000
BQB,20210311,5.2000,5.2000,5.2000,5.2000,500
BQB,20210312,5.2000,5.2000,5.0000,5.0000,100
BQB,20210315,5.0000,5.3000,4.6000,4.6000,300
BQB,20210316,5.0000,5.0000,4.9000,5.0000,300
BQB,20210317,5.0000,5.0000,5.0000,5.0000,200
BQB,20210318,5.0000,5.0000,5.0000,5.0000,100
BQB,20210319,5.5000,5.7000,5.5000,5.7000,6100
BQB,20210322,6.0000,6.4000,6.0000,6.4000,6300
BQB,20210323,5.3000,7.0000,5.3000,7.0000,10400
BQB,20210324,7.6000,7.6000,7.6000,7.6000,100
BQB,20210325,6.5000,7.9000,6.5000,7.9000,27400
BQB,20210326,7.9000,7.9000,6.3000,7.6000,12300
BQB,20210329,6.8000,6.8000,6.8000,6.8000,0
BQB,20210330,6.0000,6.0000,6.0000,6.0000,200
BQB,20210331,5.5000,6.8000,5.5000,6.8000,1000
BQB,20210401,6.2000,7.0000,6.2000,7.0000,1800
BQB,20210402,6.9000,7.3000,6.8000,7.3000,3800
BQB,20210405,7.0000,7.8000,7.0000,7.8000,6400
BQB,20210406,7.3000,7.4000,7.3000,7.4000,600
BQB,20210407,7.3000,7.4000,7.3000,7.4000,3600
BQB,20210408,7.3000,7.3000,7.3000,7.3000,0
BQB,20210409,7.3000,7.3000,7.3000,7.3000,0
BQB,20210412,7.3000,7.3000,7.3000,7.3000,0
BQB,20210413,7.3000,7.3000,7.3000,7.3000,0
BQB,20210414,7.3000,7.3000,7.3000,7.3000,0
BQB,20210415,7.3000,7.3000,7.3000,7.3000,0
BQB,20210416,7.3000,7.3000,7.3000,7.3000,0
BQB,20210419,7.3000,7.3000,7.3000,7.3000,0
BQB,20210420,6.4000,7.1000,6.4000,7.0000,1600
BQB,20210422,6.0000,7.1000,6.0000,7.1000,1800
BQB,20210423,6.1000,6.1000,6.1000,6.1000,0
BQB,20210426,6.8000,6.8000,6.8000,6.8000,100
BQB,20210427,6.8000,6.8000,6.8000,6.8000,0
BQB,20210428,6.8000,6.8000,6.8000,6.8000,0
BQB,20210429,6.8000,6.8000,6.8000,6.8000,0
BQB,20210504,6.8000,6.8000,6.8000,6.8000,0
BQB,20210505,6.8000,6.8000,6.8000,6.8000,0
BQB,20210506,5.9000,7.5000,5.9000,7.5000,600
BQB,20210507,6.2000,6.2000,6.2000,6.2000,0
BQB,20210510,6.2000,6.2000,6.2000,6.2000,0
BQB,20210511,6.2000,6.2000,6.2000,6.2000,0
BQB,20210512,6.2000,6.2000,6.2000,6.2000,0
BQB,20210513,5.9000,5.9000,5.9000,5.9000,2000
BQB,20210514,5.9000,5.9000,5.9000,5.9000,0
BQB,20210517,5.9000,5.9000,5.9000,5.9000,0
BQB,20210518,5.9000,5.9000,5.9000,5.9000,0
BQB,20210519,5.9000,5.9000,5.9000,5.9000,0
BQB,20210520,5.9000,5.9000,5.9000,5.9000,0
BQB,20210521,5.9000,6.5000,5.2000,6.5000,3100
BQB,20210524,5.2000,5.2000,5.2000,5.2000,0
BQB,20210525,5.2000,5.2000,5.2000,5.2000,0
BQB,20210526,5.2000,5.2000,5.2000,5.2000,0
BQB,20210527,5.2000,5.2000,5.2000,5.2000,0
BQB,20210528,5.2000,5.2000,5.2000,5.2000,600
BQB,20210531,5.2000,5.2000,5.2000,5.2000,0
BQB,20210601,5.2000,5.2000,5.2000,5.2000,0
BQB,20210602,5.2000,5.4000,5.2000,5.4000,210
BQB,20210603,5.6000,5.6000,5.6000,5.6000,1000
BQB,20210604,6.0000,6.0000,6.0000,6.0000,100
BQB,20210607,6.0000,6.0000,6.0000,6.0000,101
BQB,20210608,5.9000,5.9000,5.9000,5.9000,100
BQB,20210609,5.9000,5.9000,5.9000,5.9000,0
BQB,20210610,5.9000,5.9000,5.9000,5.9000,0
BQB,20210611,5.2000,5.9000,5.2000,5.9000,2400
BQB,20210614,5.2000,5.2000,5.2000,5.2000,0
BQB,20210615,5.5000,5.5000,5.5000,5.5000,400
BQB,20210616,5.5000,6.0000,5.5000,6.0000,800
BQB,20210617,6.0000,6.0000,5.9000,5.9000,200
BQB,20210618,6.0000,6.0000,6.0000,6.0000,100
BQB,20210621,6.0000,6.0000,5.4000,5.9000,500
BQB,20210622,5.7000,5.7000,5.7000,5.7000,200
BQB,20210623,5.7000,5.7000,5.7000,5.7000,0
BQB,20210624,5.1000,5.7000,5.1000,5.1000,500
BQB,20210625,5.3000,5.3000,5.3000,5.3000,0
BQB,20210628,5.0000,5.0000,5.0000,5.0000,100
BQB,20210629,5.7000,5.7000,5.7000,5.7000,1600
BQB,20210630,5.7000,5.7000,5.7000,5.7000,200
BQB,20210701,5.7000,5.7000,5.7000,5.7000,2100
BQB,20210702,5.7000,5.8000,5.7000,5.7000,1500
BQB,20210705,5.7000,5.7000,5.7000,5.7000,0
BQB,20210706,6.0000,6.0000,6.0000,6.0000,100
BQB,20210707,5.5000,6.0000,5.5000,6.0000,400
BQB,20210708,5.6000,5.6000,5.6000,5.6000,0
BQB,20210709,5.6000,5.6000,5.6000,5.6000,0
BQB,20210712,5.6000,5.6000,5.6000,5.6000,0
BQB,20210713,5.6000,5.6000,5.6000,5.6000,0
BQB,20210714,5.6000,5.6000,5.6000,5.6000,0
BQB,20210715,5.6000,5.6000,5.6000,5.6000,0
BQB,20210716,4.9000,5.7000,4.9000,5.7000,500
BQB,20210719,5.1000,5.1000,5.1000,5.1000,0
BQB,20210720,5.1000,5.1000,5.1000,5.1000,0
BQB,20210721,5.1000,5.1000,5.1000,5.1000,100
BQB,20210722,5.1000,5.1000,5.1000,5.1000,0
BQB,20210723,5.1000,5.1000,5.1000,5.1000,0
BQB,20210726,5.1000,5.1000,5.1000,5.1000,0
BQB,20210727,5.1000,5.1000,5.1000,5.1000,0
BQB,20210728,5.1000,5.1000,5.1000,5.1000,0
BQB,20210729,5.2000,5.2000,5.2000,5.2000,100
BQB,20210730,5.2000,5.2000,5.2000,5.2000,0
BQB,20210802,5.2000,5.2000,5.2000,5.2000,0
BQB,20210803,5.2000,5.2000,5.2000,5.2000,3400
BQB,20210804,5.2000,5.2000,5.2000,5.2000,0
BQB,20210805,5.2000,5.2000,5.2000,5.2000,0
BQB,20210806,5.2000,5.2000,5.2000,5.2000,0
BQB,20210809,5.2000,5.2000,5.2000,5.2000,0
BQB,20210810,5.1000,5.5000,5.1000,5.5000,1500
BQB,20210811,5.5000,5.5000,5.5000,5.5000,300
BQB,20210812,5.5000,5.5000,5.5000,5.5000,100
BQB,20210813,5.5000,5.5000,5.5000,5.5000,0
BQB,20210816,5.5000,5.5000,5.5000,5.5000,100
BQB,20210817,5.1000,5.6000,5.1000,5.6000,2500
BQB,20210818,5.5000,5.5000,5.5000,5.5000,200
BQB,20210819,5.1000,5.5000,5.1000,5.5000,400
BQB,20210820,5.5000,5.7000,5.5000,5.7000,300
BQB,20210823,5.8000,5.8000,5.8000,5.8000,300
BQB,20210824,5.1000,5.2000,5.1000,5.2000,600
BQB,20210825,5.2000,5.5000,5.1000,5.5000,500
BQB,20210826,5.5000,5.8000,5.5000,5.8000,300
BQB,20210827,5.8000,5.8000,5.8000,5.8000,200
BQB,20210830,5.8000,5.8000,5.7000,5.8000,300
BQB,20210831,6.0000,6.0000,6.0000,6.0000,200
BQB,20210901,6.0000,6.2000,6.0000,6.2000,100
BQB,20210906,6.2000,6.2000,6.2000,6.2000,0
BQB,20210907,6.1000,6.1000,6.1000,6.1000,300
BQB,20210908,6.1000,6.1000,6.1000,6.1000,0
BQB,20210909,6.1000,6.1000,6.1000,6.1000,0
BQB,20210910,6.1000,6.1000,6.1000,6.1000,0
BQB,20210913,6.1000,6.1000,6.1000,6.1000,0
BQB,20210914,6.1000,6.1000,6.1000,6.1000,0
BQB,20210915,6.0000,6.1000,5.9000,6.1000,2300
BQB,20210916,6.5000,6.5000,6.5000,6.5000,100
BQB,20210917,6.5000,6.5000,6.5000,6.5000,0
BQB,20210920,5.6000,6.6000,5.6000,6.6000,2400
BQB,20210921,6.5000,6.5000,6.5000,6.5000,0
BQB,20210922,6.5000,6.5000,6.5000,6.5000,0
BQB,20210923,6.5000,6.5000,6.5000,6.5000,0
BQB,20210924,5.6000,6.4000,5.6000,6.4000,600
BQB,20210927,5.8000,5.8000,5.8000,5.8000,0
BQB,20210928,6.0000,6.0000,6.0000,6.0000,200
BQB,20210929,5.6000,6.3000,5.6000,6.3000,200
BQB,20210930,6.0000,6.0000,6.0000,6.0000,400
BQB,20211001,6.0000,6.0000,6.0000,6.0000,0
BQB,20211004,6.5000,6.5000,5.9000,6.0000,3300
BQB,20211005,6.1000,6.4000,6.1000,6.4000,1200
BQB,20211006,6.1000,6.1000,6.1000,6.1000,0
BQB,20211007,5.6000,6.0000,5.6000,6.0000,400
BQB,20211008,5.7000,5.7000,5.7000,5.7000,0
BQB,20211011,5.7000,5.7000,5.7000,5.7000,0
BQB,20211012,5.7000,5.7000,5.7000,5.7000,300
BQB,20211013,5.7000,5.7000,5.7000,5.7000,0
BQB,20211014,5.9000,5.9000,5.9000,5.9000,300
BQB,20211015,5.9000,5.9000,5.9000,5.9000,100
BQB,20211018,5.9000,5.9000,5.9000,5.9000,0
BQB,20211019,5.6000,5.6000,5.1000,5.2000,6500
BQB,20211020,5.8000,5.8000,5.8000,5.8000,5500
BQB,20211021,5.8000,5.8000,5.8000,5.8000,1500
BQB,20211022,5.8000,5.8000,5.8000,5.8000,500
BQB,20211025,5.8000,5.9000,5.3000,5.9000,1200
BQB,20211026,5.9000,5.9000,5.6000,5.6000,900
BQB,20211027,5.7000,5.9000,5.7000,5.9000,12500
BQB,20211028,5.9000,5.9000,5.3000,5.4000,30400
BQB,20211029,5.5000,5.6000,5.5000,5.6000,7600
BQB,20211101,5.6000,6.3000,5.6000,6.3000,31100
BQB,20211102,6.3000,6.3000,5.8000,6.2000,20800
BQB,20211103,6.2000,6.2000,6.2000,6.2000,11500
BQB,20211104,6.1000,7.1000,5.7000,7.1000,93789
BQB,20211105,7.6000,7.9000,7.4000,7.5000,27200
BQB,20211108,7.5000,7.5000,6.9000,7.1000,9200
BQB,20211109,7.1000,7.1000,6.6000,6.6000,10600
BQB,20211110,6.9000,7.0000,6.9000,7.0000,5100
BQB,20211111,7.0000,7.0000,7.0000,7.0000,1000
BQB,20211112,7.1000,7.1000,6.9000,7.0000,3889
BQB,20211115,7.1000,8.0000,7.0000,7.9000,10500
BQB,20211116,7.8000,7.8000,7.8000,7.8000,100
BQB,20211117,7.8000,7.8000,7.7000,7.7000,5900
BQB,20211118,7.5000,7.5000,7.4000,7.4000,1400
BQB,20211119,7.4000,7.5000,7.4000,7.5000,1500
BQB,20211122,7.4000,7.4000,6.5000,6.8000,2300
BQB,20211123,7.3000,7.5000,6.8000,6.8000,5300
BQB,20211124,7.6000,8.0000,7.5000,8.0000,49000
BQB,20211125,8.0000,9.0000,6.9000,9.0000,23642
BQB,20211126,10.1000,10.1000,8.9000,10.1000,22300
BQB,20211129,11.0000,11.6000,10.2000,10.9000,45700
BQB,20211130,11.5000,12.5000,10.9000,11.2000,60581
BQB,20211201,11.9000,13.6000,11.9000,12.8000,130662
BQB,20211202,12.5000,12.8000,11.2000,11.3000,75590
BQB,20211203,11.6000,11.6000,10.5000,10.6000,19401
BQB,20211206,12.7000,12.7000,9.5000,9.6000,43802
BQB,20211207,9.6000,10.5000,8.8000,10.4000,12200
BQB,20211208,10.3000,10.3000,9.2000,10.1000,7800
BQB,20211209,8.6000,9.9000,8.6000,9.9000,1100
BQB,20211210,9.9000,9.9000,8.4000,9.9000,2060
BQB,20211213,9.5000,9.5000,9.0000,9.0000,12550
BQB,20211214,8.6000,9.0000,8.5000,9.0000,15300
BQB,20211215,8.7000,9.5000,8.5000,9.2000,14800
BQB,20211216,8.8000,9.5000,8.2000,8.9000,9600
BQB,20211217,8.9000,9.3000,8.2000,9.3000,29300
BQB,20211220,8.9000,9.9000,8.3000,9.3000,17945
BQB,20211221,9.2000,9.5000,8.9000,9.1000,8500
BQB,20211222,9.4000,9.4000,8.5000,8.6000,47700
BQB,20211223,8.6000,9.0000,7.9000,8.2000,33800
BQB,20211224,9.0000,9.0000,8.1000,8.3000,8006
BQB,20211227,8.3000,8.8000,8.3000,8.8000,14800
BQB,20211228,8.8000,8.8000,8.2000,8.5000,8000
BQB,20211229,8.1000,9.2000,8.1000,8.9000,24450
BQB,20211230,8.9000,9.0000,8.4000,8.8000,13500
BQB,20211231,8.5000,9.0000,8.1000,8.7000,5500
BQB,20220104,8.7000,8.8000,8.7000,8.7000,4400
BQB,20220105,8.7000,9.0000,8.5000,8.7000,11035
BQB,20220106,8.6000,8.9000,8.6000,8.9000,13945
BQB,20220107,8.9000,8.9000,8.4000,8.9000,11660
BQB,20220110,9.0000,9.0000,8.8000,8.8000,10947
BQB,20220111,8.8000,8.8000,8.6000,8.7000,5400
BQB,20220112,8.7000,8.7000,8.1000,8.7000,2300
BQB,20220113,8.6000,8.6000,7.8000,7.9000,12428
BQB,20220114,8.3000,8.3000,7.3000,7.3000,2601
BQB,20220117,7.3000,8.2000,7.3000,8.2000,5200
BQB,20220118,7.0000,7.0000,7.0000,7.0000,200
BQB,20220119,6.9000,8.0000,6.9000,7.7000,1900
BQB,20220120,7.7000,8.7000,7.7000,8.7000,4900
BQB,20220121,8.7000,8.9000,8.0000,8.0000,2500
BQB,20220124,8.8000,8.8000,8.5000,8.5000,200
BQB,20220125,8.8000,8.8000,8.6000,8.6000,200
BQB,20220126,7.4000,8.7000,7.4000,8.5000,3300
BQB,20220127,8.5000,8.5000,8.0000,8.4000,1300
BQB,20220128,8.4000,8.4000,8.4000,8.4000,100
BQB,20220207,8.3000,8.9000,7.5000,8.5000,2700
BQB,20220208,8.8000,8.9000,8.7000,8.7000,1500
BQB,20220209,8.7000,8.7000,8.4000,8.4000,300
BQB,20220210,7.3000,8.4000,7.3000,8.4000,1100
BQB,20220211,8.4000,8.4000,8.3000,8.3000,500
BQB,20220214,8.2000,8.2000,8.0000,8.2000,800
BQB,20220215,8.2000,8.2000,8.2000,8.2000,0
BQB,20220216,8.1000,8.2000,7.1000,8.2000,900
BQB,20220217,7.2000,8.0000,7.2000,7.9000,1948
BQB,20220218,7.0000,8.0000,7.0000,7.2000,10700
BQB,20220221,8.0000,8.0000,7.8000,7.8000,6300
BQB,20220222,7.9000,7.9000,7.2000,7.8000,1700
BQB,20220223,7.0000,7.4000,7.0000,7.4000,4835
BQB,20220224,7.8000,7.8000,7.2000,7.4000,1671
BQB,20220225,7.3000,7.7000,7.0000,7.1000,2300
BQB,20220228,7.1000,7.8000,7.0000,7.8000,8319
BQB,20220301,7.5000,7.5000,7.0000,7.2000,4619
BQB,20220302,7.2000,7.7000,7.2000,7.7000,10022
BQB,20220303,7.7000,7.8000,7.6000,7.7000,7000
BQB,20220304,7.7000,7.8000,7.5000,7.6000,9200
BQB,20220307,7.6000,7.7000,7.5000,7.5000,6600
BQB,20220308,7.6000,8.0000,7.5000,7.7000,6056
BQB,20220309,7.7000,7.9000,7.6000,7.7000,5910
BQB,20220310,8.0000,8.0000,7.1000,7.8000,3724
BQB,20220311,7.6000,7.6000,7.2000,7.5000,5900
BQB,20220314,7.5000,7.9000,7.5000,7.7000,4758
BQB,20220315,7.7000,7.8000,7.1000,7.7000,1600
BQB,20220316,7.7000,7.7000,7.3000,7.5000,1000
BQB,20220317,7.5000,7.7000,7.5000,7.5000,3317
BQB,20220318,7.5000,7.7000,7.4000,7.5000,8041
BQB,20220321,7.5000,7.7000,7.5000,7.7000,1940
BQB,20220322,7.7000,7.7000,7.6000,7.6000,37500
BQB,20220323,7.6000,7.6000,7.4000,7.6000,8700
BQB,20220324,7.7000,8.0000,7.7000,7.9000,31900
BQB,20220325,7.9000,7.9000,7.3000,7.8000,11417
BQB,20220328,7.5000,7.8000,7.3000,7.7000,2400
BQB,20220329,7.8000,7.8000,7.4000,7.5000,1900
BQB,20220330,7.5000,7.5000,7.4000,7.5000,7200
BQB,20220331,7.5000,7.6000,7.4000,7.4000,6701
BQB,20220401,7.4000,7.4000,7.2000,7.4000,20630
BQB,20220404,7.6000,7.6000,7.4000,7.4000,31042
BQB,20220405,7.3000,7.5000,7.3000,7.5000,92900
BQB,20220406,7.5000,8.3000,7.3000,7.3000,66359
BQB,20220407,8.5000,9.0000,8.1000,8.3000,44162
BQB,20220408,8.5000,8.5000,7.4000,7.5000,70300
BQB,20220412,7.4000,7.5000,7.1000,7.1000,24700
BQB,20220413,7.1000,7.1000,6.9000,7.1000,13159
BQB,20220414,6.9000,7.1000,6.3000,7.0000,13600
BQB,20220415,7.0000,7.3000,7.0000,7.0000,8700
BQB,20220418,7.0000,7.0000,6.3000,6.7000,7800
BQB,20220419,6.6000,6.6000,5.9000,6.6000,2700
BQB,20220420,6.4000,6.4000,5.5000,6.2000,13500
BQB,20220421,5.9000,6.3000,5.8000,5.8000,23500
BQB,20220422,6.1000,6.1000,5.6000,5.9000,3200
BQB,20220425,5.8000,5.9000,5.8000,5.9000,1
BQB,20220426,5.8000,6.2000,5.8000,6.1000,3498
BQB,20220427,6.2000,6.2000,6.0000,6.1000,2200
BQB,20220428,6.3000,6.8000,5.7000,6.5000,6901
BQB,20220429,6.1000,6.5000,6.1000,6.5000,2322
BQB,20220504,6.1000,7.1000,6.0000,6.5000,9200
BQB,20220505,6.4000,6.4000,6.4000,6.4000,300
BQB,20220506,6.1000,6.1000,5.5000,6.1000,7340
BQB,20220509,5.3000,6.4000,5.0000,5.7000,14119
BQB,20220510,5.8000,6.0000,5.8000,6.0000,11900
BQB,20220511,6.0000,6.0000,6.0000,6.0000,1400
BQB,20220512,5.7000,5.9000,5.5000,5.8000,1906
BQB,20220513,5.3000,5.8000,5.3000,5.7000,6900
BQB,20220516,5.4000,5.7000,4.6000,4.7000,53800
BQB,20220517,4.7000,4.7000,4.2000,4.2000,2100
BQB,20220518,4.2000,4.9000,4.2000,4.9000,8700
BQB,20220519,4.9000,4.9000,4.7000,4.9000,4000
BQB,20220520,4.9000,5.0000,4.9000,4.9000,6500
BQB,20220523,4.9000,5.0000,4.9000,4.9000,300
BQB,20220524,4.9000,4.9000,4.7000,4.7000,200
BQB,20220525,4.9000,5.0000,4.8000,5.0000,4000
BQB,20220526,4.8000,5.1000,4.8000,5.0000,5200
BQB,20220527,5.0000,5.0000,5.0000,5.0000,1800
BQB,20220530,4.6000,5.1000,4.6000,5.0000,8300
BQB,20220531,5.0000,5.1000,5.0000,5.1000,4428
BQB,20220601,5.1000,5.3000,4.9000,5.3000,2320
BQB,20220602,5.3000,5.4000,5.0000,5.0000,3513
BQB,20220603,4.5000,5.2000,4.5000,4.9000,5100
BQB,20220606,4.9000,4.9000,4.8000,4.8000,2720
BQB,20220607,4.8000,4.8000,4.7000,4.8000,2002
BQB,20220608,4.7000,4.9000,4.7000,4.9000,5700
BQB,20220609,5.0000,5.0000,4.7000,5.0000,600
BQB,20220610,5.0000,5.0000,5.0000,5.0000,800
BQB,20220613,5.0000,5.0000,5.0000,5.0000,0
BQB,20220614,4.3000,5.0000,4.3000,4.7000,2000
BQB,20220615,4.8000,4.8000,4.5000,4.5000,700
BQB,20220616,5.0000,5.0000,4.7000,4.7000,1400
BQB,20220617,4.8000,4.8000,4.8000,4.8000,500
BQB,20220620,4.8000,4.8000,4.1000,4.1000,4800
BQB,20220621,4.1000,4.4000,4.1000,4.4000,1700
BQB,20220622,4.4000,4.4000,4.4000,4.4000,4303
BQB,20220623,4.4000,4.6000,4.4000,4.6000,1300
BQB,20220624,4.5000,4.5000,4.5000,4.5000,1200
BQB,20220627,4.5000,4.5000,4.5000,4.5000,900
BQB,20220628,4.1000,4.5000,4.1000,4.4000,10900
BQB,20220629,4.8000,4.8000,4.3000,4.4000,3900
BQB,20220630,4.4000,4.8000,4.4000,4.8000,1400
BQB,20220701,4.4000,4.4000,4.1000,4.1000,2300
BQB,20220704,4.8000,4.8000,4.6000,4.6000,3700
BQB,20220705,4.7000,4.7000,4.7000,4.7000,100
BQB,20220706,4.5000,4.8000,4.5000,4.7000,800
BQB,20220707,4.2000,4.2000,4.2000,4.2000,200
BQB,20220708,4.2000,4.2000,4.2000,4.2000,0
BQB,20220711,4.2000,4.2000,4.2000,4.2000,0
BQB,20220712,4.2000,4.2000,4.2000,4.2000,100
BQB,20220713,4.2000,4.2000,4.2000,4.2000,1800
BQB,20220714,3.9000,4.5000,3.9000,4.5000,200
BQB,20220715,4.5000,4.6000,4.5000,4.6000,2105
BQB,20220718,4.6000,4.6000,3.9000,4.0000,3316
BQB,20220719,4.2000,4.5000,4.2000,4.2000,5700
BQB,20220720,3.9000,4.6000,3.9000,4.5000,3700
BQB,20220721,4.0000,4.2000,4.0000,4.2000,1100
BQB,20220722,4.4000,4.4000,4.0000,4.4000,3030
BQB,20220725,4.3000,4.3000,4.3000,4.3000,400
BQB,20220726,4.0000,4.2000,4.0000,4.2000,200
BQB,20220727,4.1000,4.1000,4.1000,4.1000,0
BQB,20220728,4.2000,4.3000,4.0000,4.0000,2500
BQB,20220729,4.2000,4.4000,4.2000,4.2000,1900
BQB,20220801,4.6000,4.6000,4.1000,4.2000,2900
BQB,20220802,4.3000,4.6000,4.3000,4.3000,1600
BQB,20220803,4.2000,4.4000,4.0000,4.4000,11500
BQB,20220804,4.5000,4.5000,4.1000,4.5000,7900
BQB,20220805,4.5000,4.5000,4.5000,4.5000,100
BQB,20220808,4.4000,4.4000,4.4000,4.4000,409
BQB,20220809,4.3000,4.4000,4.3000,4.3000,4300
BQB,20220810,4.3000,4.4000,4.3000,4.4000,2200
BQB,20220811,4.3000,4.5000,4.3000,4.3000,6000
BQB,20220812,4.1000,4.4000,4.1000,4.4000,900
BQB,20220815,4.3000,4.3000,4.3000,4.3000,2100
BQB,20220816,4.3000,4.3000,4.3000,4.3000,0
BQB,20220817,4.4000,4.4000,4.0000,4.3000,7200
BQB,20220818,4.3000,4.3000,4.3000,4.3000,0
BQB,20220819,4.1000,4.2000,4.1000,4.2000,500
BQB,20220822,4.2000,4.2000,4.2000,4.2000,1700
BQB,20220823,4.2000,4.2000,4.2000,4.2000,900
BQB,20220824,4.2000,4.4000,4.2000,4.4000,6020
BQB,20220825,4.3000,4.3000,4.1000,4.3000,3900
BQB,20220826,4.3000,4.4000,4.1000,4.2000,1800
BQB,20220829,4.0000,4.0000,4.0000,4.0000,800
BQB,20220830,4.0000,4.2000,4.0000,4.2000,7900
BQB,20220831,4.3000,4.3000,4.0000,4.2000,3100
BQB,20220905,4.2000,4.2000,4.2000,4.2000,821
BQB,20220906,4.1000,4.2000,4.1000,4.2000,6500
BQB,20220907,4.0000,4.2000,4.0000,4.2000,4800
BQB,20220908,4.1000,4.1000,4.0000,4.0000,3100
BQB,20220909,3.9000,4.1000,3.9000,4.1000,4300
BQB,20220912,4.1000,4.2000,4.1000,4.2000,5800
BQB,20220913,4.0000,4.1000,4.0000,4.1000,2500
BQB,20220914,4.0000,4.0000,4.0000,4.0000,3200
BQB,20220915,4.0000,4.0000,3.9000,4.0000,500
BQB,20220916,4.0000,4.0000,4.0000,4.0000,9400
BQB,20220919,4.0000,4.0000,3.6000,3.8000,2100
BQB,20220920,3.8000,3.8000,3.8000,3.8000,0
BQB,20220921,3.8000,3.8000,3.8000,3.8000,3000
BQB,20220922,3.8000,3.8000,3.8000,3.8000,10
BQB,20220923,3.6000,3.6000,3.6000,3.6000,100
BQB,20220926,3.6000,3.6000,3.6000,3.6000,1800
BQB,20220927,3.6000,3.6000,3.6000,3.6000,0
BQB,20220928,3.6000,3.6000,3.6000,3.6000,0
BQB,20220929,3.6000,3.6000,3.6000,3.6000,100
BQB,20220930,3.6000,3.6000,3.6000,3.6000,0
BQB,20221003,3.7000,3.7000,3.7000,3.7000,1900
BQB,20221004,3.7000,3.7000,3.7000,3.7000,2200
BQB,20221005,3.7000,3.7000,3.7000,3.7000,0
BQB,20221006,3.6000,3.6000,3.6000,3.6000,1001
BQB,20221007,3.6000,3.6000,3.6000,3.6000,200
BQB,20221010,3.6000,3.6000,3.6000,3.6000,0
BQB,20221011,3.6000,4.0000,3.6000,4.0000,3200
BQB,20221012,3.7000,3.7000,3.7000,3.7000,0
BQB,20221013,3.7000,3.7000,3.7000,3.7000,1600
BQB,20221014,3.7000,3.7000,3.7000,3.7000,0
BQB,20221017,3.7000,3.7000,3.6000,3.7000,1700
BQB,20221018,3.9000,3.9000,3.9000,3.9000,100
BQB,20221019,3.6000,3.6000,3.5000,3.5000,400
BQB,20221020,3.9000,3.9000,3.9000,3.9000,200
BQB,20221021,3.9000,3.9000,3.9000,3.9000,0
BQB,20221024,3.5000,3.5000,3.4000,3.4000,1100
BQB,20221025,3.5000,3.5000,3.5000,3.5000,3100
BQB,20221026,3.5000,3.5000,3.5000,3.5000,0
BQB,20221027,3.5000,3.5000,3.0000,3.0000,300
BQB,20221028,3.7000,3.7000,3.7000,3.7000,100
BQB,20221031,3.7000,3.7000,3.7000,3.7000,0
BQB,20221101,3.7000,3.7000,3.7000,3.7000,5100
BQB,20221102,3.7000,3.7000,3.7000,3.7000,500
BQB,20221103,3.7000,3.7000,3.7000,3.7000,100
BQB,20221104,3.7000,3.7000,3.7000,3.7000,0
BQB,20221107,3.2000,3.2000,3.2000,3.2000,100
BQB,20221108,3.6000,3.6000,3.6000,3.6000,2500
BQB,20221109,4.1000,4.1000,4.0000,4.1000,5100
BQB,20221110,4.0000,4.0000,4.0000,4.0000,0
BQB,20221111,4.0000,4.0000,4.0000,4.0000,0
BQB,20221114,3.4000,3.4000,3.4000,3.4000,3900
BQB,20221115,3.4000,3.4000,3.4000,3.4000,1000
BQB,20221116,3.4000,3.4000,3.4000,3.4000,0
BQB,20221117,3.4000,3.4000,3.4000,3.4000,0
BQB,20221118,3.4000,3.4000,3.4000,3.4000,21
BQB,20221121,3.9000,3.9000,3.5000,3.5000,200
BQB,20221122,3.7000,3.7000,3.7000,3.7000,100
BQB,20221123,3.7000,3.7000,3.7000,3.7000,5000
BQB,20221124,3.3000,3.3000,3.3000,3.3000,100
BQB,20221125,3.3000,3.3000,3.3000,3.3000,2200
BQB,20221128,3.3000,3.3000,3.3000,3.3000,200
BQB,20221129,3.4000,3.4000,3.4000,3.4000,400
BQB,20221130,3.3000,3.9000,3.3000,3.9000,8500
BQB,20221201,4.4000,4.4000,4.4000,4.4000,5000
BQB,20221202,4.4000,4.4000,4.4000,4.4000,200
BQB,20221205,4.4000,4.4000,4.3000,4.3000,1200
BQB,20221206,3.7000,3.7000,3.7000,3.7000,600
BQB,20221207,3.7000,3.7000,3.7000,3.7000,2000
BQB,20221208,3.7000,3.7000,3.7000,3.7000,200
BQB,20221209,4.2000,4.2000,4.2000,4.2000,200
BQB,20221212,3.6000,3.6000,3.6000,3.6000,4900
BQB,20221213,3.2000,3.2000,3.2000,3.2000,1900
BQB,20221214,3.6000,3.6000,3.6000,3.6000,1200
BQB,20221215,3.6000,3.6000,3.6000,3.6000,0
BQB,20221216,3.6000,4.1000,3.6000,4.1000,1305
BQB,20221219,3.4000,3.5000,3.4000,3.5000,1200
BQB,20221220,3.5000,3.5000,3.5000,3.5000,0
BQB,20221221,3.5000,3.5000,3.4000,3.4000,5300
BQB,20221222,3.4000,3.4000,3.4000,3.4000,0
BQB,20221223,3.3000,3.3000,3.3000,3.3000,1200
BQB,20221226,3.4000,3.4000,3.4000,3.4000,1000
BQB,20221227,3.4000,3.4000,3.4000,3.4000,200
BQB,20221228,3.4000,3.4000,3.4000,3.4000,0
BQB,20221229,3.4000,3.4000,3.4000,3.4000,0
BQB,20221230,3.4000,3.4000,3.4000,3.4000,0
BQB,20230103,2.9000,3.1000,2.9000,3.1000,9800
BQB,20230104,3.2000,3.2000,3.2000,3.2000,1800
BQB,20230105,3.2000,3.2000,3.2000,3.2000,0
BQB,20230106,3.4000,3.4000,3.4000,3.4000,100
BQB,20230109,3.4000,3.4000,3.4000,3.4000,0
BQB,20230110,3.4000,3.4000,3.4000,3.4000,0
BQB,20230111,3.4000,3.4000,3.4000,3.4000,1000
BQB,20230112,3.4000,3.4000,3.4000,3.4000,0
BQB,20230113,3.4000,3.4000,3.4000,3.4000,0
BQB,20230116,3.4000,3.4000,3.4000,3.4000,0
BQB,20230117,3.4000,3.4000,3.4000,3.4000,0
BQB,20230118,3.4000,3.4000,3.4000,3.4000,0
BQB,20230119,3.4000,3.4000,3.4000,3.4000,100