AFX,20161202,10.0000,10.0000,8.0000,8.0000,2200
AFX,20161205,8.2000,8.2000,8.2000,8.2000,0
AFX,20161206,8.2000,8.2000,8.2000,8.2000,0
AFX,20161207,8.2000,8.2000,8.2000,8.2000,0
AFX,20161208,7.0000,7.0000,7.0000,7.0000,2000
AFX,20161209,6.0000,6.0000,6.0000,6.0000,5000
AFX,20161212,5.1000,5.1000,5.1000,5.1000,5000
AFX,20161213,4.4000,4.4000,4.4000,4.4000,3800
AFX,20161214,4.0000,4.0000,4.0000,4.0000,1300
AFX,20161215,4.0000,4.0000,4.0000,4.0000,0
AFX,20161216,4.0000,4.0000,3.5000,3.5000,800
AFX,20161219,3.9000,3.9000,3.9000,3.9000,0
AFX,20161220,3.9000,3.9000,3.9000,3.9000,0
AFX,20161221,3.9000,3.9000,3.9000,3.9000,0
AFX,20161222,3.4000,3.4000,3.4000,3.4000,100
AFX,20161223,3.5000,3.5000,3.5000,3.5000,1100
AFX,20161226,3.5000,3.5000,3.5000,3.5000,0
AFX,20161227,3.5000,3.5000,3.5000,3.5000,0
AFX,20161228,3.5000,3.5000,3.5000,3.5000,0
AFX,20161229,3.5000,3.5000,3.5000,3.5000,0
AFX,20161230,3.5000,3.5000,3.5000,3.5000,0
AFX,20170103,3.5000,3.5000,3.5000,3.5000,0
AFX,20170104,3.5000,3.5000,3.5000,3.5000,0
AFX,20170105,3.5000,3.5000,3.5000,3.5000,0
AFX,20170106,3.5000,3.5000,3.5000,3.5000,0
AFX,20170109,3.5000,3.5000,3.5000,3.5000,0
AFX,20170110,3.5000,3.5000,3.5000,3.5000,0
AFX,20170111,3.5000,3.5000,3.5000,3.5000,0
AFX,20170112,3.5000,3.5000,3.5000,3.5000,0
AFX,20170113,3.5000,3.5000,3.5000,3.5000,0
AFX,20170116,3.5000,3.5000,3.5000,3.5000,0
AFX,20170117,3.5000,3.5000,3.5000,3.5000,0
AFX,20170118,3.5000,3.5000,3.5000,3.5000,0
AFX,20170119,3.5000,3.5000,3.5000,3.5000,0
AFX,20170120,3.5000,3.5000,3.5000,3.5000,0
AFX,20170123,3.5000,3.5000,3.5000,3.5000,0
AFX,20170124,3.5000,3.5000,3.5000,3.5000,0
AFX,20170125,3.5000,3.5000,3.5000,3.5000,0
AFX,20170202,3.5000,3.5000,3.5000,3.5000,0
AFX,20170203,3.5000,3.5000,3.5000,3.5000,0
AFX,20170206,3.5000,3.5000,3.5000,3.5000,0
AFX,20170207,3.5000,3.5000,3.5000,3.5000,0
AFX,20170208,3.5000,3.5000,3.5000,3.5000,0
AFX,20170209,3.5000,3.5000,3.5000,3.5000,0
AFX,20170210,3.5000,3.5000,3.5000,3.5000,0
AFX,20170213,4.9000,4.9000,4.9000,4.9000,100
AFX,20170214,4.9000,4.9000,4.2000,4.2000,500
AFX,20170215,4.8000,4.8000,4.8000,4.8000,0
AFX,20170216,4.1000,4.1000,4.1000,4.1000,100
AFX,20170217,4.1000,4.1000,4.1000,4.1000,200
AFX,20170220,3.5000,3.5000,3.5000,3.5000,100
AFX,20170221,3.3000,4.0000,3.3000,4.0000,200
AFX,20170222,3.3000,3.3000,3.3000,3.3000,9600
AFX,20170223,3.7000,3.7000,3.7000,3.7000,100
AFX,20170224,4.2000,4.2000,4.2000,4.2000,100
AFX,20170227,4.2000,4.8000,4.2000,4.8000,200
AFX,20170228,5.1000,5.1000,3.9000,3.9000,400
AFX,20170301,4.2000,4.2000,4.0000,4.0000,800
AFX,20170302,4.7000,4.7000,4.7000,4.7000,100
AFX,20170303,4.3000,4.9000,4.3000,4.9000,300
AFX,20170306,4.7000,4.7000,4.7000,4.7000,0
AFX,20170307,4.7000,4.7000,4.7000,4.7000,0
AFX,20170308,4.7000,4.7000,4.7000,4.7000,0
AFX,20170309,4.7000,4.7000,4.7000,4.7000,0
AFX,20170310,4.0000,4.1000,4.0000,4.1000,1000
AFX,20170313,4.3000,4.3000,4.3000,4.3000,100
AFX,20170314,4.4000,4.4000,4.4000,4.4000,100
AFX,20170315,4.4000,4.4000,4.4000,4.4000,0
AFX,20170316,4.4000,4.4000,4.4000,4.4000,0
AFX,20170317,4.4000,4.4000,4.4000,4.4000,0
AFX,20170320,4.4000,4.4000,4.4000,4.4000,0
AFX,20170321,3.8000,3.8000,3.8000,3.8000,500
AFX,20170322,3.8000,3.8000,3.8000,3.8000,0
AFX,20170323,3.8000,3.8000,3.8000,3.8000,0
AFX,20170324,3.8000,3.8000,3.8000,3.8000,0
AFX,20170327,4.0000,4.0000,4.0000,4.0000,100
AFX,20170328,4.0000,4.0000,4.0000,4.0000,0
AFX,20170329,4.0000,4.0000,4.0000,4.0000,0
AFX,20170330,4.0000,4.0000,4.0000,4.0000,100
AFX,20170331,3.4000,3.4000,3.4000,3.4000,1900
AFX,20170403,3.4000,3.4000,3.4000,3.4000,0
AFX,20170404,3.4000,3.4000,3.4000,3.4000,0
AFX,20170405,3.6000,3.6000,3.6000,3.6000,200
AFX,20170407,3.6000,3.6000,3.6000,3.6000,0
AFX,20170410,3.6000,3.6000,3.6000,3.6000,0
AFX,20170411,3.6000,3.6000,3.6000,3.6000,0
AFX,20170412,3.6000,3.6000,3.6000,3.6000,100
AFX,20170413,3.6000,3.6000,3.6000,3.6000,0
AFX,20170414,3.6000,3.6000,3.6000,3.6000,0
AFX,20170417,3.6000,3.6000,3.6000,3.6000,0
AFX,20170418,3.6000,3.6000,3.6000,3.6000,0
AFX,20170419,3.6000,3.6000,3.6000,3.6000,0
AFX,20170420,3.6000,3.6000,3.6000,3.6000,0
AFX,20170421,3.6000,3.6000,3.6000,3.6000,0
AFX,20170424,3.6000,3.6000,3.6000,3.6000,0
AFX,20170425,3.6000,3.6000,3.6000,3.6000,0
AFX,20170426,3.1000,3.1000,3.1000,3.1000,2400
AFX,20170427,3.1000,3.5000,3.1000,3.5000,200
AFX,20170428,3.3000,3.3000,3.3000,3.3000,0
AFX,20170503,3.7000,3.7000,3.7000,3.7000,100
AFX,20170504,3.7000,3.7000,3.7000,3.7000,600
AFX,20170505,3.9000,4.0000,3.9000,4.0000,600
AFX,20170508,3.7000,3.7000,3.7000,3.7000,300
AFX,20170509,3.7000,3.7000,3.7000,3.7000,0
AFX,20170510,3.7000,3.7000,3.7000,3.7000,800
AFX,20170511,3.7000,3.7000,3.7000,3.7000,700
AFX,20170512,3.7000,3.7000,3.7000,3.7000,2000
AFX,20170515,3.7000,3.7000,3.7000,3.7000,300
AFX,20170516,3.7000,3.7000,3.7000,3.7000,800
AFX,20170517,3.7000,3.7000,3.7000,3.7000,3200
AFX,20170518,3.6000,3.6000,3.6000,3.6000,300
AFX,20170519,3.7000,3.7000,3.7000,3.7000,1000
AFX,20170522,3.7000,3.7000,3.7000,3.7000,600
AFX,20170523,3.7000,3.7000,3.7000,3.7000,5400
AFX,20170524,3.7000,3.7000,3.7000,3.7000,0
AFX,20170525,3.7000,3.7000,3.7000,3.7000,0
AFX,20170526,3.7000,3.7000,3.7000,3.7000,300
AFX,20170529,3.7000,3.7000,3.7000,3.7000,1000
AFX,20170530,3.7000,3.7000,3.7000,3.7000,0
AFX,20170531,3.9000,4.0000,3.9000,4.0000,200
AFX,20170601,4.0000,4.0000,4.0000,4.0000,0
AFX,20170602,4.0000,4.0000,4.0000,4.0000,0
AFX,20170605,4.0000,4.0000,4.0000,4.0000,0
AFX,20170606,3.7000,3.7000,3.7000,3.7000,3600
AFX,20170607,3.3000,3.3000,3.3000,3.3000,200
AFX,20170608,3.6000,3.7000,3.6000,3.7000,3000
AFX,20170609,3.7000,3.7000,3.6000,3.6000,7000
AFX,20170612,3.7000,3.7000,3.7000,3.7000,100
AFX,20170613,3.7000,3.9000,3.7000,3.7000,19900
AFX,20170614,3.7000,3.9000,3.7000,3.9000,15900
AFX,20170615,3.8000,3.8000,3.8000,3.8000,4100
AFX,20170616,3.9000,3.9000,3.9000,3.9000,500
AFX,20170619,3.8000,3.9000,3.8000,3.9000,4600
AFX,20170620,3.9000,3.9000,3.9000,3.9000,2000
AFX,20170621,3.9000,3.9000,3.7000,3.7000,10000
AFX,20170622,3.9000,3.9000,3.9000,3.9000,0
AFX,20170623,3.9000,3.9000,3.9000,3.9000,6200
AFX,20170626,4.0000,4.1000,4.0000,4.1000,3600
AFX,20170627,4.4000,4.7000,4.4000,4.7000,80500
AFX,20170628,5.0000,5.1000,4.8000,5.1000,6700
AFX,20170629,5.6000,5.7000,5.6000,5.7000,4700
AFX,20170630,5.5000,5.5000,4.9000,5.5000,1900
AFX,20170703,4.7000,5.8000,4.6000,5.8000,1600
AFX,20170704,4.7000,5.0000,4.6000,4.6000,26300
AFX,20170705,4.5000,4.8000,4.5000,4.8000,5800
AFX,20170706,4.5000,4.5000,4.5000,4.5000,500
AFX,20170707,4.6000,4.6000,4.6000,4.6000,900
AFX,20170710,4.3000,4.4000,4.3000,4.4000,1100
AFX,20170711,4.3000,4.7000,4.3000,4.7000,600
AFX,20170712,4.6000,4.6000,4.6000,4.6000,100
AFX,20170713,5.0000,5.0000,5.0000,5.0000,100
AFX,20170714,4.7000,4.7000,4.7000,4.7000,7700
AFX,20170717,4.7000,4.7000,4.6000,4.6000,4200
AFX,20170718,4.9000,4.9000,4.9000,4.9000,300
AFX,20170719,4.2000,4.6000,4.2000,4.6000,1600
AFX,20170720,4.4000,4.4000,4.4000,4.4000,0
AFX,20170721,3.8000,4.5000,3.8000,4.5000,1400
AFX,20170724,4.4000,4.4000,4.4000,4.4000,100
AFX,20170725,4.4000,4.4000,4.4000,4.4000,0
AFX,20170726,4.4000,4.4000,3.8000,3.8000,1700
AFX,20170727,4.2000,4.2000,4.2000,4.2000,0
AFX,20170728,3.8000,3.8000,3.8000,3.8000,200
AFX,20170731,3.6000,4.2000,3.6000,4.2000,2700
AFX,20170801,4.1000,4.1000,4.1000,4.1000,100
AFX,20170802,4.3000,4.3000,4.3000,4.3000,100
AFX,20170803,3.8000,3.8000,3.7000,3.7000,400
AFX,20170804,4.3000,4.3000,4.3000,4.3000,1700
AFX,20170807,4.5000,4.5000,4.5000,4.5000,900
AFX,20170808,3.9000,4.4000,3.9000,4.4000,1100
AFX,20170809,4.1000,4.1000,4.1000,4.1000,200
AFX,20170810,4.1000,4.1000,4.1000,4.1000,3000
AFX,20170811,4.3000,4.3000,4.3000,4.3000,100
AFX,20170814,4.3000,4.3000,4.3000,4.3000,300
AFX,20170815,3.7000,3.7000,3.7000,3.7000,400
AFX,20170816,3.7000,3.8000,3.7000,3.8000,1400
AFX,20170817,3.8000,3.8000,3.8000,3.8000,0
AFX,20170818,4.0000,4.0000,4.0000,4.0000,2200
AFX,20170821,4.0000,4.0000,4.0000,4.0000,500
AFX,20170822,4.0000,4.0000,4.0000,4.0000,0
AFX,20170823,4.0000,4.0000,4.0000,4.0000,0
AFX,20170824,3.8000,3.8000,3.8000,3.8000,100
AFX,20170825,3.8000,3.8000,3.8000,3.8000,0
AFX,20170828,3.8000,3.8000,3.8000,3.8000,0
AFX,20170829,3.8000,3.8000,3.3000,3.3000,500
AFX,20170830,3.7000,3.7000,3.7000,3.7000,0
AFX,20170831,3.7000,3.7000,3.7000,3.7000,0
AFX,20170901,3.7000,3.7000,3.7000,3.7000,0
AFX,20170905,3.7000,3.7000,3.7000,3.7000,0
AFX,20170906,3.6000,4.1000,3.6000,4.1000,300
AFX,20170907,3.8000,3.8000,3.8000,3.8000,0
AFX,20170908,3.9000,3.9000,3.9000,3.9000,100
AFX,20170911,4.0000,4.0000,4.0000,4.0000,300
AFX,20170912,4.0000,4.0000,4.0000,4.0000,0
AFX,20170913,3.7000,3.8000,3.7000,3.8000,600
AFX,20170914,3.8000,3.8000,3.8000,3.8000,0
AFX,20170915,3.8000,3.8000,3.8000,3.8000,0
AFX,20170918,4.1000,4.1000,4.1000,4.1000,300
AFX,20170919,4.0000,4.0000,4.0000,4.0000,100
AFX,20170920,4.0000,4.0000,4.0000,4.0000,0
AFX,20170921,4.0000,4.0000,4.0000,4.0000,300
AFX,20170922,4.0000,4.0000,4.0000,4.0000,0
AFX,20170925,4.0000,4.0000,4.0000,4.0000,0
AFX,20170926,4.1000,4.1000,4.1000,4.1000,100
AFX,20170927,4.0000,4.0000,3.9000,3.9000,300
AFX,20170928,3.9000,3.9000,3.9000,3.9000,0
AFX,20170929,3.8000,3.9000,3.8000,3.9000,2200
AFX,20171002,4.1000,4.1000,3.9000,3.9000,5000
AFX,20171003,3.9000,3.9000,3.9000,3.9000,2800
AFX,20171004,3.9000,3.9000,3.9000,3.9000,0
AFX,20171005,3.9000,3.9000,3.9000,3.9000,0
AFX,20171006,3.9000,3.9000,3.9000,3.9000,0
AFX,20171009,3.9000,3.9000,3.9000,3.9000,2000
AFX,20171010,3.9000,3.9000,3.9000,3.9000,0
AFX,20171011,4.0000,4.0000,3.5000,3.5000,2000
AFX,20171012,3.9000,3.9000,3.9000,3.9000,0
AFX,20171013,3.9000,3.9000,3.9000,3.9000,0
AFX,20171016,3.9000,3.9000,3.8000,3.8000,3200
AFX,20171017,3.8000,3.8000,3.8000,3.8000,0
AFX,20171018,3.8000,3.8000,3.8000,3.8000,7900
AFX,20171019,3.8000,3.8000,3.7000,3.8000,11100
AFX,20171020,3.9000,3.9000,3.9000,3.9000,7900
AFX,20171023,3.9000,4.1000,3.9000,4.1000,10500
AFX,20171024,3.8000,4.0000,3.8000,4.0000,400
AFX,20171025,4.0000,4.0000,4.0000,4.0000,1300
AFX,20171026,4.0000,4.0000,4.0000,4.0000,8000
AFX,20171027,4.0000,4.0000,4.0000,4.0000,0
AFX,20171030,4.0000,4.2000,4.0000,4.2000,4000
AFX,20171031,4.0000,4.0000,3.6000,3.6000,2800
AFX,20171101,4.0000,4.0000,4.0000,4.0000,0
AFX,20171102,4.0000,4.0000,3.9000,3.9000,4000
AFX,20171103,3.9000,3.9000,3.8000,3.8000,3400
AFX,20171106,3.9000,4.0000,3.8000,3.8000,4600
AFX,20171107,3.9000,3.9000,3.9000,3.9000,0
AFX,20171108,4.0000,4.0000,3.9000,3.9000,5300
AFX,20171109,3.9000,3.9000,3.9000,3.9000,0
AFX,20171110,4.0000,4.0000,4.0000,4.0000,200
AFX,20171113,4.0000,4.0000,4.0000,4.0000,4000
AFX,20171114,4.0000,4.0000,4.0000,4.0000,2200
AFX,20171115,4.0000,4.0000,4.0000,4.0000,0
AFX,20171116,4.0000,4.0000,4.0000,4.0000,3000
AFX,20171117,4.1000,4.1000,4.1000,4.1000,1000
AFX,20171120,4.4000,4.4000,4.4000,4.4000,100
AFX,20171121,4.4000,4.4000,4.4000,4.4000,0
AFX,20171122,4.5000,4.5000,4.5000,4.5000,2600
AFX,20171123,4.5000,4.5000,4.5000,4.5000,1400
AFX,20171124,4.5000,4.5000,4.5000,4.5000,0
AFX,20171127,4.5000,4.5000,4.5000,4.5000,5000
AFX,20171128,4.3000,4.3000,4.3000,4.3000,2100
AFX,20171129,4.1000,4.3000,4.1000,4.3000,2400
AFX,20171130,4.3000,4.3000,4.2000,4.2000,8100
AFX,20171201,4.1000,4.3000,4.1000,4.3000,6700
AFX,20171204,4.8000,4.8000,4.0000,4.0000,6300
AFX,20171205,4.0000,4.0000,4.0000,4.0000,0
AFX,20171206,4.0000,4.0000,4.0000,4.0000,0
AFX,20171207,4.6000,4.6000,4.6000,4.6000,100
AFX,20171208,4.1000,4.1000,4.0000,4.0000,12600
AFX,20171211,4.0000,4.0000,4.0000,4.0000,0
AFX,20171212,4.0000,4.0000,4.0000,4.0000,0
AFX,20171213,4.0000,4.0000,4.0000,4.0000,0
AFX,20171214,4.0000,4.0000,4.0000,4.0000,0
AFX,20171215,4.0000,4.0000,4.0000,4.0000,0
AFX,20171218,4.0000,4.0000,4.0000,4.0000,800
AFX,20171219,4.0000,4.0000,4.0000,4.0000,2200
AFX,20171220,4.0000,4.0000,4.0000,4.0000,2300
AFX,20171221,4.0000,4.0000,4.0000,4.0000,0
AFX,20171222,3.9000,4.0000,3.8000,4.0000,5200
AFX,20171225,3.4000,4.2000,3.4000,4.0000,1600
AFX,20171226,3.8000,4.0000,3.8000,3.9000,5100
AFX,20171227,3.8000,3.9000,3.8000,3.9000,1800
AFX,20171228,3.9000,4.0000,3.8000,4.0000,5200
AFX,20171229,4.1000,4.1000,4.0000,4.0000,600
AFX,20180102,3.9000,4.0000,3.8000,3.8000,300
AFX,20180103,3.8000,3.8000,3.8000,3.8000,100
AFX,20180104,3.9000,3.9000,3.3000,3.3000,1400
AFX,20180105,4.1000,4.1000,3.9000,3.9000,8700
AFX,20180108,4.0000,4.0000,4.0000,4.0000,100
AFX,20180109,3.9000,4.1000,3.9000,4.0000,500
AFX,20180110,3.8000,3.8000,3.7000,3.7000,1200
AFX,20180111,3.6000,3.6000,3.3000,3.3000,1200
AFX,20180112,3.5000,3.6000,3.5000,3.6000,4100
AFX,20180115,3.6000,4.0000,3.6000,4.0000,1600
AFX,20180116,4.0000,4.0000,4.0000,4.0000,200
AFX,20180117,4.0000,4.1000,4.0000,4.1000,16600
AFX,20180118,3.9000,4.0000,3.9000,3.9000,1300
AFX,20180119,3.8000,3.9000,3.8000,3.9000,800
AFX,20180122,3.9000,4.1000,3.9000,3.9000,3300
AFX,20180123,4.3000,4.6000,4.2000,4.6000,400
AFX,20180124,4.4000,4.4000,4.4000,4.4000,2600
AFX,20180125,4.4000,4.5000,4.4000,4.4000,16200
AFX,20180126,4.5000,4.6000,4.5000,4.6000,1000
AFX,20180129,4.6000,4.6000,4.6000,4.6000,0
AFX,20180130,4.6000,4.6000,4.6000,4.6000,0
AFX,20180131,5.2000,5.2000,5.2000,5.2000,100
AFX,20180201,5.9000,5.9000,5.9000,5.9000,100
AFX,20180202,5.8000,5.8000,5.8000,5.8000,100
AFX,20180205,5.8000,5.8000,5.8000,5.8000,0
AFX,20180206,5.8000,5.8000,5.8000,5.8000,0
AFX,20180207,5.8000,5.8000,5.8000,5.8000,0
AFX,20180208,5.0000,5.0000,5.0000,5.0000,100
AFX,20180209,5.0000,5.0000,5.0000,5.0000,0
AFX,20180212,5.0000,5.0000,5.0000,5.0000,0
AFX,20180213,5.0000,5.0000,5.0000,5.0000,0
AFX,20180221,5.7000,5.7000,5.7000,5.7000,900
AFX,20180222,4.9000,4.9000,4.9000,4.9000,5400
AFX,20180223,4.9000,4.9000,4.9000,4.9000,0
AFX,20180226,4.4000,4.4000,4.4000,4.4000,500
AFX,20180227,4.4000,4.4000,4.4000,4.4000,0
AFX,20180228,4.4000,4.4000,4.4000,4.4000,0
AFX,20180301,4.4000,4.4000,4.4000,4.4000,0
AFX,20180302,4.5000,4.5000,4.5000,4.5000,3000
AFX,20180305,4.5000,4.5000,4.5000,4.5000,4600
AFX,20180306,4.5000,4.5000,4.5000,4.5000,0
AFX,20180307,4.3000,4.3000,4.2000,4.2000,3000
AFX,20180308,4.9000,4.9000,4.9000,4.9000,100
AFX,20180309,4.9000,4.9000,4.9000,4.9000,0
AFX,20180312,4.9000,4.9000,4.9000,4.9000,0
AFX,20180313,4.7000,4.7000,4.7000,4.7000,1000
AFX,20180314,4.7000,4.7000,4.7000,4.7000,0
AFX,20180315,4.7000,4.7000,4.7000,4.7000,0
AFX,20180316,4.1000,4.5000,4.0000,4.0000,5700
AFX,20180319,4.0000,4.1000,3.6000,4.0000,35300
AFX,20180320,4.0000,4.0000,4.0000,4.0000,0
AFX,20180321,4.0000,4.0000,4.0000,4.0000,0
AFX,20180322,4.0000,4.0000,4.0000,4.0000,0
AFX,20180323,4.0000,4.0000,4.0000,4.0000,0
AFX,20180326,4.0000,4.0000,4.0000,4.0000,200
AFX,20180327,4.0000,4.0000,4.0000,4.0000,1000
AFX,20180328,4.0000,4.0000,4.0000,4.0000,0
AFX,20180329,4.0000,4.0000,4.0000,4.0000,0
AFX,20180330,4.0000,4.0000,4.0000,4.0000,0
AFX,20180402,4.1000,4.1000,4.1000,4.1000,10000
AFX,20180403,4.1000,4.1000,4.1000,4.1000,0
AFX,20180404,4.1000,4.1000,4.1000,4.1000,0
AFX,20180405,4.1000,4.1000,4.1000,4.1000,0
AFX,20180406,4.1000,4.1000,4.1000,4.1000,0
AFX,20180409,4.1000,4.1000,4.1000,4.1000,0
AFX,20180410,4.1000,4.1000,4.1000,4.1000,100
AFX,20180411,4.1000,4.1000,4.0000,4.0000,5100
AFX,20180412,4.1000,4.1000,4.1000,4.1000,5000
AFX,20180413,4.1000,4.1000,4.1000,4.1000,5910
AFX,20180416,4.1000,4.1000,4.1000,4.1000,0
AFX,20180417,4.1000,4.3000,4.1000,4.3000,11100
AFX,20180418,4.3000,4.3000,4.3000,4.3000,1000
AFX,20180419,4.2000,4.2000,4.2000,4.2000,900
AFX,20180420,4.1000,4.4000,4.1000,4.4000,3300
AFX,20180423,4.2000,4.2000,4.2000,4.2000,300
AFX,20180424,4.2000,4.2000,4.2000,4.2000,0
AFX,20180426,4.0000,4.1000,4.0000,4.1000,2200
AFX,20180427,3.6983,3.6983,3.6983,3.6983,1400
AFX,20180502,3.7931,3.7931,3.7931,3.7931,1200
AFX,20180503,3.7931,3.7931,3.7931,3.7931,0
AFX,20180504,3.6983,3.6983,3.6983,3.6983,1400
AFX,20180507,3.6983,3.6983,3.6983,3.6983,0
AFX,20180508,3.6983,3.6983,3.6983,3.6983,0
AFX,20180509,3.6983,3.6983,3.6983,3.6983,0
AFX,20180510,3.7931,4.0776,3.7931,4.0776,2200
AFX,20180511,3.7931,3.7931,3.7931,3.7931,0
AFX,20180514,3.7931,3.7931,3.7931,3.7931,0
AFX,20180515,3.7931,3.7931,3.7931,3.7931,0
AFX,20180516,3.7931,3.7931,3.6983,3.6983,1500
AFX,20180517,3.6983,3.6983,3.6983,3.6983,0
AFX,20180518,3.6034,3.6034,3.6034,3.6034,1000
AFX,20180521,3.6034,3.6034,3.6034,3.6034,0
AFX,20180522,3.6034,3.6034,3.6034,3.6034,0
AFX,20180523,3.6034,3.6034,3.6034,3.6034,0
AFX,20180524,3.6034,3.6034,3.6034,3.6034,0
AFX,20180525,3.6034,3.6034,3.6034,3.6034,0
AFX,20180528,3.6034,3.6034,3.6034,3.6034,0
AFX,20180529,3.6034,3.6034,3.6034,3.6034,0
AFX,20180530,3.6034,3.6034,3.6034,3.6034,0
AFX,20180531,3.6034,3.6034,3.6034,3.6034,0
AFX,20180601,3.6034,3.6034,3.6034,3.6034,0
AFX,20180604,3.6034,3.6034,3.6034,3.6034,0
AFX,20180605,3.7931,3.7931,3.7931,3.7931,6000
AFX,20180606,3.7931,3.7931,3.7931,3.7931,0
AFX,20180607,3.7931,3.7931,3.7931,3.7931,0
AFX,20180608,3.6034,3.6034,3.6034,3.6034,800
AFX,20180611,3.6034,3.6034,3.6034,3.6034,3100
AFX,20180612,3.6034,3.6034,3.6034,3.6034,0
AFX,20180613,3.6034,3.6034,3.6034,3.6034,0
AFX,20180614,3.6034,3.6034,3.6034,3.6034,0
AFX,20180615,3.6034,3.6034,3.6034,3.6034,0
AFX,20180618,3.6034,3.6034,3.6034,3.6034,0
AFX,20180619,3.6034,3.6034,3.6034,3.6034,0
AFX,20180620,3.6034,3.6034,3.6034,3.6034,0
AFX,20180621,3.2241,3.2241,3.2241,3.2241,1000
AFX,20180622,3.2241,3.2241,3.2241,3.2241,0
AFX,20180625,3.6983,3.6983,3.6983,3.6983,300
AFX,20180626,3.6983,3.6983,3.6983,3.6983,100
AFX,20180627,3.7931,3.7931,3.7931,3.7931,500
AFX,20180628,3.5086,3.5086,3.4138,3.4138,900
AFX,20180629,3.2241,3.2241,3.2241,3.2241,200
AFX,20180702,3.2241,3.2241,3.2241,3.2241,0
AFX,20180703,3.2241,3.2241,3.2241,3.2241,2800
AFX,20180704,2.8448,2.9396,2.8448,2.9396,3000
AFX,20180705,2.8448,2.8448,2.7500,2.7500,7300
AFX,20180706,2.8448,3.1293,2.8448,3.1293,4300
AFX,20180709,2.9396,2.9396,2.9396,2.9396,2000
AFX,20180710,2.8448,2.9396,2.8448,2.8448,4000
AFX,20180711,2.9396,2.9396,2.9396,2.9396,2000
AFX,20180712,2.9396,2.9396,2.9396,2.9396,400
AFX,20180713,2.9396,2.9396,2.9396,2.9396,1000
AFX,20180716,2.9396,2.9396,2.9396,2.9396,0
AFX,20180717,2.9396,2.9396,2.9396,2.9396,0
AFX,20180718,2.9396,2.9396,2.9396,2.9396,1900
AFX,20180719,2.9396,2.9396,2.9396,2.9396,0
AFX,20180720,2.9396,2.9396,2.9396,2.9396,1500
AFX,20180723,2.9396,2.9396,2.9396,2.9396,0
AFX,20180724,2.9396,2.9396,2.9396,2.9396,1000
AFX,20180725,2.9396,2.9396,2.9396,2.9396,0
AFX,20180726,2.8448,2.9396,2.8448,2.9396,1600
AFX,20180727,2.9396,2.9396,2.9396,2.9396,0
AFX,20180730,2.9396,2.9396,2.9396,2.9396,0
AFX,20180731,2.9396,2.9396,2.9396,2.9396,0
AFX,20180801,3.0345,3.0345,3.0345,3.0345,300
AFX,20180802,3.0345,3.0345,3.0345,3.0345,0
AFX,20180803,3.0345,3.0345,3.0345,3.0345,0
AFX,20180806,3.0345,3.0345,3.0345,3.0345,0
AFX,20180807,2.8448,2.8448,2.8448,2.8448,100
AFX,20180808,2.8448,2.8448,2.8448,2.8448,200
AFX,20180809,2.8448,2.8448,2.8448,2.8448,0
AFX,20180810,2.8448,2.8448,2.8448,2.8448,0
AFX,20180813,2.8448,2.8448,2.8448,2.8448,0
AFX,20180814,2.8448,2.8448,2.8448,2.8448,1100
AFX,20180815,2.8448,2.8448,2.8448,2.8448,0
AFX,20180816,2.8448,2.8448,2.8448,2.8448,10
AFX,20180817,2.8448,2.8448,2.8448,2.8448,0
AFX,20180820,2.8448,2.8448,2.8448,2.8448,0
AFX,20180821,2.8448,2.8448,2.8448,2.8448,1100
AFX,20180822,2.8448,2.8448,2.8448,2.8448,0
AFX,20180823,2.8448,2.8448,2.8448,2.8448,0
AFX,20180824,2.8448,2.8448,2.8448,2.8448,0
AFX,20180827,2.8448,2.8448,2.8448,2.8448,300
AFX,20180828,2.9396,2.9396,2.9396,2.9396,800
AFX,20180829,2.9396,2.9396,2.9396,2.9396,0
AFX,20180830,2.9396,2.9396,2.8448,2.9396,17100
AFX,20180831,2.9396,2.9396,2.8448,2.8448,5700
AFX,20180904,2.9396,2.9396,2.9396,2.9396,100
AFX,20180905,2.9396,2.9396,2.9396,2.9396,0
AFX,20180906,2.9396,2.9396,2.9396,2.9396,0
AFX,20180907,2.9396,2.9396,2.9396,2.9396,300
AFX,20180910,2.9396,2.9396,2.9396,2.9396,0
AFX,20180911,2.9396,3.0345,2.9396,2.9396,31600
AFX,20180912,2.9396,2.9396,2.9396,2.9396,11400
AFX,20180913,2.9396,2.9396,2.9396,2.9396,3800
AFX,20180914,2.9396,2.9396,2.9396,2.9396,2700
AFX,20180917,2.9396,2.9396,2.9396,2.9396,0
AFX,20180918,2.8448,2.8448,2.8448,2.8448,4000
AFX,20180919,2.8448,2.8448,2.8448,2.8448,2100
AFX,20180920,2.8448,2.8448,2.8448,2.8448,3000
AFX,20180921,2.9396,2.9396,2.8448,2.8448,4000
AFX,20180924,2.8448,2.8448,2.8448,2.8448,0
AFX,20180925,2.8448,2.8448,2.7500,2.8448,4900
AFX,20180926,2.8448,2.8448,2.8448,2.8448,3800
AFX,20180927,2.8448,2.8448,2.7500,2.8448,14200
AFX,20180928,2.7500,2.7500,2.4655,2.4655,12300
AFX,20181001,2.8448,2.8448,2.8448,2.8448,500
AFX,20181002,2.9396,2.9396,2.9396,2.9396,1000
AFX,20181003,2.7500,2.8448,2.7500,2.8448,9100
AFX,20181004,2.6552,2.7500,2.6552,2.6552,11200
AFX,20181005,2.8448,2.8448,2.8448,2.8448,5000
AFX,20181008,2.8448,2.8448,2.8448,2.8448,2700
AFX,20181009,2.8448,2.9396,2.8448,2.9396,3500
AFX,20181010,2.8448,2.8448,2.8448,2.8448,0
AFX,20181011,2.6552,2.6552,2.6552,2.6552,4900
AFX,20181012,2.7500,2.7500,2.7500,2.7500,3100
AFX,20181015,2.7500,2.7500,2.7500,2.7500,0
AFX,20181016,2.8448,2.8448,2.8448,2.8448,100
AFX,20181017,2.8448,2.8448,2.8448,2.8448,0
AFX,20181018,2.5603,2.8448,2.5603,2.8448,4200
AFX,20181019,2.7500,2.8448,2.7500,2.8448,20500
AFX,20181022,2.7500,2.7500,2.6552,2.6552,6400
AFX,20181023,2.7500,2.8448,2.7500,2.8448,12300
AFX,20181024,2.8448,2.8448,2.8448,2.8448,14500
AFX,20181025,2.8448,2.8448,2.8448,2.8448,800
AFX,20181026,2.5603,2.5603,2.5603,2.5603,300
AFX,20181029,2.5603,2.5603,2.5603,2.5603,0
AFX,20181030,2.7500,2.7500,2.7500,2.7500,1500
AFX,20181031,2.8448,2.8448,2.8448,2.8448,300
AFX,20181101,2.8448,2.8448,2.8448,2.8448,0
AFX,20181102,2.8448,2.8448,2.8448,2.8448,10000
AFX,20181105,2.8448,2.8448,2.8448,2.8448,0
AFX,20181106,2.8448,2.8448,2.8448,2.8448,10000
AFX,20181107,2.8448,2.8448,2.8448,2.8448,0
AFX,20181108,2.8448,2.8448,2.8448,2.8448,5200
AFX,20181109,2.8448,2.8448,2.8448,2.8448,0
AFX,20181112,2.8448,2.8448,2.8448,2.8448,7300
AFX,20181113,2.8448,2.8448,2.8448,2.8448,1700
AFX,20181114,2.8448,2.8448,2.7500,2.7500,23400
AFX,20181115,2.8448,2.8448,2.8448,2.8448,0
AFX,20181116,2.8448,2.8448,2.8448,2.8448,20000
AFX,20181119,2.8448,2.8448,2.8448,2.8448,17500
AFX,20181120,3.2241,3.2241,3.2241,3.2241,200
AFX,20181121,2.8448,2.8448,2.7500,2.7500,3300
AFX,20181122,2.8448,2.8448,2.8448,2.8448,0
AFX,20181123,2.8448,2.9396,2.8448,2.9396,13000
AFX,20181126,2.8448,2.8448,2.8448,2.8448,0
AFX,20181127,2.8448,2.8448,2.8448,2.8448,0
AFX,20181128,2.9396,2.9396,2.9396,2.9396,10000
AFX,20181129,2.9396,2.9396,2.9396,2.9396,0
AFX,20181130,2.9396,2.9396,2.9396,2.9396,200
AFX,20181203,2.9396,2.9396,2.9396,2.9396,0
AFX,20181204,2.9396,2.9396,2.9396,2.9396,0
AFX,20181205,2.9396,2.9396,2.9396,2.9396,0
AFX,20181206,2.9396,2.9396,2.9396,2.9396,0
AFX,20181207,2.9396,2.9396,2.9396,2.9396,1500
AFX,20181210,2.9396,2.9396,2.9396,2.9396,0
AFX,20181211,2.9396,2.9396,2.9396,2.9396,0
AFX,20181212,3.3190,3.3190,3.3190,3.3190,200
AFX,20181213,3.3190,3.3190,3.3190,3.3190,0
AFX,20181214,3.3190,3.3190,3.3190,3.3190,0
AFX,20181217,3.3190,3.3190,3.3190,3.3190,0
AFX,20181218,3.3190,3.3190,3.3190,3.3190,0
AFX,20181219,3.3190,3.3190,3.3190,3.3190,0
AFX,20181220,3.3190,3.3190,3.3190,3.3190,0
AFX,20181221,3.7931,3.7931,3.3190,3.3190,300
AFX,20181224,3.5086,3.5086,3.5086,3.5086,0
AFX,20181225,3.5086,3.5086,3.5086,3.5086,0
AFX,20181226,3.5086,3.5086,3.5086,3.5086,0
AFX,20181227,3.5086,3.5086,3.5086,3.5086,0
AFX,20181228,3.5086,3.5086,3.5086,3.5086,0
AFX,20190102,3.5086,3.5086,3.5086,3.5086,0
AFX,20190103,3.5086,3.5086,3.5086,3.5086,0
AFX,20190104,3.0345,3.0345,3.0345,3.0345,100
AFX,20190107,3.0345,3.0345,3.0345,3.0345,0
AFX,20190108,3.0345,3.0345,3.0345,3.0345,0
AFX,20190109,3.0345,3.0345,3.0345,3.0345,0
AFX,20190110,3.0345,3.0345,3.0345,3.0345,0
AFX,20190111,3.2241,3.2241,3.2241,3.2241,100
AFX,20190114,3.2241,3.2241,3.2241,3.2241,0
AFX,20190115,3.2241,3.2241,3.2241,3.2241,0
AFX,20190116,3.6034,3.6034,3.6034,3.6034,100
AFX,20190117,3.6034,3.6034,3.6034,3.6034,0
AFX,20190118,3.6034,3.6034,3.6034,3.6034,0
AFX,20190121,3.6034,3.6034,3.6034,3.6034,0
AFX,20190122,3.6034,3.6034,3.6034,3.6034,0
AFX,20190123,3.6034,3.6034,3.6034,3.6034,0
AFX,20190124,3.1293,3.1293,3.1293,3.1293,1000
AFX,20190125,3.1293,3.1293,3.1293,3.1293,0
AFX,20190128,3.1293,3.1293,3.1293,3.1293,0
AFX,20190129,3.4138,3.4138,3.4138,3.4138,500
AFX,20190130,3.4138,3.4138,3.4138,3.4138,0
AFX,20190131,3.4138,3.4138,3.4138,3.4138,0
AFX,20190201,3.4138,3.4138,3.4138,3.4138,0
AFX,20190211,3.3190,3.3190,3.3190,3.3190,300
AFX,20190212,3.5086,3.6983,2.8448,2.8448,600
AFX,20190213,3.4138,3.4138,3.4138,3.4138,0
AFX,20190214,3.0345,3.0345,3.0345,3.0345,1000
AFX,20190215,3.4138,3.4138,2.9396,2.9396,900
AFX,20190218,3.0345,3.0345,3.0345,3.0345,1000
AFX,20190219,3.0345,3.0345,3.0345,3.0345,0
AFX,20190220,3.0345,3.2241,2.8448,2.8448,1400
AFX,20190221,3.1293,3.1293,3.1293,3.1293,0
AFX,20190222,3.1293,3.1293,3.1293,3.1293,300
AFX,20190225,3.1293,3.1293,3.1293,3.1293,0
AFX,20190226,3.1293,3.1293,3.1293,3.1293,0
AFX,20190227,3.1293,3.1293,3.1293,3.1293,0
AFX,20190228,3.1293,3.1293,3.1293,3.1293,0
AFX,20190301,2.8448,2.8448,2.7500,2.7500,700
AFX,20190304,2.7500,2.7500,2.7500,2.7500,0
AFX,20190305,2.7500,2.7500,2.7500,2.7500,300
AFX,20190306,2.7500,2.7500,2.7500,2.7500,0
AFX,20190307,2.8448,2.8448,2.8448,2.8448,100
AFX,20190308,3.2241,3.2241,3.2241,3.2241,100
AFX,20190311,3.2241,3.2241,3.2241,3.2241,0
AFX,20190312,3.2241,3.2241,3.2241,3.2241,0
AFX,20190313,3.1293,3.1293,3.1293,3.1293,1000
AFX,20190314,3.2241,3.2241,2.8448,2.8448,3300
AFX,20190315,2.8448,2.8448,2.8448,2.8448,0
AFX,20190318,2.8448,2.8448,2.8448,2.8448,0
AFX,20190319,2.8448,2.8448,2.8448,2.8448,0
AFX,20190320,2.7500,3.0345,2.6552,3.0345,1200
AFX,20190321,2.7500,2.7500,2.7500,2.7500,0
AFX,20190322,2.7500,2.7500,2.7500,2.7500,0
AFX,20190325,2.7500,2.7500,2.7500,2.7500,0
AFX,20190326,2.7500,2.7500,2.7500,2.7500,0
AFX,20190327,2.7500,2.7500,2.7500,2.7500,0
AFX,20190328,2.7500,2.7500,2.7500,2.7500,0
AFX,20190329,2.7500,2.7500,2.7500,2.7500,200
AFX,20190401,2.7500,2.7500,2.7500,2.7500,0
AFX,20190402,2.7500,2.7500,2.7500,2.7500,0
AFX,20190403,2.7500,2.7500,2.7500,2.7500,300
AFX,20190404,2.7500,2.7500,2.7500,2.7500,0
AFX,20190405,3.1293,3.1293,3.1293,3.1293,600
AFX,20190408,3.1293,3.1293,3.1293,3.1293,0
AFX,20190409,2.8448,2.8448,2.8448,2.8448,500
AFX,20190410,2.8448,2.8448,2.8448,2.8448,0
AFX,20190411,2.8448,2.8448,2.8448,2.8448,0
AFX,20190412,3.1293,3.1293,2.8448,2.8448,500
AFX,20190416,2.9396,2.9396,2.9396,2.9396,0
AFX,20190417,2.9396,2.9396,2.9396,2.9396,1000
AFX,20190418,2.8448,2.8448,2.8448,2.8448,1000
AFX,20190419,2.8448,2.8448,2.8448,2.8448,900
AFX,20190422,2.7500,2.7500,2.6552,2.6552,9100
AFX,20190423,2.6552,2.6552,2.6552,2.6552,0
AFX,20190424,2.8448,2.8448,2.8448,2.8448,5000
AFX,20190425,2.8448,2.8448,2.8448,2.8448,0
AFX,20190426,2.8448,2.8448,2.8448,2.8448,800
AFX,20190502,2.8448,2.8448,2.6552,2.6552,2400
AFX,20190503,2.8448,2.8448,2.7500,2.7500,400
AFX,20190506,2.7500,2.7500,2.7500,2.7500,0
AFX,20190507,2.7500,2.7500,2.7500,2.7500,200
AFX,20190508,2.7500,2.7500,2.7500,2.7500,0
AFX,20190509,2.7500,2.7500,2.7500,2.7500,0
AFX,20190510,2.7500,2.7500,2.7500,2.7500,5800
AFX,20190513,2.7500,2.7500,2.7500,2.7500,200
AFX,20190514,2.8000,2.8000,2.8000,2.8000,0
AFX,20190515,2.6000,2.7000,2.6000,2.7000,1100
AFX,20190516,2.6000,2.6000,2.6000,2.6000,0
AFX,20190517,2.9000,2.9000,2.9000,2.9000,200
AFX,20190520,2.9000,2.9000,2.9000,2.9000,0
AFX,20190521,2.8000,2.8000,2.8000,2.8000,200
AFX,20190522,2.9000,2.9000,2.9000,2.9000,1100
AFX,20190523,2.7000,2.7000,2.7000,2.7000,3000
AFX,20190524,2.7000,2.7000,2.7000,2.7000,500
AFX,20190527,2.8000,2.9000,2.8000,2.8000,11800
AFX,20190528,2.8000,2.8000,2.8000,2.8000,0
AFX,20190529,2.8000,2.8000,2.7000,2.7000,7600
AFX,20190530,2.8000,2.8000,2.8000,2.8000,0
AFX,20190531,2.8000,2.8000,2.4000,2.4000,6300
AFX,20190603,2.5000,2.5000,2.5000,2.5000,0
AFX,20190604,2.5000,2.5000,2.5000,2.5000,0
AFX,20190605,2.5000,2.5000,2.5000,2.5000,0
AFX,20190606,2.7000,2.7000,2.7000,2.7000,2900
AFX,20190607,2.7000,2.7000,2.7000,2.7000,0
AFX,20190610,2.7000,2.7000,2.7000,2.7000,200
AFX,20190611,2.7000,2.7000,2.7000,2.7000,3100
AFX,20190612,2.7000,2.7000,2.7000,2.7000,0
AFX,20190613,2.7000,2.7000,2.7000,2.7000,0
AFX,20190614,2.7000,2.7000,2.7000,2.7000,0
AFX,20190617,2.7000,2.8000,2.7000,2.8000,5700
AFX,20190618,2.7000,2.7000,2.7000,2.7000,100
AFX,20190619,2.8000,2.8000,2.8000,2.8000,1500
AFX,20190620,2.8000,2.8000,2.8000,2.8000,2300
AFX,20190621,2.8000,2.8000,2.8000,2.8000,2800
AFX,20190624,2.8000,2.8000,2.8000,2.8000,5000
AFX,20190625,2.8000,2.8000,2.8000,2.8000,6200
AFX,20190626,2.9000,3.1000,2.9000,3.1000,34500
AFX,20190627,3.1000,3.4000,2.6000,3.4000,89700
AFX,20190628,3.6000,3.6000,3.6000,3.6000,16400
AFX,20190701,4.1000,4.1000,4.1000,4.1000,24000
AFX,20190702,4.5000,4.7000,4.1000,4.7000,53000
AFX,20190703,4.8000,5.2000,4.8000,5.2000,129600
AFX,20190704,5.9000,5.9000,5.9000,5.9000,18100
AFX,20190705,6.7000,6.7000,6.7000,6.7000,76900
AFX,20190708,7.7000,7.7000,7.5000,7.7000,217000
AFX,20190709,8.7000,8.8000,7.7000,8.8000,140300
AFX,20190710,7.3000,9.1000,7.3000,7.3000,26500
AFX,20190711,6.3000,6.3000,6.3000,6.3000,5800
AFX,20190712,5.4000,5.4000,5.4000,5.4000,28300
AFX,20190715,4.6000,5.4000,4.6000,4.8000,208200
AFX,20190716,4.9000,5.2000,4.9000,5.2000,44700
AFX,20190717,5.9000,5.9000,5.2000,5.5000,45810
AFX,20190718,5.4000,5.4000,5.0000,5.1000,72500
AFX,20190719,5.1000,5.1000,4.7000,4.7000,37600
AFX,20190722,4.5000,5.0000,4.5000,4.6000,21600
AFX,20190723,4.8000,5.4000,4.7000,4.8000,47700
AFX,20190724,4.7000,5.0000,4.7000,4.8000,16600
AFX,20190725,4.7000,4.7000,4.6000,4.7000,24800
AFX,20190726,4.6000,4.6000,4.2000,4.2000,31710
AFX,20190729,4.2000,4.6000,3.9000,4.4000,85000
AFX,20190730,4.4000,4.7000,4.2000,4.7000,38300
AFX,20190731,4.6000,5.1000,4.6000,5.1000,106600
AFX,20190801,5.0000,5.5000,4.3000,4.9000,45100
AFX,20190802,4.4000,4.7000,4.3000,4.6000,27000
AFX,20190805,4.3000,4.5000,4.1000,4.3000,57600
AFX,20190806,4.5000,4.5000,4.1000,4.1000,43700
AFX,20190807,4.2000,4.5000,4.1000,4.2000,23900
AFX,20190808,4.2000,4.3000,4.1000,4.3000,17800
AFX,20190809,4.3000,4.6000,4.3000,4.4000,21600
AFX,20190812,4.2000,4.2000,4.1000,4.2000,11200
AFX,20190813,4.2000,4.3000,4.1000,4.1000,21600
AFX,20190814,4.1000,4.2000,4.1000,4.1000,13800
AFX,20190815,4.1000,4.1000,4.0000,4.0000,35100
AFX,20190816,4.0000,4.1000,4.0000,4.1000,15200
AFX,20190819,4.2000,4.2000,4.2000,4.2000,8100
AFX,20190820,4.2000,4.2000,4.1000,4.1000,9600
AFX,20190821,4.1000,4.1000,4.0000,4.1000,32600
AFX,20190822,4.1000,4.6000,4.1000,4.6000,71900
AFX,20190823,5.1000,5.1000,5.1000,5.1000,28020
AFX,20190826,5.8000,5.8000,5.1000,5.7000,231000
AFX,20190827,5.6000,5.6000,4.9000,5.0000,142100
AFX,20190828,4.8000,5.8000,4.7000,5.8000,166720
AFX,20190829,5.8000,6.3000,5.8000,6.3000,162900
AFX,20190830,6.5000,6.8000,5.4000,5.4000,88000
AFX,20190903,5.4000,5.8000,5.4000,5.4000,45000
AFX,20190904,5.4000,5.5000,5.3000,5.4000,28500
AFX,20190905,5.4000,5.5000,5.1000,5.4000,30600
AFX,20190906,5.5000,6.0000,4.7000,5.0000,66100
AFX,20190909,5.0000,5.1000,4.9000,4.9000,44000
AFX,20190910,4.7000,5.0000,4.6000,4.8000,25000
AFX,20190911,4.7000,4.9000,4.6000,4.7000,34100
AFX,20190912,4.7000,5.0000,4.7000,4.9000,18100
AFX,20190913,5.0000,5.0000,4.8000,5.0000,29500
AFX,20190916,5.0000,5.0000,4.8000,4.8000,18500
AFX,20190917,4.8000,4.9000,4.7000,4.8000,12700
AFX,20190918,4.9000,4.9000,4.7000,4.8000,41500
AFX,20190919,4.8000,4.9000,4.7000,4.9000,23200
AFX,20190920,4.9000,5.5000,4.9000,5.3000,90400
AFX,20190923,5.3000,5.3000,5.0000,5.1000,46200
AFX,20190924,5.0000,5.0000,4.8000,4.9000,63700
AFX,20190925,4.8000,4.9000,4.7000,4.8000,64100
AFX,20190926,5.0000,5.0000,4.7000,4.9000,34800
AFX,20190927,4.9000,4.9000,4.8000,4.9000,11700
AFX,20190930,4.8000,4.9000,4.8000,4.9000,17000
AFX,20191001,4.9000,4.9000,4.6000,4.7000,3900
AFX,20191002,4.7000,4.8000,4.6000,4.8000,15300
AFX,20191003,4.7000,4.7000,4.6000,4.7000,6010
AFX,20191004,4.7000,4.8000,4.6000,4.7000,25200
AFX,20191007,4.7000,4.7000,4.3000,4.4000,24400
AFX,20191008,4.4000,4.6000,4.3000,4.6000,28210
AFX,20191009,4.5000,4.9000,4.5000,4.9000,87300
AFX,20191010,4.9000,4.9000,4.8000,4.9000,11400
AFX,20191011,4.9000,4.9000,4.7000,4.7000,37100
AFX,20191014,4.7000,4.7000,4.5000,4.5000,25000
AFX,20191015,4.6000,4.6000,4.6000,4.6000,5410
AFX,20191016,4.6000,4.6000,4.6000,4.6000,3500
AFX,20191017,4.6000,4.6000,4.6000,4.6000,12500
AFX,20191018,4.5000,4.6000,4.5000,4.6000,3200
AFX,20191021,4.6000,4.6000,4.3000,4.4000,53600
AFX,20191022,4.4000,4.5000,4.3000,4.5000,26000
AFX,20191023,4.4000,4.6000,4.4000,4.6000,7700
AFX,20191024,4.4000,4.5000,4.4000,4.5000,15400
AFX,20191025,4.6000,4.7000,4.6000,4.6000,13900
AFX,20191028,4.7000,4.7000,4.6000,4.6000,8200
AFX,20191029,4.6000,4.6000,4.5000,4.5000,19900
AFX,20191030,4.5000,4.5000,4.4000,4.5000,2600
AFX,20191031,4.4000,4.4000,4.3000,4.4000,15200
AFX,20191101,4.4000,4.4000,4.3000,4.3000,32300
AFX,20191104,4.3000,4.3000,4.0000,4.1000,13000
AFX,20191105,4.2000,4.2000,4.2000,4.2000,4300
AFX,20191106,4.3000,4.3000,4.0000,4.2000,2900
AFX,20191107,4.0000,4.2000,3.9000,4.1000,39600
AFX,20191108,4.2000,4.2000,4.0000,4.0000,4700
AFX,20191111,4.2000,4.2000,4.0000,4.0000,12600
AFX,20191112,4.1000,4.2000,4.1000,4.2000,1600
AFX,20191113,4.2000,4.2000,4.1000,4.2000,900
AFX,20191114,4.1000,4.1000,3.9000,3.9000,12810
AFX,20191115,4.0000,4.1000,4.0000,4.0000,8300
AFX,20191118,4.1000,4.1000,4.0000,4.0000,1500
AFX,20191119,4.0000,4.0000,4.0000,4.0000,4000
AFX,20191120,4.1000,4.2000,3.9000,4.0000,3800
AFX,20191121,4.0000,4.1000,4.0000,4.1000,3300
AFX,20191122,4.1000,4.1000,4.0000,4.0000,5600
AFX,20191125,4.0000,4.0000,3.7000,4.0000,4710
AFX,20191126,3.9000,4.3000,3.9000,4.3000,4000
AFX,20191127,4.2000,4.3000,3.9000,4.0000,10819
AFX,20191128,3.8000,3.9000,3.6000,3.6000,24400
AFX,20191129,3.7000,4.0000,3.6000,3.6000,10900
AFX,20191202,3.8000,3.9000,3.8000,3.9000,800
AFX,20191203,3.7000,3.7000,3.7000,3.7000,500
AFX,20191204,3.7000,3.7000,3.6000,3.6000,5000
AFX,20191205,3.7000,3.7000,3.5000,3.5000,13000
AFX,20191206,3.6000,3.7000,3.6000,3.7000,5500
AFX,20191209,3.9000,3.9000,3.6000,3.6000,9300
AFX,20191210,3.8000,3.8000,3.7000,3.7000,1600
AFX,20191211,3.6000,3.6000,3.6000,3.6000,2000
AFX,20191212,3.6000,3.6000,3.6000,3.6000,9100
AFX,20191213,3.6000,3.6000,3.6000,3.6000,1600
AFX,20191216,3.6000,3.6000,3.5000,3.5000,1519
AFX,20191217,3.5000,3.6000,3.3000,3.3000,16700
AFX,20191218,3.5000,3.5000,3.5000,3.5000,900
AFX,20191219,3.5000,3.5000,3.4000,3.5000,3600
AFX,20191220,3.5000,3.6000,3.5000,3.6000,2100
AFX,20191223,3.5000,3.5000,3.5000,3.5000,700
AFX,20191224,3.6000,3.6000,3.5000,3.5000,1300
AFX,20191225,3.5000,3.5000,3.5000,3.5000,0
AFX,20191226,3.4000,3.5000,3.4000,3.5000,3800
AFX,20191227,3.5000,3.5000,3.4000,3.5000,410
AFX,20191230,3.4000,3.5000,3.4000,3.5000,10409
AFX,20191231,3.5000,3.5000,3.5000,3.5000,1500
AFX,20200102,3.5000,3.5000,3.5000,3.5000,900
AFX,20200103,3.5000,3.5000,3.4000,3.5000,800
AFX,20200106,3.3000,3.5000,3.0000,3.3000,4000
AFX,20200107,3.5000,3.5000,3.3000,3.3000,800
AFX,20200108,3.4000,3.4000,3.2000,3.2000,2900
AFX,20200109,3.3000,3.3000,3.3000,3.3000,100
AFX,20200110,3.3000,3.3000,3.0000,3.0000,1700
AFX,20200113,3.1000,3.2000,3.1000,3.2000,300
AFX,20200114,3.1000,3.2000,3.1000,3.2000,400
AFX,20200115,3.3000,3.3000,3.3000,3.3000,2400
AFX,20200116,3.2000,3.2000,3.0000,3.0000,5500
AFX,20200117,3.3000,3.3000,3.3000,3.3000,100
AFX,20200120,3.0000,3.0000,3.0000,3.0000,5700
AFX,20200121,3.0000,3.1000,3.0000,3.0000,6700
AFX,20200122,3.0000,3.0000,3.0000,3.0000,200
AFX,20200130,3.0000,3.0000,3.0000,3.0000,500
AFX,20200131,3.1000,3.1000,3.0000,3.0000,2600
AFX,20200203,2.7000,3.1000,2.7000,2.8000,99900
AFX,20200204,3.0000,3.1000,2.9000,3.1000,19200
AFX,20200205,3.1000,3.1000,3.0000,3.1000,37000
AFX,20200206,3.1000,3.4000,3.0000,3.4000,34000
AFX,20200207,3.5000,3.7000,3.5000,3.6000,39400
AFX,20200210,3.5000,3.5000,3.3000,3.3000,12200
AFX,20200211,3.4000,3.4000,3.2000,3.2000,9300
AFX,20200212,3.2000,3.2000,2.9000,3.1000,84110
AFX,20200213,3.1000,3.2000,3.0000,3.1000,21700
AFX,20200214,3.1000,3.1000,3.1000,3.1000,3400
AFX,20200217,3.1000,3.4000,3.1000,3.3000,20510
AFX,20200218,3.1000,3.2000,3.1000,3.2000,10900
AFX,20200219,3.2000,3.4000,3.2000,3.4000,17400
AFX,20200220,3.5000,3.5000,3.2000,3.4000,4800
AFX,20200221,3.4000,3.4000,3.1000,3.2000,23700
AFX,20200224,3.1000,3.1000,3.0000,3.0000,13600
AFX,20200225,3.2000,3.2000,3.0000,3.1000,2700
AFX,20200226,3.0000,3.2000,3.0000,3.2000,5600
AFX,20200227,3.2000,3.5000,3.2000,3.4000,21600
AFX,20200228,3.4000,3.5000,3.3000,3.3000,10400
AFX,20200302,3.4000,3.4000,3.3000,3.3000,7800
AFX,20200303,3.2000,3.3000,3.2000,3.3000,23300
AFX,20200304,3.3000,3.3000,3.2000,3.3000,12800
AFX,20200305,3.2000,3.3000,3.2000,3.2000,9800
AFX,20200306,3.5000,3.5000,3.2000,3.2000,6800
AFX,20200309,3.2000,3.3000,2.9000,3.0000,44800
AFX,20200310,2.8000,3.3000,2.8000,3.1000,9500
AFX,20200311,3.1000,3.1000,3.0000,3.1000,4300
AFX,20200312,3.0000,3.1000,2.8000,2.9000,24100
AFX,20200313,2.8000,3.0000,2.8000,2.9000,13400
AFX,20200316,2.8000,2.8000,2.8000,2.8000,3300
AFX,20200317,2.8000,3.0000,2.8000,2.9000,9500
AFX,20200318,2.9000,3.0000,2.9000,3.0000,15500
AFX,20200319,3.0000,3.1000,3.0000,3.0000,46300
AFX,20200320,3.0000,3.2000,3.0000,3.2000,7400
AFX,20200323,3.2000,3.2000,3.0000,3.0000,6710
AFX,20200324,3.1000,3.1000,3.1000,3.1000,2500
AFX,20200325,3.0000,3.0000,3.0000,3.0000,12200
AFX,20200326,3.0000,3.0000,2.9000,2.9000,24600
AFX,20200327,2.9000,3.1000,2.9000,2.9000,3710
AFX,20200330,3.0000,3.0000,3.0000,3.0000,0
AFX,20200331,2.9000,3.0000,2.8000,3.0000,3100
AFX,20200401,2.8000,2.8000,2.8000,2.8000,500
AFX,20200403,2.9000,2.9000,2.9000,2.9000,100
AFX,20200406,3.0000,3.1000,3.0000,3.1000,500
AFX,20200407,3.0000,3.1000,3.0000,3.1000,10310
AFX,20200408,3.1000,3.3000,3.1000,3.3000,20000
AFX,20200409,3.2000,3.6000,3.2000,3.6000,50000
AFX,20200410,4.1000,4.1000,3.8000,4.1000,105200
AFX,20200413,4.6000,4.7000,4.3000,4.7000,111900
AFX,20200414,5.0000,5.2000,4.4000,4.5000,175010
AFX,20200415,4.5000,4.5000,4.0000,4.0000,155700
AFX,20200416,4.0000,4.4000,4.0000,4.4000,82430
AFX,20200417,4.3000,4.8000,4.3000,4.8000,128000
AFX,20200420,5.3000,5.5000,4.8000,5.1000,176410
AFX,20200421,5.2000,5.2000,4.5000,4.6000,162550
AFX,20200422,4.6000,4.8000,4.4000,4.6000,99100
AFX,20200423,4.8000,4.8000,4.5000,4.6000,55000
AFX,20200424,4.6000,4.7000,4.5000,4.5000,39110
AFX,20200427,4.5000,4.5000,4.0000,4.3000,84540
AFX,20200428,4.1000,4.6000,4.1000,4.5000,36800
AFX,20200429,4.5000,4.6000,4.4000,4.4000,32660
AFX,20200504,4.5000,4.5000,4.0000,4.0000,56600
AFX,20200505,4.1000,4.1000,3.9000,4.1000,58400
AFX,20200506,4.0000,4.4000,4.0000,4.4000,46600
AFX,20200507,4.4000,4.4000,4.2000,4.3000,41300
AFX,20200508,4.3000,4.4000,4.2000,4.3000,25300
AFX,20200511,4.3000,4.3000,4.2000,4.2000,19600
AFX,20200512,4.3000,4.4000,4.2000,4.3000,34200
AFX,20200513,4.4000,4.4000,4.3000,4.4000,8800
AFX,20200514,4.4000,4.7000,4.4000,4.7000,71900
AFX,20200515,4.7000,5.0000,4.6000,4.8000,108320
AFX,20200518,4.8000,4.8000,4.6000,4.6000,18800
AFX,20200519,4.4000,4.6000,4.4000,4.4000,56300
AFX,20200520,4.4000,4.6000,4.3000,4.4000,31900
AFX,20200521,4.5000,4.5000,4.3000,4.5000,17510
AFX,20200522,4.4000,4.4000,4.2000,4.3000,45880
AFX,20200525,4.2000,4.4000,4.2000,4.3000,22100
AFX,20200526,4.4000,4.4000,4.3000,4.4000,36030
AFX,20200527,4.4000,4.4000,4.4000,4.4000,38210
AFX,20200528,4.4000,4.4000,4.3000,4.3000,18610
AFX,20200529,4.3000,4.3000,4.1000,4.2000,82000
AFX,20200601,4.1000,4.4000,4.1000,4.4000,23410
AFX,20200602,4.4000,4.5000,4.2000,4.2000,40400
AFX,20200603,4.2000,4.3000,4.1000,4.3000,29400
AFX,20200604,4.3000,4.4000,4.3000,4.3000,24110
AFX,20200605,4.3000,4.9000,4.3000,4.9000,249110
AFX,20200608,5.2000,5.5000,5.1000,5.5000,243300
AFX,20200609,5.8000,6.2000,5.0000,5.8000,258610
AFX,20200610,5.2000,6.0000,5.2000,5.7000,189980
AFX,20200611,5.7000,5.9000,4.7000,4.7000,268900
AFX,20200612,4.5000,5.3000,4.5000,5.2000,101610
AFX,20200615,4.8000,5.0000,4.4000,4.5000,176300
AFX,20200616,4.6000,5.2000,4.5000,4.7000,48000
AFX,20200617,4.9000,5.0000,4.5000,4.6000,85610
AFX,20200618,4.5000,4.6000,4.5000,4.5000,16320
AFX,20200619,4.5000,4.7000,4.4000,4.6000,52600
AFX,20200622,4.6000,5.1000,4.6000,5.1000,194830
AFX,20200623,5.5000,5.7000,5.4000,5.5000,243768
AFX,20200624,5.7000,5.7000,5.1000,5.4000,109810
AFX,20200625,5.3000,5.4000,5.1000,5.3000,68225
AFX,20200626,5.3000,5.3000,5.0000,5.0000,20916
AFX,20200629,4.9000,5.0000,4.7000,5.0000,76104
AFX,20200630,4.8000,5.0000,4.7000,4.9000,25705
AFX,20200701,5.0000,5.0000,4.6000,5.0000,51200
AFX,20200702,5.0000,5.0000,4.9000,4.9000,13201
AFX,20200703,4.9000,5.1000,4.9000,5.1000,16390
AFX,20200706,5.0000,5.1000,5.0000,5.0000,14400
AFX,20200707,5.0000,5.5000,5.0000,5.0000,31100
AFX,20200708,5.0000,5.1000,5.0000,5.0000,22800
AFX,20200709,5.0000,5.1000,4.9000,5.1000,32100
AFX,20200710,5.2000,5.3000,5.0000,5.1000,47520
AFX,20200713,5.2000,5.4000,5.1000,5.3000,120831
AFX,20200714,5.3000,5.5000,5.2000,5.4000,31810
AFX,20200715,5.5000,5.5000,5.4000,5.4000,38500
AFX,20200716,5.4000,5.4000,5.1000,5.2000,39400
AFX,20200717,5.2000,5.3000,5.1000,5.3000,8100
AFX,20200720,5.3000,5.5000,5.1000,5.3000,83510
AFX,20200721,5.4000,6.0000,5.4000,6.0000,410340
AFX,20200722,6.5000,6.5000,5.8000,5.9000,166900
AFX,20200723,5.9000,6.0000,5.6000,5.8000,122400
AFX,20200724,5.8000,5.8000,5.2000,5.4000,199300
AFX,20200727,5.4000,5.4000,5.0000,5.1000,105100
AFX,20200728,5.1000,5.5000,5.1000,5.3000,76522
AFX,20200729,5.3000,5.3000,5.0000,5.1000,85606
AFX,20200730,5.1000,5.4000,5.1000,5.3000,44600
AFX,20200731,5.3000,6.0000,5.3000,5.8000,241800
AFX,20200803,5.8000,5.9000,5.7000,5.8000,96305
AFX,20200804,5.8000,6.3000,5.7000,6.2000,155540
AFX,20200805,6.5000,7.0000,6.2000,6.3000,128300
AFX,20200806,6.2000,6.2000,6.0000,6.2000,80900
AFX,20200807,6.1000,6.2000,6.0000,6.0000,122727
AFX,20200810,6.0000,7.0000,6.0000,7.0000,378749
AFX,20200811,7.8000,7.8000,7.8000,7.8000,112500
AFX,20200812,8.9000,8.9000,8.9000,8.9000,352341
AFX,20200813,10.1000,10.2000,9.0000,10.2000,778116
AFX,20200814,11.4000,11.5000,10.8000,11.5000,289250
AFX,20200817,12.0000,12.9000,11.5000,11.9000,483220
AFX,20200818,11.9000,11.9000,10.6000,10.6000,390150
AFX,20200819,9.5000,10.7000,9.3000,10.4000,473795
AFX,20200820,10.0000,11.1000,10.0000,10.8000,347187
AFX,20200821,11.2000,11.2000,10.0000,10.1000,291710
AFX,20200824,10.1000,10.5000,9.6000,10.1000,361000
AFX,20200825,10.0000,10.1000,9.7000,9.9000,312230
AFX,20200826,9.8000,9.9000,9.4000,9.9000,417310
AFX,20200827,9.6000,10.7000,9.5000,10.5000,331450
AFX,20200828,10.5000,10.6000,10.1000,10.2000,193505
AFX,20200831,10.1000,10.1000,9.8000,10.0000,294630
AFX,20200901,10.0000,10.0000,9.3000,9.4000,246000
AFX,20200903,9.5000,10.0000,9.4000,9.8000,208300
AFX,20200904,9.4000,9.6000,9.3000,9.5000,106410
AFX,20200907,9.5000,10.9000,9.3000,10.8000,922760
AFX,20200908,10.8000,10.8000,9.0000,9.8000,570960
AFX,20200909,9.3000,9.8000,9.2000,9.4000,286020
AFX,20200910,9.3000,9.3000,8.0000,8.3000,639454
AFX,20200911,8.0000,8.3000,7.8000,8.1000,422809
AFX,20200914,8.1000,8.5000,8.1000,8.4000,168164
AFX,20200915,8.4000,8.4000,8.0000,8.2000,205906
AFX,20200916,8.2000,8.2000,8.0000,8.0000,125400
AFX,20200917,8.1000,8.1000,7.8000,7.9000,166490
AFX,20200918,7.8000,8.0000,7.5000,7.8000,180319
AFX,20200921,8.0000,8.5000,8.0000,8.4000,319750
AFX,20200922,8.4000,8.7000,8.2000,8.5000,237353
AFX,20200923,8.5000,8.6000,8.4000,8.5000,143870
AFX,20200924,8.4000,8.5000,8.3000,8.3000,165210
AFX,20200925,8.2000,8.3000,8.0000,8.2000,150156
AFX,20200928,8.1000,8.5000,8.1000,8.1000,109605
AFX,20200929,8.2000,8.2000,7.9000,8.0000,120600
AFX,20200930,8.0000,8.0000,7.8000,7.9000,54400
AFX,20201001,7.9000,8.2000,7.9000,8.0000,73980
AFX,20201002,8.1000,8.4000,7.9000,8.4000,202801
AFX,20201005,8.5000,9.3000,8.3000,9.3000,759753
AFX,20201006,9.8000,9.8000,9.0000,9.2000,168920
AFX,20201007,9.2000,9.3000,8.9000,9.1000,182725
AFX,20201008,9.1000,9.1000,8.8000,8.9000,187158
AFX,20201009,8.9000,9.0000,8.8000,8.9000,66980
AFX,20201012,9.0000,9.2000,8.8000,8.9000,75686
AFX,20201013,8.9000,9.0000,8.7000,8.8000,76300
AFX,20201014,8.8000,8.9000,8.4000,8.7000,113300
AFX,20201015,8.6000,8.7000,8.2000,8.3000,143700
AFX,20201016,8.3000,8.4000,8.1000,8.2000,89900
AFX,20201019,8.3000,8.5000,8.1000,8.3000,76200
AFX,20201020,8.3000,8.4000,7.8000,8.1000,266900
AFX,20201021,7.9000,8.0000,7.5000,7.7000,329683
AFX,20201022,7.7000,7.7000,7.4000,7.6000,125750
AFX,20201023,7.5000,8.0000,7.5000,8.0000,123200
AFX,20201026,7.7000,8.1000,7.7000,8.0000,188400
AFX,20201027,8.0000,8.0000,7.8000,7.8000,72225
AFX,20201028,7.8000,7.8000,7.5000,7.6000,103000
AFX,20201029,7.7000,7.7000,7.5000,7.7000,158100
AFX,20201030,7.7000,7.8000,7.7000,7.7000,52800
AFX,20201102,7.9000,8.5000,7.9000,8.5000,346703
AFX,20201103,8.9000,9.2000,8.6000,9.0000,348900
AFX,20201104,9.1000,9.5000,9.1000,9.3000,309851
AFX,20201105,9.4000,9.4000,8.9000,8.9000,234827
AFX,20201106,9.0000,9.0000,8.6000,8.8000,153711
AFX,20201109,8.8000,8.8000,8.4000,8.4000,183478
AFX,20201110,8.6000,8.7000,8.2000,8.2000,158300
AFX,20201111,8.3000,8.6000,8.3000,8.6000,85610
AFX,20201112,8.5000,8.5000,8.3000,8.5000,84999
AFX,20201113,8.4000,8.4000,8.3000,8.4000,34010
AFX,20201116,8.5000,8.6000,8.4000,8.5000,169981
AFX,20201117,8.5000,8.5000,8.4000,8.5000,59058
AFX,20201118,8.5000,8.5000,8.4000,8.4000,43200
AFX,20201119,8.5000,8.5000,8.4000,8.5000,89840
AFX,20201120,8.5000,9.1000,8.5000,8.9000,251496
AFX,20201123,9.1000,9.6000,9.0000,9.1000,232930
AFX,20201124,9.3000,9.3000,9.0000,9.3000,296600
AFX,20201125,9.4000,10.4000,9.4000,10.4000,645927
AFX,20201126,11.8000,11.8000,10.8000,11.7000,1131465
AFX,20201127,11.7000,13.2000,11.7000,13.2000,692307
AFX,20201130,12.9000,13.0000,11.9000,12.6000,267200
AFX,20201201,12.2000,12.3000,11.5000,11.9000,279140
AFX,20201202,12.0000,12.4000,11.6000,12.2000,281200
AFX,20201203,12.6000,13.5000,12.3000,12.4000,532500
AFX,20201204,12.8000,13.0000,11.1000,12.0000,572303
AFX,20201207,12.1000,13.2000,12.1000,12.6000,481230
AFX,20201208,12.8000,12.9000,12.3000,12.5000,175170
AFX,20201209,12.5000,12.7000,10.7000,12.6000,242446
AFX,20201210,12.7000,12.7000,12.2000,12.3000,259600
AFX,20201211,12.4000,12.5000,12.2000,12.4000,117238
AFX,20201214,12.5000,12.5000,11.8000,12.0000,331250
AFX,20201215,12.0000,12.1000,10.3000,11.9000,136491
AFX,20201216,11.9000,12.1000,11.4000,12.0000,277679
AFX,20201217,11.9000,12.5000,11.9000,12.1000,252680
AFX,20201218,12.3000,12.4000,12.1000,12.2000,60700
AFX,20201221,12.3000,12.4000,11.9000,12.1000,139109
AFX,20201222,12.4000,12.4000,11.7000,11.8000,221370
AFX,20201223,11.9000,12.0000,11.7000,11.9000,224223
AFX,20201224,12.0000,12.0000,11.4000,11.6000,194025
AFX,20201225,11.8000,11.9000,11.5000,11.9000,156800
AFX,20201228,12.0000,12.1000,11.7000,11.8000,139914
AFX,20201229,11.8000,11.8000,11.5000,11.7000,150595
AFX,20201230,11.6000,11.6000,11.4000,11.5000,94901
AFX,20201231,11.5000,11.8000,11.5000,11.6000,115300
AFX,20210104,11.6000,12.2000,11.6000,11.9000,355600
AFX,20210105,12.1000,12.1000,11.8000,11.8000,113101
AFX,20210106,11.9000,12.3000,11.7000,12.3000,318600
AFX,20210107,12.0000,12.6000,12.0000,12.5000,320100
AFX,20210108,12.5000,12.7000,12.4000,12.4000,190620
AFX,20210111,12.5000,12.7000,12.2000,12.7000,315200
AFX,20210112,12.8000,13.9000,12.5000,13.6000,951500
AFX,20210113,13.7000,14.4000,13.7000,13.9000,731512
AFX,20210114,14.1000,14.1000,13.5000,13.7000,216411
AFX,20210115,13.7000,13.8000,13.2000,13.6000,321200
AFX,20210118,13.5000,14.0000,13.5000,13.8000,283542
AFX,20210119,13.8000,14.2000,12.4000,13.4000,583800
AFX,20210120,12.9000,13.4000,12.1000,13.2000,429900
AFX,20210121,12.7000,13.2000,12.7000,13.2000,100119
AFX,20210122,13.0000,13.8000,13.0000,13.8000,334800
AFX,20210125,14.5000,15.0000,13.8000,14.2000,563249
AFX,20210126,14.2000,14.2000,13.7000,13.9000,215010
AFX,20210127,13.7000,13.9000,13.1000,13.2000,189510
AFX,20210128,13.0000,13.0000,11.5000,11.6000,862839
AFX,20210129,10.8000,13.3000,10.8000,12.8000,138600
AFX,20210201,13.3000,13.3000,12.5000,12.5000,47700
AFX,20210202,12.7000,12.8000,12.4000,12.8000,105400
AFX,20210203,13.1000,13.1000,12.6000,12.9000,138210
AFX,20210204,12.8000,12.8000,12.5000,12.7000,100500
AFX,20210205,12.7000,12.9000,12.7000,12.9000,77500
AFX,20210208,13.1000,13.1000,12.5000,12.5000,77600
AFX,20210209,12.6000,14.0000,12.5000,13.1000,127500
AFX,20210217,12.9000,13.0000,12.5000,12.8000,144000
AFX,20210218,12.7000,12.9000,12.7000,12.9000,84200
AFX,20210219,13.0000,13.4000,12.9000,13.1000,238900
AFX,20210222,13.4000,13.5000,12.8000,13.3000,141300
AFX,20210223,13.3000,13.3000,12.9000,13.1000,113300
AFX,20210224,13.0000,13.1000,11.1000,13.1000,153800
AFX,20210225,13.0000,13.2000,12.7000,13.1000,72400
AFX,20210226,12.9000,13.3000,12.8000,13.0000,132100
AFX,20210301,13.3000,13.3000,13.0000,13.1000,66200
AFX,20210302,13.1000,13.2000,11.2000,13.2000,68280
AFX,20210303,13.0000,13.6000,13.0000,13.5000,273537
AFX,20210304,13.6000,14.8000,13.6000,14.5000,753400
AFX,20210305,14.5000,14.8000,13.9000,14.4000,166550
AFX,20210308,14.4000,15.0000,14.2000,14.6000,477100
AFX,20210309,14.3000,14.7000,14.2000,14.4000,186600
AFX,20210310,14.6000,14.6000,14.3000,14.5000,180000
AFX,20210311,14.4000,14.4000,14.0000,14.4000,180118
AFX,20210312,14.3000,14.3000,14.0000,14.2000,192300
AFX,20210315,14.2000,14.4000,13.9000,14.2000,151288
AFX,20210316,14.1000,14.1000,13.9000,14.0000,77900
AFX,20210317,14.0000,14.0000,13.9000,13.9000,121400
AFX,20210318,14.1000,14.8000,14.1000,14.6000,654200
AFX,20210319,14.9000,15.0000,14.5000,14.6000,141900
AFX,20210322,14.6000,14.6000,14.3000,14.4000,90425
AFX,20210323,13.5000,14.4000,13.5000,14.0000,229200
AFX,20210324,13.9000,14.1000,13.5000,13.9000,297003
AFX,20210325,13.8000,13.8000,13.5000,13.7000,80605
AFX,20210326,13.5000,13.7000,12.8000,13.7000,169756
AFX,20210329,13.5000,13.6000,13.3000,13.5000,92310
AFX,20210330,13.6000,13.9000,13.3000,13.5000,71600
AFX,20210331,13.3000,14.0000,13.3000,14.0000,76100
AFX,20210401,13.6000,13.8000,13.5000,13.6000,65700
AFX,20210402,13.9000,13.9000,13.3000,13.4000,145510
AFX,20210405,13.3000,13.6000,13.3000,13.5000,39800
AFX,20210406,13.5000,13.5000,13.2000,13.3000,72500
AFX,20210407,13.3000,13.5000,13.2000,13.4000,132118
AFX,20210408,13.8000,13.8000,13.3000,13.4000,135202
AFX,20210409,13.5000,13.7000,13.5000,13.5000,30700
AFX,20210412,13.5000,13.6000,13.1000,13.5000,99700
AFX,20210413,13.3000,13.4000,13.1000,13.2000,79218
AFX,20210414,13.2000,13.7000,13.1000,13.5000,127000
AFX,20210415,13.2000,13.5000,13.2000,13.3000,98200
AFX,20210416,13.3000,13.4000,13.1000,13.3000,109400
AFX,20210419,13.6000,13.6000,13.1000,13.2000,135300
AFX,20210420,13.2000,13.2000,13.0000,13.2000,149000
AFX,20210422,13.1000,13.1000,12.9000,13.1000,92700
AFX,20210423,13.0000,13.0000,12.0000,13.0000,75800
AFX,20210426,13.2000,13.5000,12.9000,13.1000,44100
AFX,20210427,13.3000,13.4000,12.9000,13.2000,26100
AFX,20210428,13.2000,13.2000,13.0000,13.1000,75750
AFX,20210429,13.3000,13.3000,13.0000,13.2000,36800
AFX,20210504,13.1000,15.0000,13.0000,13.2000,66600
AFX,20210505,13.2000,13.3000,13.1000,13.1000,82110
AFX,20210506,13.3000,14.0000,13.3000,13.5000,153000
AFX,20210507,13.5000,14.0000,13.1000,13.2000,36300
AFX,20210510,13.2000,13.3000,12.9000,13.2000,122300
AFX,20210511,13.3000,13.3000,12.9000,13.1000,74010
AFX,20210512,13.1000,13.1000,12.9000,13.1000,98400
AFX,20210513,13.0000,13.1000,12.9000,13.1000,75800
AFX,20210514,13.0000,14.9000,12.8000,13.5000,258712
AFX,20210517,13.3000,13.5000,13.1000,13.2000,43000
AFX,20210518,13.4000,13.4000,13.1000,13.1000,33500
AFX,20210519,13.0000,13.2000,12.9000,13.2000,17700
AFX,20210520,13.2000,13.2000,13.0000,13.1000,31700
AFX,20210521,13.1000,13.1000,13.0000,13.1000,109200
AFX,20210524,13.1000,13.1000,13.0000,13.1000,93100
AFX,20210525,13.1000,13.1000,12.9000,13.1000,72100
AFX,20210526,13.1000,13.1000,13.0000,13.1000,49700
AFX,20210527,13.0000,13.1000,12.9000,13.0000,35900
AFX,20210528,13.1000,13.1000,12.9000,13.0000,51500
AFX,20210531,12.8000,13.1000,12.8000,13.0000,70600
AFX,20210601,13.0000,14.9000,12.9000,13.0000,148100
AFX,20210602,13.0000,14.0000,12.9000,13.8000,491446
AFX,20210603,13.6000,14.5000,13.6000,14.3000,680155
AFX,20210604,14.3000,14.4000,13.9000,14.1000,191800
AFX,20210607,14.1000,14.2000,13.4000,13.5000,222800
AFX,20210608,13.6000,14.5000,13.3000,13.8000,290000
AFX,20210609,13.8000,14.0000,13.6000,13.9000,105500
AFX,20210610,13.9000,13.9000,13.5000,13.8000,59600
AFX,20210611,13.8000,15.3000,13.8000,15.1000,1323764
AFX,20210614,15.1000,15.4000,14.8000,14.8000,239542
AFX,20210615,14.7000,14.9000,14.4000,14.5000,96602
AFX,20210616,14.4000,14.7000,13.9000,14.1000,439403
AFX,20210617,14.1000,14.5000,13.8000,14.3000,158800
AFX,20210618,14.3000,14.8000,14.3000,14.5000,143100
AFX,20210621,14.6000,14.7000,14.0000,14.2000,186500
AFX,20210622,14.3000,14.3000,13.7000,13.9000,370402
AFX,20210623,13.7000,14.1000,13.5000,13.5000,289848
AFX,20210624,13.5000,13.7000,13.3000,13.6000,151112
AFX,20210625,13.7000,13.7000,13.4000,13.6000,70405
AFX,20210628,13.6000,13.9000,13.5000,13.6000,156400
AFX,20210629,13.5000,13.7000,13.5000,13.6000,81008
AFX,20210630,13.5000,13.7000,13.4000,13.5000,146212
AFX,20210701,13.5000,13.5000,13.3000,13.4000,195600
AFX,20210702,13.3000,13.3000,13.1000,13.2000,258800
AFX,20210705,13.1000,13.3000,12.9000,13.2000,184900
AFX,20210706,13.7000,13.7000,12.9000,13.1000,106300
AFX,20210707,13.1000,13.2000,13.0000,13.2000,73500
AFX,20210708,13.1000,13.4000,13.1000,13.3000,111200
AFX,20210709,13.1000,13.7000,13.1000,13.4000,135800
AFX,20210712,13.5000,13.5000,12.6000,13.2000,236800
AFX,20210713,13.1000,13.4000,13.1000,13.4000,82500
AFX,20210714,13.3000,13.4000,13.1000,13.2000,36000
AFX,20210715,13.2000,13.4000,13.2000,13.4000,67100
AFX,20210716,13.5000,13.5000,13.1000,13.4000,98901
AFX,20210719,13.2000,13.3000,13.1000,13.2000,85700
AFX,20210720,13.2000,13.4000,13.1000,13.4000,77000
AFX,20210721,13.3000,13.5000,13.3000,13.5000,62600
AFX,20210722,13.5000,13.7000,13.4000,13.6000,87132
AFX,20210723,13.5000,13.5000,13.3000,13.3000,56400
AFX,20210726,13.3000,13.4000,13.1000,13.4000,31300
AFX,20210727,13.6000,13.6000,13.3000,13.4000,13900
AFX,20210728,13.4000,13.4000,13.2000,13.2000,16000
AFX,20210729,13.3000,13.4000,13.2000,13.4000,37200
AFX,20210730,13.3000,13.5000,13.2000,13.2000,48700
AFX,20210802,13.4000,13.4000,13.1000,13.4000,58000
AFX,20210803,13.5000,13.5000,13.2000,13.4000,36000
AFX,20210804,13.3000,13.4000,13.2000,13.3000,65500
AFX,20210805,13.3000,13.4000,13.2000,13.4000,86500
AFX,20210806,13.4000,13.4000,13.3000,13.3000,29600
AFX,20210809,13.3000,13.4000,13.3000,13.3000,40010
AFX,20210810,13.4000,13.4000,13.2000,13.3000,72801
AFX,20210811,13.2000,13.4000,13.2000,13.3000,32312
AFX,20210812,13.2000,13.3000,13.2000,13.3000,42100
AFX,20210813,13.2000,13.8000,13.2000,13.6000,174300
AFX,20210816,13.7000,14.2000,13.7000,13.9000,90800
AFX,20210817,14.0000,14.0000,13.6000,13.7000,31900
AFX,20210818,13.6000,13.6000,13.3000,13.4000,66800
AFX,20210819,13.5000,13.6000,13.3000,13.4000,66300
AFX,20210820,13.5000,13.5000,13.1000,13.1000,95700
AFX,20210823,13.2000,13.4000,13.1000,13.2000,52011
AFX,20210824,13.2000,13.2000,13.0000,13.2000,74300
AFX,20210825,13.2000,13.3000,13.2000,13.2000,25710
AFX,20210826,13.3000,13.5000,13.2000,13.4000,46600
AFX,20210827,13.4000,13.5000,13.2000,13.3000,67600
AFX,20210830,13.3000,13.4000,13.3000,13.3000,35604
AFX,20210831,13.3000,13.4000,13.1000,13.2000,80205
AFX,20210901,13.2000,13.4000,13.2000,13.3000,75000
AFX,20210906,13.3000,14.0000,13.2000,13.9000,257400
AFX,20210907,13.9000,14.5000,13.9000,14.0000,406170
AFX,20210908,14.0000,14.0000,13.5000,13.7000,66200
AFX,20210909,13.8000,13.8000,13.5000,13.6000,83303
AFX,20210910,13.5000,13.8000,13.4000,13.6000,89700
AFX,20210913,13.5000,13.6000,13.3000,13.4000,87100
AFX,20210914,13.4000,13.5000,13.3000,13.5000,89100
AFX,20210915,13.4000,14.2000,13.4000,14.1000,339900
AFX,20210916,13.9000,14.2000,13.5000,14.0000,199302
AFX,20210917,13.9000,14.1000,13.7000,14.0000,235002
AFX,20210920,14.0000,15.9000,14.0000,15.9000,1564042
AFX,20210921,15.9000,17.3000,15.4000,17.3000,683250
AFX,20210922,17.3000,18.9000,17.0000,17.2000,439615
AFX,20210923,16.9000,17.2000,15.6000,15.7000,973820
AFX,20210924,15.7000,15.9000,14.0000,14.8000,571643
AFX,20210927,14.3000,14.4000,13.9000,13.9000,293018
AFX,20210928,14.0000,14.0000,13.5000,14.0000,261606
AFX,20210929,14.0000,14.8000,13.8000,14.6000,256900
AFX,20210930,14.5000,15.5000,14.3000,14.5000,153418
AFX,20211001,14.4000,14.7000,14.3000,14.3000,81300
AFX,20211004,14.3000,14.3000,13.6000,14.0000,445800
AFX,20211005,13.8000,14.3000,13.8000,14.1000,72318
AFX,20211006,14.2000,14.3000,14.0000,14.1000,183600
AFX,20211007,14.1000,14.2000,13.9000,14.0000,105400
AFX,20211008,14.0000,14.0000,13.8000,13.9000,123300
AFX,20211011,13.9000,14.0000,13.8000,13.8000,148000
AFX,20211012,13.8000,13.9000,13.7000,13.8000,148000
AFX,20211013,13.8000,13.9000,13.7000,13.8000,100300
AFX,20211014,13.7000,14.7000,13.7000,14.6000,295500
AFX,20211015,14.5000,14.6000,14.2000,14.3000,116000
AFX,20211018,14.4000,14.4000,14.0000,14.1000,84500
AFX,20211019,14.1000,14.9000,14.0000,14.4000,153400
AFX,20211020,14.4000,14.4000,14.1000,14.3000,106700
AFX,20211021,14.2000,14.4000,14.0000,14.3000,107900
AFX,20211022,14.3000,15.3000,14.3000,15.1000,419600
AFX,20211025,15.4000,15.4000,14.9000,15.0000,210200
AFX,20211026,15.1000,15.1000,14.6000,14.8000,124728
AFX,20211027,14.8000,15.6000,14.6000,15.5000,480900
AFX,20211028,15.4000,15.6000,15.1000,15.1000,204130
AFX,20211029,15.4000,15.4000,14.9000,15.2000,168302
AFX,20211101,15.3000,15.3000,14.8000,15.1000,386767
AFX,20211102,15.0000,16.5000,14.9000,16.0000,504100
AFX,20211103,16.1000,16.4000,15.2000,15.6000,310869
AFX,20211104,15.6000,15.6000,15.2000,15.4000,211747
AFX,20211105,15.3000,16.1000,15.3000,15.8000,278722
AFX,20211108,15.9000,16.8000,15.8000,16.1000,249345
AFX,20211109,16.0000,16.2000,15.7000,16.0000,154100
AFX,20211110,15.9000,16.0000,15.6000,15.7000,222300
AFX,20211111,15.8000,15.9000,15.3000,15.7000,270300
AFX,20211112,15.6000,16.6000,15.5000,16.5000,705075
AFX,20211115,16.6000,16.9000,16.2000,16.4000,321625
AFX,20211116,16.4000,16.4000,15.8000,16.0000,198137
AFX,20211117,16.0000,16.2000,15.5000,16.0000,252600
AFX,20211118,16.0000,16.2000,15.7000,16.2000,309822
AFX,20211119,16.3000,16.5000,15.4000,15.8000,478416
AFX,20211122,15.8000,15.8000,14.8000,15.1000,298518
AFX,20211123,15.1000,15.2000,14.7000,15.0000,228300
AFX,20211124,15.0000,15.1000,14.6000,14.9000,227900
AFX,20211125,14.9000,15.0000,14.6000,15.0000,168111
AFX,20211126,15.0000,15.4000,14.7000,14.9000,96000
AFX,20211129,14.8000,14.8000,14.0000,14.7000,113821
AFX,20211130,14.7000,15.1000,14.4000,14.7000,222803
AFX,20211201,14.6000,14.7000,14.5000,14.5000,150500
AFX,20211202,14.5000,15.0000,14.5000,14.6000,97300
AFX,20211203,14.9000,14.9000,14.2000,14.4000,210405
AFX,20211206,14.2000,14.4000,13.6000,13.9000,237900
AFX,20211207,14.0000,14.7000,14.0000,14.5000,134579
AFX,20211208,14.5000,14.6000,14.3000,14.4000,155800
AFX,20211209,14.4000,14.6000,14.3000,14.5000,46705
AFX,20211210,14.4000,14.6000,14.4000,14.4000,57121
AFX,20211213,14.4000,14.6000,14.3000,14.6000,92700
AFX,20211214,14.6000,14.7000,14.5000,14.6000,103500
AFX,20211215,14.6000,14.6000,14.5000,14.6000,126400
AFX,20211216,14.6000,15.7000,14.6000,15.3000,230600
AFX,20211217,15.3000,15.4000,14.9000,15.1000,104136
AFX,20211220,15.4000,15.4000,15.0000,15.3000,133400
AFX,20211221,15.3000,15.5000,15.0000,15.5000,190700
AFX,20211222,15.4000,16.2000,15.4000,16.0000,328400
AFX,20211223,16.2000,16.5000,16.0000,16.5000,398330
AFX,20211224,16.3000,16.4000,16.0000,16.1000,125711
AFX,20211227,16.1000,16.1000,15.6000,15.8000,147700
AFX,20211228,15.8000,15.9000,15.1000,15.9000,225000
AFX,20211229,16.0000,16.5000,15.8000,16.5000,300400
AFX,20211230,16.5000,18.3000,16.5000,16.8000,358692
AFX,20211231,16.4000,18.2000,15.9000,18.2000,977800
AFX,20220104,17.6000,17.7000,16.0000,16.0000,384908
AFX,20220105,16.1000,16.1000,15.6000,15.7000,175600
AFX,20220106,16.5000,16.9000,15.5000,16.0000,54564
AFX,20220107,16.0000,16.0000,15.6000,15.7000,104300
AFX,20220110,15.7000,15.7000,15.0000,15.3000,172133
AFX,20220111,15.1000,15.3000,15.1000,15.1000,32000
AFX,20220112,15.2000,15.4000,14.6000,14.8000,70758
AFX,20220113,14.8000,15.7000,14.8000,15.2000,67146
AFX,20220114,15.2000,15.4000,14.9000,15.1000,40474
AFX,20220117,15.0000,15.0000,14.2000,14.6000,129100
AFX,20220118,14.0000,14.5000,14.0000,14.4000,66400
AFX,20220119,14.1000,14.7000,14.1000,14.5000,15200
AFX,20220120,14.5000,15.0000,14.5000,15.0000,31400
AFX,20220121,15.0000,15.4000,15.0000,15.2000,29500
AFX,20220124,15.1000,15.1000,14.5000,14.5000,20302
AFX,20220125,14.8000,14.9000,14.5000,14.9000,12200
AFX,20220126,14.9000,14.9000,14.6000,14.6000,9230
AFX,20220127,14.7000,14.7000,14.3000,14.3000,23100
AFX,20220128,14.7000,15.2000,14.0000,14.0000,32400
AFX,20220207,14.4000,14.9000,14.4000,14.8000,8115
AFX,20220208,14.8000,14.9000,14.8000,14.8000,9700
AFX,20220209,14.7000,15.1000,14.7000,14.8000,26900
AFX,20220210,14.8000,14.9000,14.8000,14.9000,23030
AFX,20220211,14.9000,14.9000,14.6000,14.8000,13107
AFX,20220214,14.8000,14.8000,14.6000,14.6000,23100
AFX,20220215,14.6000,14.8000,14.6000,14.7000,14400
AFX,20220216,14.8000,15.0000,14.7000,15.0000,68700
AFX,20220217,15.0000,15.1000,14.9000,15.0000,40601
AFX,20220218,15.0000,15.0000,14.9000,15.0000,20223
AFX,20220221,15.0000,15.1000,14.8000,15.1000,60410
AFX,20220222,15.1000,15.1000,14.7000,14.8000,49400
AFX,20220223,15.0000,15.2000,15.0000,15.2000,120900
AFX,20220224,15.3000,15.3000,14.8000,15.0000,50920
AFX,20220225,15.0000,15.8000,15.0000,15.7000,227400
AFX,20220228,15.7000,16.2000,15.7000,16.2000,235130
AFX,20220301,16.5000,16.5000,15.9000,15.9000,104310
AFX,20220302,15.9000,16.3000,15.3000,15.9000,262765
AFX,20220303,16.0000,16.2000,15.7000,16.1000,174566
AFX,20220304,16.1000,16.1000,15.8000,15.8000,76516
AFX,20220307,15.8000,16.5000,15.8000,16.2000,477230
AFX,20220308,17.0000,17.0000,15.9000,15.9000,155800
AFX,20220309,15.8000,16.5000,15.8000,15.8000,107300
AFX,20220310,15.7000,15.8000,15.4000,15.6000,190800
AFX,20220311,15.5000,16.1000,15.5000,15.6000,201500
AFX,20220314,15.8000,15.8000,15.2000,15.3000,173900
AFX,20220315,15.3000,15.4000,14.9000,15.1000,124206
AFX,20220316,15.1000,15.2000,15.0000,15.2000,49800
AFX,20220317,15.2000,15.4000,15.0000,15.1000,66200
AFX,20220318,15.1000,15.2000,15.0000,15.0000,100000
AFX,20220321,15.1000,17.0000,15.1000,16.8000,908699
AFX,20220322,16.9000,17.2000,16.5000,16.6000,256200
AFX,20220323,16.8000,17.1000,16.5000,17.0000,386742
AFX,20220324,17.0000,17.4000,16.8000,16.9000,251355
AFX,20220325,17.0000,17.5000,16.8000,17.2000,175528
AFX,20220328,17.2000,17.5000,16.9000,17.1000,180612
AFX,20220329,17.1000,17.3000,16.9000,17.0000,191900
AFX,20220330,16.9000,17.0000,16.6000,17.0000,389600
AFX,20220331,16.7000,17.0000,16.7000,16.7000,83300
AFX,20220401,16.7000,17.0000,16.5000,17.0000,106701
AFX,20220404,17.0000,17.0000,16.8000,16.9000,101700
AFX,20220405,16.9000,17.0000,16.8000,16.8000,52300
AFX,20220406,16.8000,16.9000,16.7000,16.9000,48000
AFX,20220407,16.8000,18.1000,16.7000,17.5000,192606
AFX,20220408,16.9000,18.3000,16.9000,18.0000,327628
AFX,20220412,18.0000,18.1000,17.3000,17.5000,160740
AFX,20220413,17.6000,17.9000,17.5000,17.8000,103140
AFX,20220414,17.8000,18.0000,17.6000,17.6000,73631
AFX,20220415,17.8000,17.9000,17.6000,17.8000,106200
AFX,20220418,17.7000,17.7000,17.2000,17.3000,103900
AFX,20220419,17.3000,17.9000,17.2000,17.4000,99800
AFX,20220420,17.5000,17.5000,17.2000,17.5000,71400
AFX,20220421,17.2000,17.4000,16.5000,17.2000,360300
AFX,20220422,17.1000,17.5000,17.0000,17.3000,73100
AFX,20220425,17.2000,17.6000,16.4000,16.9000,108900
AFX,20220426,16.4000,17.2000,16.4000,17.0000,84921
AFX,20220427,17.0000,17.5000,16.8000,17.0000,69600
AFX,20220428,17.2000,17.2000,16.9000,17.0000,20300
AFX,20220429,17.0000,17.1000,16.9000,17.1000,69400
AFX,20220504,17.1000,17.1000,16.8000,16.9000,35502
AFX,20220505,16.9000,17.0000,16.7000,16.7000,26164
AFX,20220506,16.7000,16.8000,16.5000,16.7000,36400
AFX,20220509,16.5000,16.6000,15.9000,16.2000,79300
AFX,20220510,16.2000,16.2000,15.6000,16.2000,61364
AFX,20220511,15.9000,16.0000,15.7000,15.9000,12200
AFX,20220512,15.7000,15.8000,15.4000,15.6000,24100
AFX,20220513,17.0000,17.0000,14.7000,15.0000,62600
AFX,20220516,15.0000,15.4000,15.0000,15.2000,8100
AFX,20220517,15.0000,15.0000,14.9000,15.0000,63900
AFX,20220518,16.0000,16.0000,14.8000,15.0000,27500
AFX,20220519,14.8000,14.9000,14.0000,14.4000,21501
AFX,20220520,14.5000,14.5000,14.0000,14.4000,80204
AFX,20220523,14.4000,14.7000,14.4000,14.4000,24400
AFX,20220524,14.6000,14.6000,14.4000,14.5000,6400
AFX,20220525,14.7000,14.7000,14.2000,14.5000,30500
AFX,20220526,14.5000,14.7000,14.5000,14.7000,49701
AFX,20220527,14.7000,15.2000,13.0000,14.6000,158300
AFX,20220530,15.2000,15.2000,14.4000,14.4000,4700
AFX,20220531,15.0000,15.0000,14.6000,14.8000,18706
AFX,20220601,14.5000,14.5000,14.2000,14.3000,19400
AFX,20220602,14.3000,14.8000,14.2000,14.6000,38300
AFX,20220603,14.6000,15.8000,14.6000,15.0000,39700
AFX,20220606,15.0000,15.0000,14.6000,14.6000,13605
AFX,20220607,14.8000,15.2000,14.8000,15.2000,31200
AFX,20220608,15.2000,15.4000,15.0000,15.0000,26200
AFX,20220609,15.3000,15.3000,14.6000,14.6000,16400
AFX,20220610,14.8000,14.9000,14.8000,14.8000,12400
AFX,20220613,14.8000,14.8000,14.3000,14.3000,51301
AFX,20220614,14.5000,14.7000,14.5000,14.7000,33100
AFX,20220615,15.1000,15.2000,14.5000,14.6000,44600
AFX,20220616,15.1000,15.3000,14.8000,14.9000,27301
AFX,20220617,14.8000,14.8000,14.5000,14.8000,8900
AFX,20220620,14.7000,14.9000,14.4000,14.5000,31100
AFX,20220621,14.5000,14.6000,14.1000,14.6000,11701
AFX,20220622,14.5000,14.5000,14.2000,14.3000,8900
AFX,20220623,14.3000,15.2000,14.3000,15.0000,53700
AFX,20220624,15.0000,15.0000,14.8000,14.8000,10400
AFX,20220627,15.0000,15.0000,14.6000,14.8000,23800
AFX,20220628,14.9000,14.9000,14.9000,14.9000,7100
AFX,20220629,15.0000,15.0000,14.8000,14.9000,8100
AFX,20220630,14.9000,14.9000,14.5000,14.7000,14900
AFX,20220701,14.8000,14.9000,14.5000,14.9000,11400
AFX,20220704,14.7000,15.0000,14.7000,14.9000,2900
AFX,20220705,14.8000,14.9000,14.8000,14.8000,8500
AFX,20220706,14.6000,14.6000,14.6000,14.6000,36700
AFX,20220707,14.8000,14.8000,14.5000,14.7000,38100
AFX,20220708,14.6000,14.8000,14.4000,14.8000,17400
AFX,20220711,14.5000,14.6000,14.5000,14.5000,16200
AFX,20220712,14.5000,14.6000,14.5000,14.5000,7400
AFX,20220713,14.7000,14.8000,14.7000,14.8000,12600
AFX,20220714,15.0000,15.0000,14.9000,15.0000,16300
AFX,20220715,14.9000,14.9000,14.6000,14.7000,5300
AFX,20220718,14.8000,15.2000,14.8000,15.0000,32100
AFX,20220719,15.0000,15.0000,14.5000,14.6000,51600
AFX,20220720,14.6000,14.8000,14.6000,14.7000,36600
AFX,20220721,14.7000,15.1000,14.7000,15.0000,50300
AFX,20220722,14.9000,15.0000,14.6000,15.0000,62802
AFX,20220725,15.0000,15.0000,14.7000,14.8000,53100
AFX,20220726,14.5000,14.8000,13.1000,14.7000,14000
AFX,20220727,14.6000,15.0000,14.3000,15.0000,41100
AFX,20220728,15.0000,15.1000,14.7000,14.9000,44000
AFX,20220729,15.0000,15.0000,14.8000,14.9000,19100
AFX,20220801,15.2000,15.2000,14.7000,14.9000,5700
AFX,20220802,15.1000,15.1000,14.6000,14.7000,11200
AFX,20220803,14.9000,14.9000,14.4000,14.8000,32200
AFX,20220804,14.8000,14.8000,14.5000,14.7000,46800
AFX,20220805,14.6000,14.7000,14.5000,14.6000,7600
AFX,20220808,14.9000,14.9000,14.6000,14.8000,42200
AFX,20220809,14.8000,14.8000,14.5000,14.7000,14000
AFX,20220810,14.7000,14.7000,14.5000,14.5000,19300
AFX,20220811,14.8000,14.8000,14.3000,14.7000,20200
AFX,20220812,14.5000,14.6000,14.4000,14.5000,17500
AFX,20220815,14.3000,14.5000,14.3000,14.5000,18100
AFX,20220816,14.4000,14.4000,14.3000,14.3000,34002
AFX,20220817,14.4000,14.4000,14.1000,14.2000,19700
AFX,20220818,14.2000,14.3000,14.0000,14.1000,53600
AFX,20220819,14.1000,14.1000,13.8000,14.0000,33100
AFX,20220822,14.0000,14.0000,13.5000,13.5000,26700
AFX,20220823,13.5000,13.6000,13.3000,13.5000,59200
AFX,20220824,13.4000,14.0000,13.4000,13.9000,42500
AFX,20220825,14.1000,14.3000,13.9000,14.1000,29200
AFX,20220826,14.1000,14.1000,13.8000,14.0000,18700
AFX,20220829,13.6000,13.8000,13.3000,13.7000,29900
AFX,20220830,13.6000,13.9000,13.5000,13.8000,45900
AFX,20220831,13.5000,13.9000,13.5000,13.9000,8300
AFX,20220905,13.8000,13.8000,13.6000,13.7000,4500
AFX,20220906,13.6000,13.9000,13.5000,13.8000,20100
AFX,20220907,13.5000,13.8000,13.3000,13.8000,15100
AFX,20220908,13.5000,13.5000,13.4000,13.5000,6600
AFX,20220909,13.7000,13.7000,13.1000,13.5000,19045
AFX,20220912,13.3000,13.5000,13.3000,13.5000,1300
AFX,20220913,13.5000,13.6000,13.5000,13.6000,22920
AFX,20220914,13.6000,13.6000,13.5000,13.6000,15547
AFX,20220915,13.7000,13.7000,13.5000,13.6000,11115
AFX,20220916,13.6000,13.6000,13.4000,13.6000,22410
AFX,20220919,13.4000,13.5000,13.3000,13.5000,35100
AFX,20220920,13.5000,13.5000,12.9000,13.4000,30600
AFX,20220921,13.4000,13.4000,12.8000,13.3000,11700
AFX,20220922,13.0000,13.3000,12.8000,13.3000,20800
AFX,20220923,13.3000,13.3000,12.9000,13.2000,7500
AFX,20220926,13.3000,13.3000,12.8000,13.1000,13100
AFX,20220927,13.3000,13.3000,12.8000,13.2000,18435
AFX,20220928,13.0000,13.0000,12.8000,13.0000,7000
AFX,20220929,13.0000,13.2000,12.8000,13.0000,9515
AFX,20220930,12.8000,13.0000,12.3000,13.0000,21600
AFX,20221003,13.2000,13.2000,12.6000,12.9000,7401
AFX,20221004,13.0000,13.0000,12.3000,12.9000,5900
AFX,20221005,12.9000,12.9000,12.8000,12.8000,6000
AFX,20221006,12.9000,12.9000,12.5000,12.7000,11500
AFX,20221007,12.6000,12.7000,12.0000,12.6000,108001
AFX,20221010,12.5000,12.8000,12.3000,12.6000,17300
AFX,20221011,12.7000,12.7000,12.2000,12.5000,11300
AFX,20221012,12.7000,12.7000,12.4000,12.6000,11915
AFX,20221013,12.4000,12.6000,12.4000,12.6000,3514
AFX,20221014,12.6000,12.6000,12.1000,12.5000,6500
AFX,20221017,12.0000,12.4000,12.0000,12.4000,7300
AFX,20221018,12.4000,13.5000,11.8000,13.5000,64200
AFX,20221019,13.1000,13.1000,12.4000,12.8000,47200
AFX,20221020,13.1000,13.4000,12.5000,13.3000,14401
AFX,20221021,13.0000,13.1000,12.0000,12.9000,12600
AFX,20221024,12.8000,13.1000,12.0000,12.8000,11400
AFX,20221025,11.5000,13.0000,11.1000,12.8000,33400
AFX,20221026,12.8000,12.8000,12.5000,12.7000,11100
AFX,20221027,12.6000,12.9000,12.5000,12.7000,13900
AFX,20221028,12.8000,13.0000,12.3000,12.7000,33000
AFX,20221031,13.0000,14.3000,12.6000,13.1000,40300
AFX,20221101,13.0000,13.1000,12.8000,12.9000,10200
AFX,20221102,13.0000,13.0000,12.9000,13.0000,14300
AFX,20221103,13.0000,13.0000,12.7000,13.0000,8900
AFX,20221104,12.9000,13.0000,12.5000,12.9000,32700
AFX,20221107,12.7000,12.7000,12.5000,12.7000,10200
AFX,20221108,12.7000,12.7000,12.4000,12.5000,58900
AFX,20221109,12.5000,12.6000,12.3000,12.5000,37700
AFX,20221110,12.6000,12.6000,12.0000,12.4000,27800
AFX,20221111,12.6000,12.6000,12.1000,12.5000,39000
AFX,20221114,12.6000,12.7000,12.2000,12.4000,13300
AFX,20221115,12.6000,12.6000,12.0000,12.4000,27400
AFX,20221116,12.4000,12.5000,12.1000,12.4000,7800
AFX,20221117,12.7000,13.0000,12.7000,12.7000,3100
AFX,20221118,12.9000,12.9000,12.1000,12.6000,14415
AFX,20221121,12.4000,12.8000,12.2000,12.8000,16700
AFX,20221122,12.8000,13.0000,12.2000,13.0000,27328
AFX,20221123,12.9000,12.9000,12.4000,12.4000,3400
AFX,20221124,12.8000,12.9000,12.2000,12.8000,27600
AFX,20221125,12.8000,12.8000,12.3000,12.7000,2500
AFX,20221128,12.7000,12.8000,12.0000,12.6000,31800
AFX,20221129,12.8000,12.8000,12.0000,12.6000,23300
AFX,20221130,12.7000,12.7000,12.2000,12.5000,15300
AFX,20221201,12.7000,12.7000,12.3000,12.5000,12000
AFX,20221202,12.7000,12.7000,12.5000,12.6000,18300
AFX,20221205,12.6000,13.0000,12.6000,12.8000,64100
AFX,20221206,13.0000,13.0000,12.5000,12.9000,80700
AFX,20221207,12.8000,12.9000,12.8000,12.8000,4300
AFX,20221208,12.9000,12.9000,12.6000,12.9000,33100
AFX,20221209,12.9000,12.9000,12.4000,12.8000,31900
AFX,20221212,12.8000,12.9000,12.6000,12.6000,23900
AFX,20221213,12.8000,12.8000,12.5000,12.7000,25500
AFX,20221214,12.8000,12.8000,12.4000,12.8000,45600
AFX,20221215,12.8000,12.8000,12.7000,12.8000,3800
AFX,20221216,12.8000,12.8000,12.4000,12.4000,130800
AFX,20221219,12.6000,12.6000,12.4000,12.5000,1500
AFX,20221220,12.6000,12.6000,12.2000,12.5000,17300
AFX,20221221,12.4000,12.5000,11.7000,12.3000,457000
AFX,20221222,12.0000,12.5000,12.0000,12.1000,1365200
AFX,20221223,12.1000,12.3000,12.0000,12.1000,925400
AFX,20221226,12.4000,12.4000,11.7000,12.1000,35800
AFX,20221227,12.4000,12.4000,11.8000,12.0000,868000
AFX,20221228,11.9000,12.4000,11.9000,12.1000,8400
AFX,20221229,12.4000,12.4000,11.9000,12.2000,1046711
AFX,20221230,13.6000,13.6000,11.8000,13.0000,61400
AFX,20230103,12.3000,12.5000,12.0000,12.2000,38400
AFX,20230104,12.1000,12.5000,12.0000,12.2000,39400
AFX,20230105,12.5000,12.5000,11.9000,12.1000,533100
AFX,20230106,12.3000,12.3000,11.9000,11.9000,18800
AFX,20230109,11.9000,12.2000,11.8000,11.9000,63622
AFX,20230110,12.2000,12.2000,11.2000,11.4000,1189400
AFX,20230111,12.2000,12.2000,11.4000,11.6000,423000
AFX,20230112,11.8000,11.8000,11.5000,11.6000,1232900
AFX,20230113,11.8000,11.8000,11.5000,11.6000,840500
AFX,20230116,12.0000,12.0000,11.2000,11.6000,43100
AFX,20230117,11.8000,11.8000,10.8000,11.0000,224700
AFX,20230118,11.0000,11.3000,10.0000,10.9000,204600
AFX,20230119,11.0000,11.2000,10.8000,11.0000,41900