ICN,20150612,3.0317,3.0317,3.0317,3.0317,0
ICN,20150615,3.0317,3.0317,3.0317,3.0317,0
ICN,20150616,3.0317,3.0317,3.0317,3.0317,0
ICN,20150617,3.0317,3.0317,3.0317,3.0317,0
ICN,20150618,3.0317,3.0317,3.0317,3.0317,0
ICN,20150619,3.0317,3.0317,3.0317,3.0317,0
ICN,20150622,3.0317,3.0317,3.0317,3.0317,0
ICN,20150623,3.0317,3.0317,3.0317,3.0317,0
ICN,20150624,3.0317,3.0317,3.0317,3.0317,300
ICN,20150625,2.8392,2.8392,2.8392,2.8392,200
ICN,20150626,2.8392,2.8392,2.8392,2.8392,0
ICN,20150629,2.8392,2.8392,2.8392,2.8392,0
ICN,20150630,2.6467,2.6467,2.6467,2.6467,200
ICN,20150701,2.6467,2.6467,2.6467,2.6467,0
ICN,20150702,2.6467,2.6467,2.6467,2.6467,0
ICN,20150703,2.6467,2.6467,2.6467,2.6467,0
ICN,20150706,2.6467,2.6467,2.6467,2.6467,0
ICN,20150707,2.6467,2.6467,2.6467,2.6467,0
ICN,20150708,2.6467,2.6467,2.6467,2.6467,300
ICN,20150709,2.6467,2.6467,2.6467,2.6467,0
ICN,20150710,2.6467,2.6467,2.6467,2.6467,0
ICN,20150713,2.6467,2.6467,2.6467,2.6467,0
ICN,20150714,2.6467,2.6467,2.6467,2.6467,0
ICN,20150715,2.6467,2.6467,2.6467,2.6467,0
ICN,20150716,2.6467,2.6467,2.6467,2.6467,0
ICN,20150717,2.6467,2.6467,2.6467,2.6467,0
ICN,20150720,2.6467,2.6467,2.6467,2.6467,0
ICN,20150721,2.6467,2.6467,2.6467,2.6467,0
ICN,20150722,2.6467,2.6467,2.6467,2.6467,0
ICN,20150723,3.0317,3.0317,2.6226,3.0317,5400
ICN,20150724,3.0076,3.0076,3.0076,3.0076,4200
ICN,20150727,3.0076,3.0076,3.0076,3.0076,0
ICN,20150728,3.0076,3.0076,3.0076,3.0076,1000
ICN,20150729,3.0076,3.0076,2.6226,3.0076,15000
ICN,20150730,3.0798,3.1279,3.0798,3.1279,1400
ICN,20150731,2.8873,2.8873,2.6707,2.6708,500
ICN,20150803,2.7189,2.7189,2.7189,2.7189,0
ICN,20150804,3.1039,3.1039,3.0076,3.0076,1600
ICN,20150805,3.0798,3.0798,3.0798,3.0798,0
ICN,20150806,3.0798,3.0798,3.0798,3.0798,0
ICN,20150807,3.2482,3.2483,3.2482,3.2483,500
ICN,20150810,3.1761,3.1761,3.1761,3.1761,200
ICN,20150811,3.1761,3.1761,3.1761,3.1761,0
ICN,20150812,3.3686,3.4167,3.3686,3.4167,2000
ICN,20150813,3.4408,3.4408,3.2723,3.2723,2200
ICN,20150814,3.2723,3.2723,3.2723,3.2723,300
ICN,20150817,3.2723,3.2723,3.2723,3.2723,0
ICN,20150818,3.4888,3.4888,3.2964,3.2964,4200
ICN,20150819,3.3686,3.3686,3.3686,3.3686,100
ICN,20150820,3.3686,3.3686,3.3686,3.3686,0
ICN,20150821,3.3686,3.3686,3.3686,3.3686,0
ICN,20150824,3.3686,3.3686,3.3686,3.3686,0
ICN,20150825,3.3686,3.3686,3.3686,3.3686,0
ICN,20150826,3.3686,3.3686,3.3686,3.3686,0
ICN,20150827,3.3686,3.3686,3.3686,3.3686,0
ICN,20150828,3.3686,3.3686,3.3686,3.3686,0
ICN,20150831,3.2483,3.2964,3.1520,3.2964,20000
ICN,20150901,3.2242,3.2242,3.2242,3.2242,0
ICN,20150903,3.2242,3.2242,3.2242,3.2242,0
ICN,20150904,3.2242,3.2242,3.2242,3.2242,0
ICN,20150907,3.7054,3.7054,3.7054,3.7054,100
ICN,20150908,3.2001,3.4889,3.2001,3.4889,600
ICN,20150909,3.4889,3.4889,3.4889,3.4889,900
ICN,20150910,3.9701,3.9701,3.9701,3.9701,100
ICN,20150911,4.0663,4.0663,4.0663,4.0663,100
ICN,20150914,3.6573,3.6573,3.6573,3.6573,300
ICN,20150915,3.6573,3.6573,3.6573,3.6573,0
ICN,20150916,3.6573,3.6573,3.6573,3.6573,0
ICN,20150917,3.6814,3.8498,3.6814,3.8498,3400
ICN,20150918,3.7295,3.7295,3.7295,3.7295,0
ICN,20150921,3.8017,3.8017,3.6092,3.6092,300
ICN,20150922,3.7295,3.7295,3.3686,3.3686,2300
ICN,20150923,3.7342,3.7342,3.7342,3.7342,0
ICN,20150924,4.2826,4.2826,4.2826,4.2826,100
ICN,20150925,3.6559,4.4393,3.6559,3.6559,3900
ICN,20150928,3.3425,3.3425,3.1859,3.1859,3300
ICN,20150929,3.7082,3.7082,2.8725,2.8725,500
ICN,20150930,3.2642,3.4731,3.2642,3.4731,1818900
ICN,20151001,3.4731,3.4731,3.4731,3.4731,6200
ICN,20151002,3.4731,3.4731,3.4731,3.4731,0
ICN,20151005,3.9693,3.9693,3.9693,3.9693,100
ICN,20151006,3.9693,3.9693,3.9693,3.9693,0
ICN,20151007,3.4731,3.4731,3.4731,3.4731,200
ICN,20151008,3.4731,3.4731,3.4731,3.4731,0
ICN,20151009,3.4731,3.4731,3.4731,3.4731,0
ICN,20151012,3.4731,3.4731,3.4731,3.4731,0
ICN,20151013,3.4731,3.4731,3.4731,3.4731,0
ICN,20151014,3.5253,3.5253,3.5253,3.5253,500
ICN,20151015,3.5253,3.5253,3.5253,3.5253,0
ICN,20151016,3.5253,3.5253,3.5253,3.5253,0
ICN,20151019,4.0476,4.0476,4.0476,4.0476,100
ICN,20151020,4.0476,4.0476,4.0476,4.0476,0
ICN,20151021,3.5253,3.5253,3.4731,3.4731,5000
ICN,20151022,3.5253,3.5253,3.5253,3.5253,300
ICN,20151023,3.5253,3.5253,3.5253,3.5253,0
ICN,20151026,3.5253,3.5253,3.5253,3.5253,0
ICN,20151027,3.5253,3.5253,3.5253,3.5253,0
ICN,20151028,3.5253,3.5253,3.5253,3.5253,0
ICN,20151029,3.5253,3.5253,3.5253,3.5253,0
ICN,20151030,3.5253,3.5253,3.5253,3.5253,0
ICN,20151102,3.5253,3.5253,3.5253,3.5253,0
ICN,20151103,3.5253,3.5253,3.5253,3.5253,0
ICN,20151104,3.5253,3.5253,3.5253,3.5253,0
ICN,20151105,3.5253,3.5253,3.5253,3.5253,0
ICN,20151106,3.5253,3.5253,3.5253,3.5253,0
ICN,20151109,3.5253,3.5253,3.5253,3.5253,0
ICN,20151110,3.5253,3.5253,3.5253,3.5253,0
ICN,20151111,3.5253,3.5253,3.5253,3.5253,0
ICN,20151112,3.5253,3.5253,3.5253,3.5253,0
ICN,20151113,3.5253,3.5253,3.5253,3.5253,0
ICN,20151116,3.5253,3.5253,3.5253,3.5253,0
ICN,20151117,3.5253,3.5253,3.5253,3.5253,0
ICN,20151118,3.5253,3.5253,3.5253,3.5253,0
ICN,20151119,3.5253,3.5253,3.5253,3.5253,0
ICN,20151120,3.5253,3.5253,3.5253,3.5253,0
ICN,20151123,3.5253,3.5253,3.5253,3.5253,0
ICN,20151124,3.5253,3.5253,3.5253,3.5253,0
ICN,20151125,3.6559,3.6559,3.6559,3.6559,400
ICN,20151126,3.6559,3.6559,3.6559,3.6559,0
ICN,20151127,3.6559,3.6559,3.6559,3.6559,0
ICN,20151130,3.6559,3.6559,3.6559,3.6559,500
ICN,20151201,3.6559,3.6559,3.6559,3.6559,0
ICN,20151202,3.6559,3.6559,3.6559,3.6559,0
ICN,20151203,3.5253,3.5253,3.5253,3.5253,100
ICN,20151204,3.5253,3.5253,3.5253,3.5253,0
ICN,20151207,3.5253,3.5253,3.5253,3.5253,0
ICN,20151208,3.5253,3.5253,3.5253,3.5253,0
ICN,20151209,3.5253,3.5253,3.5253,3.5253,0
ICN,20151210,3.5253,3.5253,3.5253,3.5253,0
ICN,20151211,3.5253,3.5253,3.5253,3.5253,0
ICN,20151214,3.5253,3.5253,3.5253,3.5253,0
ICN,20151215,3.5253,3.5253,3.5253,3.5253,0
ICN,20151216,3.5253,3.5253,3.5253,3.5253,0
ICN,20151217,3.5253,3.5253,3.5253,3.5253,0
ICN,20151218,3.5253,3.5253,3.5253,3.5253,0
ICN,20151221,3.5253,3.5253,3.5253,3.5253,0
ICN,20151222,3.5253,3.5253,3.5253,3.5253,0
ICN,20151223,3.5253,3.5253,3.5253,3.5253,0
ICN,20151224,3.5253,3.5253,3.5253,3.5253,0
ICN,20151225,3.5253,3.5253,3.5253,3.5253,0
ICN,20151228,3.5253,3.5253,3.5253,3.5253,0
ICN,20151229,3.5253,3.5253,3.5253,3.5253,0
ICN,20151230,3.5253,3.5253,3.5253,3.5253,0
ICN,20151231,3.5253,3.5253,3.5253,3.5253,0
ICN,20160104,3.5253,3.5253,3.5253,3.5253,0
ICN,20160105,3.5253,3.5253,3.5253,3.5253,0
ICN,20160106,3.5253,3.5253,3.5253,3.5253,0
ICN,20160107,3.5253,3.5253,3.5253,3.5253,0
ICN,20160108,3.5253,3.5253,3.5253,3.5253,0
ICN,20160111,3.6036,3.6036,3.5514,3.5514,1200
ICN,20160112,3.5775,3.5776,3.5775,3.5776,0
ICN,20160113,3.5776,3.5776,3.5776,3.5776,0
ICN,20160114,3.5776,3.5776,3.5776,3.5776,0
ICN,20160115,3.5776,3.5776,3.5776,3.5776,0
ICN,20160118,3.5776,3.5776,3.5776,3.5776,0
ICN,20160119,3.5776,3.5776,3.5776,3.5776,0
ICN,20160120,3.5776,3.5776,3.5776,3.5776,0
ICN,20160121,3.5776,3.5776,3.5776,3.5776,0
ICN,20160122,3.5776,3.5776,3.5776,3.5776,0
ICN,20160125,3.5776,3.5776,3.5776,3.5776,0
ICN,20160126,3.5776,3.5776,3.5776,3.5776,0
ICN,20160127,3.5776,3.5776,3.5776,3.5776,0
ICN,20160128,3.5776,3.5776,3.5776,3.5776,0
ICN,20160129,3.5776,3.5776,3.5776,3.5776,0
ICN,20160201,3.5776,3.5776,3.5776,3.5776,0
ICN,20160202,3.5776,3.5776,3.5776,3.5776,0
ICN,20160203,3.5776,3.5776,3.5776,3.5776,0
ICN,20160204,3.5776,3.5776,3.5776,3.5776,0
ICN,20160205,3.5776,3.5776,3.5776,3.5776,0
ICN,20160215,3.5776,3.5776,3.5776,3.5776,0
ICN,20160216,3.5776,3.5776,3.5776,3.5776,0
ICN,20160217,3.5776,3.5776,3.5776,3.5776,0
ICN,20160218,3.5776,3.5776,3.5776,3.5776,0
ICN,20160219,3.5776,3.5776,3.5776,3.5776,0
ICN,20160222,3.5776,3.5776,3.5776,3.5776,0
ICN,20160223,3.5776,3.5776,3.5776,3.5776,0
ICN,20160224,3.5776,3.5776,3.5776,3.5776,0
ICN,20160225,3.5776,3.5776,3.5776,3.5776,0
ICN,20160226,3.9171,3.9171,3.9170,3.9170,20000
ICN,20160229,3.9170,3.9170,3.9170,3.9170,0
ICN,20160301,3.9170,3.9170,3.9170,3.9170,0
ICN,20160302,3.3425,3.3425,3.3425,3.3425,700
ICN,20160303,2.8463,2.8464,2.8463,2.8464,200
ICN,20160304,3.2642,3.2642,2.6375,3.2642,400
ICN,20160307,3.5514,3.5514,2.6897,2.6897,300
ICN,20160308,2.8725,2.8725,2.8725,2.8725,17000
ICN,20160309,2.8725,3.1336,2.8725,3.1336,7100
ICN,20160310,3.0030,3.0031,3.0030,3.0031,0
ICN,20160311,2.8725,2.8725,2.8725,2.8725,1100
ICN,20160314,2.8725,2.8725,2.8725,2.8725,0
ICN,20160315,2.4547,2.4547,2.4547,2.4547,100
ICN,20160316,2.4547,2.4547,2.4547,2.4547,0
ICN,20160317,2.4547,2.4547,2.4547,2.4547,0
ICN,20160318,2.4547,2.4547,2.4547,2.4547,0
ICN,20160321,2.4547,2.4547,2.4547,2.4547,0
ICN,20160322,2.4547,2.4547,2.4547,2.4547,0
ICN,20160323,2.4547,2.4547,2.4547,2.4547,0
ICN,20160324,2.4547,2.4547,2.4547,2.4547,0
ICN,20160325,2.4547,2.4547,2.4547,2.4547,0
ICN,20160328,2.8203,2.8203,2.8203,2.8203,100
ICN,20160329,3.1337,3.2381,3.1337,3.2381,2700
ICN,20160330,3.2381,3.2381,3.2381,3.2381,0
ICN,20160331,3.2381,3.2381,3.2381,3.2381,0
ICN,20160401,3.2381,3.2381,3.2381,3.2381,0
ICN,20160404,3.3948,3.5254,3.3948,3.5253,2800
ICN,20160405,3.9692,3.9693,3.9692,3.9693,30000
ICN,20160406,3.9693,4.0476,3.9693,4.0476,20500
ICN,20160407,3.9954,3.9954,3.9693,3.9954,24600
ICN,20160408,3.6559,3.9171,3.6559,3.9170,3000
ICN,20160411,4.3348,4.3348,4.3087,4.3087,4100
ICN,20160412,4.9615,4.9616,4.9615,4.9616,300
ICN,20160413,4.9616,4.9616,4.9616,4.9616,0
ICN,20160414,4.2304,4.2304,4.2304,4.2304,1100
ICN,20160415,4.2304,4.2304,4.2304,4.2304,0
ICN,20160419,4.2304,4.2304,4.2304,4.2304,0
ICN,20160420,4.2304,4.2304,4.2304,4.2304,0
ICN,20160421,4.2304,4.2304,4.2304,4.2304,0
ICN,20160422,4.2304,4.2304,4.2304,4.2304,0
ICN,20160425,4.2304,4.2304,4.2304,4.2304,8100
ICN,20160426,4.2304,4.2304,4.2304,4.2304,0
ICN,20160427,4.2565,4.2565,4.2565,4.2565,100
ICN,20160428,4.3087,4.3087,4.3087,4.3087,600
ICN,20160429,4.3087,4.3087,4.3087,4.3087,0
ICN,20160504,3.6820,3.6820,3.6820,3.6820,100
ICN,20160505,4.2043,4.2304,4.2043,4.2304,1130
ICN,20160506,4.2304,4.2304,4.2304,4.2304,0
ICN,20160509,4.8571,4.8571,4.8571,4.8571,12100
ICN,20160510,4.8832,4.8832,4.8832,4.8832,7030
ICN,20160511,4.8832,4.8832,4.8832,4.8832,0
ICN,20160512,4.8832,5.3533,4.8832,5.3533,6900
ICN,20160513,4.5699,5.7450,4.5699,5.4838,2400
ICN,20160516,5.4055,5.4055,5.4055,5.4055,500
ICN,20160517,4.6221,6.2150,4.6221,6.2150,4100
ICN,20160518,5.7711,5.7711,5.7450,5.7711,4700
ICN,20160519,6.0061,6.6328,6.0061,6.5284,7050
ICN,20160520,6.1367,6.1367,6.1367,6.1367,0
ICN,20160523,6.9984,6.9984,6.9984,6.9984,100
ICN,20160524,6.9201,6.9201,6.0844,6.0845,1000
ICN,20160525,6.5284,6.5284,6.5284,6.5284,100
ICN,20160526,6.5284,6.5284,6.5284,6.5284,0
ICN,20160527,5.7972,5.7972,5.7972,5.7972,200
ICN,20160530,5.2227,5.4838,5.2227,5.4838,1400
ICN,20160531,6.0322,6.0322,6.0322,6.0322,2100
ICN,20160601,6.3978,6.3978,6.3978,6.3978,500
ICN,20160602,5.6144,6.2672,5.6144,6.2672,1700
ICN,20160603,5.9016,6.2672,5.9016,6.2672,10100
ICN,20160606,6.5283,6.5284,6.5283,6.5284,100
ICN,20160607,6.7895,6.7895,5.9800,5.9800,700
ICN,20160608,6.3978,6.3978,6.1106,6.1106,800
ICN,20160609,5.3272,6.7896,5.3272,6.2672,3100
ICN,20160610,6.5283,6.5284,6.3978,6.5284,1500
ICN,20160613,6.3717,6.3717,5.9017,6.3717,5500
ICN,20160614,5.5100,5.5100,5.5100,5.5100,1500
ICN,20160615,6.1367,6.1367,6.0322,6.0322,900
ICN,20160616,6.0322,6.1628,6.0322,6.1628,1000
ICN,20160617,5.8494,6.2150,5.8494,6.2150,500
ICN,20160620,6.2672,6.6589,6.1105,6.6589,8250
ICN,20160621,7.4162,7.4162,6.5283,6.5284,300
ICN,20160622,7.8080,7.8080,7.8079,7.8079,100
ICN,20160623,8.9308,8.9308,6.7634,6.8156,6000
ICN,20160624,6.0061,6.2672,6.0061,6.2672,2200
ICN,20160627,6.1105,6.1106,6.1105,6.1106,0
ICN,20160628,6.6590,6.6590,6.6589,6.6589,100
ICN,20160629,5.9538,6.3978,5.9538,6.3456,3400
ICN,20160630,6.3978,6.3978,6.3456,6.3456,5300
ICN,20160701,6.0322,6.7112,6.0322,6.7112,6900
ICN,20160704,7.3118,7.3118,6.6589,6.6589,200
ICN,20160705,7.8079,7.8079,6.7895,6.7895,6600
ICN,20160706,6.5545,6.5545,6.5545,6.5545,400
ICN,20160707,6.6590,6.9462,6.6590,6.7895,3500
ICN,20160708,6.7895,6.7895,6.7895,6.7895,1000
ICN,20160711,6.7895,6.7895,6.7895,6.7895,300
ICN,20160712,6.7895,6.7895,6.7895,6.7895,1500
ICN,20160713,7.8024,7.8026,7.8024,7.8026,100
ICN,20160714,7.1182,7.1182,7.0634,7.0634,8800
ICN,20160715,7.1182,7.3919,7.1182,7.3919,500
ICN,20160718,7.2276,7.2276,7.2276,7.2276,0
ICN,20160719,8.0763,8.0763,8.0763,8.0763,100
ICN,20160720,8.0763,8.0763,8.0763,8.0763,800
ICN,20160721,7.2550,7.2550,7.2550,7.2550,100
ICN,20160722,6.8443,7.1181,6.8443,7.1181,2300
ICN,20160725,6.8717,7.8026,6.8717,7.8026,2900
ICN,20160726,7.2550,8.4870,7.2550,7.3098,1000
ICN,20160727,7.9121,7.9121,7.9121,7.9121,0
ICN,20160728,7.0634,7.0634,7.0360,7.0360,1000
ICN,20160729,7.0634,7.0634,7.0634,7.0634,0
ICN,20160801,7.0634,8.0764,7.0634,8.0763,2400
ICN,20160802,7.1455,7.2550,7.1181,7.2550,3500
ICN,20160803,8.1311,8.1311,8.1311,8.1311,400
ICN,20160804,7.1181,7.2550,7.1181,7.1181,3300
ICN,20160805,7.3371,7.3371,7.3371,7.3371,100
ICN,20160808,7.3371,7.3371,7.3371,7.3371,0
ICN,20160809,7.0633,7.3371,6.9812,6.9812,5700
ICN,20160810,7.9394,7.9394,7.1181,7.1181,2200
ICN,20160811,7.1455,7.3371,6.8443,7.3371,4400
ICN,20160812,7.0633,7.0633,6.9538,6.9812,2800
ICN,20160815,6.9812,7.1181,6.9812,6.9812,3900
ICN,20160816,7.0086,7.0086,7.0086,7.0086,1300
ICN,20160817,7.0360,7.1181,7.0360,7.1181,200
ICN,20160818,7.0633,7.0633,6.9812,6.9812,1700
ICN,20160819,6.9812,6.9812,6.9812,6.9812,200
ICN,20160822,6.9812,6.9812,6.9812,6.9812,1400
ICN,20160823,6.9812,6.9812,6.9812,6.9812,1000
ICN,20160824,6.9812,6.9812,6.9812,6.9812,1400
ICN,20160825,7.3097,7.3097,6.9812,6.9812,1700
ICN,20160826,7.2276,7.2276,7.2276,7.2276,600
ICN,20160829,7.2276,7.2276,7.2276,7.2276,0
ICN,20160830,7.2276,7.2276,7.2276,7.2276,0
ICN,20160831,6.8443,7.0634,6.8443,7.0634,12100
ICN,20160901,6.8444,6.8444,6.8444,6.8444,200
ICN,20160905,7.2277,7.2277,7.2276,7.2276,100
ICN,20160906,6.8443,6.9812,6.7622,6.8444,4200
ICN,20160907,6.8444,6.8444,6.8444,6.8444,0
ICN,20160908,6.8444,6.8444,6.5706,6.5706,3000
ICN,20160909,6.6527,6.6527,6.6527,6.6527,0
ICN,20160912,6.6527,6.6527,6.6527,6.6527,0
ICN,20160913,7.0907,7.0908,7.0907,7.0908,100
ICN,20160914,7.0908,7.0908,7.0908,7.0908,0
ICN,20160915,7.0908,7.0908,7.0908,7.0908,0
ICN,20160916,6.5980,6.5980,6.5980,6.5980,200
ICN,20160919,6.5980,6.5980,6.5980,6.5980,0
ICN,20160920,6.5980,6.5980,6.5980,6.5980,0
ICN,20160921,6.5980,6.5980,6.5980,6.5980,0
ICN,20160922,6.5980,6.5980,6.5980,6.5980,0
ICN,20160923,7.0908,7.0908,7.0908,7.0908,100
ICN,20160926,6.8444,6.8444,6.8444,6.8444,100
ICN,20160927,6.7075,7.0634,6.7075,6.8444,700
ICN,20160928,6.8718,6.8718,6.8717,6.8717,0
ICN,20160929,6.5705,6.9539,6.5705,6.9539,600
ICN,20160930,6.7623,6.7623,6.7622,6.7622,0
ICN,20161003,6.7622,6.7622,6.7622,6.7622,0
ICN,20161004,6.8443,6.8444,6.8443,6.8444,100
ICN,20161005,6.8444,6.8444,6.8444,6.8444,0
ICN,20161006,6.5706,6.6254,6.5706,6.5980,3500
ICN,20161007,6.5980,6.5980,6.5980,6.5980,0
ICN,20161010,6.5980,6.7075,6.5980,6.7075,400
ICN,20161011,6.6527,6.6527,6.6527,6.6527,0
ICN,20161012,6.6527,6.6527,6.6527,6.6527,0
ICN,20161013,6.6527,6.6527,6.6527,6.6527,0
ICN,20161014,6.6527,6.6527,6.6527,6.6527,0
ICN,20161017,6.6527,6.6527,6.6527,6.6527,0
ICN,20161018,6.6527,6.6527,6.6527,6.6527,0
ICN,20161019,6.6527,6.6527,6.6527,6.6527,0
ICN,20161020,7.0907,7.0908,7.0907,7.0908,100
ICN,20161021,7.0908,7.0908,7.0908,7.0908,0
ICN,20161024,7.0908,7.0908,7.0908,7.0908,0
ICN,20161025,6.0778,6.0778,6.0778,6.0778,300
ICN,20161026,6.8991,6.8991,6.5706,6.5706,4300
ICN,20161027,6.5706,6.5706,6.5706,6.5706,0
ICN,20161028,6.5706,6.5706,6.5706,6.5706,0
ICN,20161031,6.5706,6.5706,6.5706,6.5706,0
ICN,20161101,6.5706,6.5706,6.5706,6.5706,700
ICN,20161102,6.5706,6.5706,6.5706,6.5706,500
ICN,20161103,6.5706,6.5706,6.5706,6.5706,0
ICN,20161104,5.7493,7.0908,5.7493,6.0778,1800
ICN,20161107,6.5706,6.5706,6.3242,6.3242,2100
ICN,20161108,6.3242,6.5706,6.3242,6.5706,12900
ICN,20161109,5.8314,7.0634,5.8314,6.3242,3200
ICN,20161110,6.3242,6.7075,6.3242,6.7075,1700
ICN,20161111,5.7767,6.5706,5.7767,6.5706,3200
ICN,20161114,6.6801,6.6801,6.6801,6.6801,100
ICN,20161115,6.5706,6.6801,6.5706,6.6801,800
ICN,20161116,6.1873,6.7075,6.1873,6.7075,600
ICN,20161117,6.2147,6.5432,6.2147,6.5432,300
ICN,20161118,6.3242,6.3242,6.3242,6.3242,1700
ICN,20161121,5.5029,6.7075,5.5029,6.7075,4100
ICN,20161122,6.4337,6.7075,6.4337,6.7075,5500
ICN,20161123,6.3242,6.5706,6.3242,6.5706,400
ICN,20161124,6.5706,6.5706,6.5706,6.5706,600
ICN,20161125,6.5706,6.5706,6.5706,6.5706,5500
ICN,20161128,6.5706,6.5706,6.5706,6.5706,5000
ICN,20161129,6.9813,6.9813,6.9812,6.9812,610
ICN,20161130,6.9812,6.9812,6.9812,6.9812,0
ICN,20161201,6.9812,6.9812,6.9812,6.9812,0
ICN,20161202,6.8169,6.8169,6.5705,6.5706,3300
ICN,20161205,6.5706,6.5706,6.5706,6.5706,200
ICN,20161206,6.5706,6.5980,6.5706,6.5706,3400
ICN,20161207,6.5706,6.5706,6.5706,6.5706,3600
ICN,20161208,6.5706,6.5706,6.5706,6.5706,2000
ICN,20161209,6.5706,6.5706,6.5706,6.5706,0
ICN,20161212,6.5706,6.5706,6.5706,6.5706,1500
ICN,20161213,6.5706,6.5706,6.4337,6.4337,2900
ICN,20161214,6.5706,6.5706,6.5706,6.5706,600
ICN,20161215,6.5706,6.5706,6.5706,6.5706,0
ICN,20161216,6.5706,6.5706,6.5706,6.5706,1300
ICN,20161219,6.5706,6.5706,6.5706,6.5706,0
ICN,20161220,6.5706,6.5706,6.5706,6.5706,0
ICN,20161221,6.4337,6.4337,6.4337,6.4337,200
ICN,20161222,6.5706,6.5706,6.5706,6.5706,2600
ICN,20161223,7.5562,7.5562,7.5562,7.5562,100
ICN,20161226,6.8444,6.8444,6.7075,6.7075,1000
ICN,20161227,6.6254,6.6254,6.6253,6.6253,700
ICN,20161228,6.6253,6.6253,6.6253,6.6253,0
ICN,20161229,6.6253,6.6253,6.6253,6.6253,0
ICN,20161230,6.7074,6.7075,6.7074,6.7075,800
ICN,20170103,6.7075,6.7075,6.7075,6.7075,0
ICN,20170104,6.7075,6.7075,6.7075,6.7075,0
ICN,20170105,6.5706,6.5706,6.5706,6.5706,200
ICN,20170106,6.5706,6.5706,6.5706,6.5706,0
ICN,20170109,6.5706,6.5706,6.5706,6.5706,0
ICN,20170110,6.5706,6.5706,6.5706,6.5706,0
ICN,20170111,6.5706,6.5706,6.5706,6.5706,1000
ICN,20170112,6.5706,6.5706,6.5706,6.5706,0
ICN,20170113,6.5706,6.5706,6.5706,6.5706,0
ICN,20170116,6.5980,6.5980,6.5980,6.5980,500
ICN,20170117,6.5980,6.5980,6.5980,6.5980,0
ICN,20170118,6.5980,6.5980,6.5980,6.5980,0
ICN,20170119,6.5980,6.5980,6.5980,6.5980,0
ICN,20170120,6.5980,6.5980,6.5980,6.5980,1200
ICN,20170123,6.5980,6.5980,6.5980,6.5980,200
ICN,20170124,6.5980,6.5980,6.5980,6.5980,1000
ICN,20170125,6.5980,6.5980,6.5980,6.5980,0
ICN,20170202,6.5980,6.5980,6.5980,6.5980,3300
ICN,20170203,6.5980,6.7075,6.5980,6.7075,1500
ICN,20170206,6.6254,6.6254,6.6253,6.6253,0
ICN,20170207,6.5705,6.5706,6.4610,6.5706,4200
ICN,20170208,5.6398,6.5706,5.6398,6.5706,2700
ICN,20170209,6.5432,6.5706,6.5432,6.5706,1200
ICN,20170210,7.1181,7.1181,6.5706,6.5706,1200
ICN,20170213,6.6254,6.6254,6.6253,6.6253,0
ICN,20170214,6.2968,6.2968,6.2694,6.2694,200
ICN,20170215,6.6253,6.6253,6.6253,6.6253,1600
ICN,20170216,6.6253,6.6253,6.6253,6.6253,1000
ICN,20170217,6.6253,6.6253,6.6253,6.6253,0
ICN,20170220,6.6253,6.6253,6.6253,6.6253,0
ICN,20170221,7.3645,7.3645,7.3645,7.3645,100
ICN,20170222,7.3645,7.3645,7.3645,7.3645,0
ICN,20170223,6.8443,6.8444,6.8443,6.8444,100
ICN,20170224,6.8444,6.8444,6.8444,6.8444,0
ICN,20170227,6.6254,6.7075,6.6254,6.7075,1600
ICN,20170228,6.6801,6.6801,6.6801,6.6801,0
ICN,20170301,7.2276,7.2276,7.2276,7.2276,100
ICN,20170302,7.2276,7.2276,7.2276,7.2276,0
ICN,20170303,7.2276,7.2276,7.2276,7.2276,0
ICN,20170306,7.3919,7.3919,7.3919,7.3919,100
ICN,20170307,7.3919,7.3919,7.3919,7.3919,0
ICN,20170308,8.2132,8.2132,8.2132,8.2132,100
ICN,20170309,8.2132,8.2132,8.2132,8.2132,0
ICN,20170310,6.9812,6.9812,6.9812,6.9812,215
ICN,20170313,6.9812,6.9812,6.9812,6.9812,0
ICN,20170314,6.9812,6.9812,6.9812,6.9812,0
ICN,20170315,7.6383,7.6383,7.6383,7.6383,230
ICN,20170316,7.5288,7.5288,6.7075,7.3919,9700
ICN,20170317,7.1181,7.1181,6.9812,6.9812,200
ICN,20170320,7.0086,7.0086,6.9812,6.9812,500
ICN,20170321,6.7896,6.8444,6.7896,6.8444,800
ICN,20170322,6.8444,6.8444,6.8444,6.8444,800
ICN,20170323,6.0231,6.8170,6.0231,6.8170,1100
ICN,20170324,6.9539,6.9539,6.9539,6.9539,200
ICN,20170327,6.9539,6.9539,6.9539,6.9539,0
ICN,20170328,6.9539,6.9539,6.9539,6.9539,0
ICN,20170329,6.5706,6.5706,6.5706,6.5706,3000
ICN,20170330,6.5706,6.5706,6.5706,6.5706,0
ICN,20170331,6.5706,6.5706,6.5706,6.5706,0
ICN,20170403,6.5706,6.5706,6.5706,6.5706,2000
ICN,20170404,6.5706,6.5706,6.5706,6.5706,0
ICN,20170405,6.7075,6.7075,6.7075,6.7075,500
ICN,20170407,7.0908,7.0908,7.0908,7.0908,140
ICN,20170410,7.0908,7.0908,7.0908,7.0908,0
ICN,20170411,7.0908,7.0908,7.0908,7.0908,0
ICN,20170412,7.0908,7.0908,7.0908,7.0908,0
ICN,20170413,7.0908,7.0908,7.0908,7.0908,0
ICN,20170414,7.0908,7.0908,7.0908,7.0908,0
ICN,20170417,7.0908,7.0908,7.0908,7.0908,0
ICN,20170418,7.0908,7.0908,7.0908,7.0908,10
ICN,20170419,6.3933,6.5096,6.3933,6.3934,3650
ICN,20170420,6.9746,6.9746,6.3934,6.3934,1200
ICN,20170421,6.9456,6.9456,6.9456,6.9456,100
ICN,20170424,6.9456,6.9456,6.9456,6.9456,0
ICN,20170425,6.6841,6.6841,6.6841,6.6841,500
ICN,20170426,6.8003,6.8003,6.8003,6.8003,500
ICN,20170427,6.8003,6.8003,6.8003,6.8003,0
ICN,20170428,6.8003,6.8003,6.8003,6.8003,0
ICN,20170503,6.8003,6.8003,6.8003,6.8003,0
ICN,20170504,6.8003,6.8003,6.8003,6.8003,0
ICN,20170505,6.4225,7.2072,6.3934,7.2072,2500
ICN,20170508,7.0619,7.0619,7.0619,7.0619,100
ICN,20170509,7.0619,7.0619,7.0619,7.0619,0
ICN,20170510,6.9747,6.9747,6.8294,6.8294,1700
ICN,20170511,6.9456,6.9456,6.9456,6.9456,0
ICN,20170512,6.3934,6.3934,6.3934,6.3934,1300
ICN,20170515,7.1199,7.1200,7.1199,7.1200,100
ICN,20170516,7.1200,7.1200,7.1200,7.1200,0
ICN,20170517,7.1200,7.1200,7.1200,7.1200,0
ICN,20170518,7.1200,7.1200,7.1200,7.1200,0
ICN,20170519,6.0738,7.0909,6.0738,7.0909,1300
ICN,20170522,6.8584,6.8584,6.8584,6.8584,0
ICN,20170523,6.7422,6.7422,6.5387,6.5388,1100
ICN,20170524,7.1200,7.1200,6.6841,6.6841,900
ICN,20170525,6.5388,7.1200,6.5388,6.8294,1220
ICN,20170526,6.8294,6.8294,6.8294,6.8294,0
ICN,20170529,6.8294,6.8294,6.8294,6.8294,0
ICN,20170530,6.8294,6.8294,6.8294,6.8294,10
ICN,20170531,6.5388,6.5388,6.5388,6.5388,2500
ICN,20170601,7.1200,7.1200,7.1200,7.1200,100
ICN,20170602,7.1200,7.1200,7.1200,7.1200,0
ICN,20170605,7.1200,7.1200,7.1200,7.1200,0
ICN,20170606,7.1200,7.1200,7.1200,7.1200,0
ICN,20170607,6.9456,6.9456,6.5388,6.5388,400
ICN,20170608,7.2653,7.2653,7.2653,7.2653,100
ICN,20170609,6.6841,6.9747,6.6841,6.9747,2200
ICN,20170612,6.5388,7.2653,6.5388,6.9747,1700
ICN,20170613,6.5388,7.2363,6.5388,7.2362,200
ICN,20170614,6.8875,6.8875,6.8875,6.8875,0
ICN,20170615,7.2653,7.2653,6.8294,6.9747,1700
ICN,20170616,6.6841,6.9747,6.6841,6.9456,2800
ICN,20170619,7.1781,7.1781,6.9456,6.9456,200
ICN,20170620,7.2362,7.2362,6.6841,6.6841,300
ICN,20170621,6.6260,6.6260,6.6259,6.6259,100
ICN,20170622,6.6259,7.2362,6.6259,6.9747,1820
ICN,20170623,6.9747,6.9747,6.9747,6.9747,1200
ICN,20170626,7.2653,7.2653,6.9747,6.9747,1200
ICN,20170627,7.2653,7.2653,5.9576,7.2072,300
ICN,20170628,6.9747,6.9747,6.9747,6.9747,700
ICN,20170629,6.9747,6.9747,6.9747,6.9747,9700
ICN,20170630,6.3935,6.9747,6.3935,6.9747,900
ICN,20170703,6.9747,6.9747,6.9747,6.9747,2500
ICN,20170704,6.9747,6.9747,6.9747,6.9747,100
ICN,20170705,7.0038,7.1200,7.0038,7.1200,2800
ICN,20170706,6.9747,6.9747,6.9747,6.9747,2300
ICN,20170707,6.9747,6.9747,6.9747,6.9747,0
ICN,20170710,6.8585,7.2653,6.8585,7.2653,200
ICN,20170711,7.0619,7.0619,7.0619,7.0619,0
ICN,20170712,7.0619,7.0619,7.0619,7.0619,0
ICN,20170713,7.1781,7.1781,7.1781,7.1781,100
ICN,20170714,7.0037,7.0037,7.0037,7.0037,100
ICN,20170717,7.1199,7.1199,7.0909,7.0909,2800
ICN,20170718,7.0909,7.0909,7.0909,7.0909,0
ICN,20170719,7.0909,7.0909,7.0909,7.0909,0
ICN,20170720,7.0909,7.0909,7.0909,7.0909,0
ICN,20170721,7.0037,7.0037,7.0037,7.0037,600
ICN,20170724,6.7131,6.7131,6.7131,6.7131,100
ICN,20170725,5.7250,7.1781,5.7250,6.9747,2200
ICN,20170726,5.9285,7.0909,5.9285,6.9456,2500
ICN,20170727,7.1200,7.1200,7.1200,7.1200,6500
ICN,20170728,7.1200,7.1200,7.1200,7.1200,4000
ICN,20170731,7.1200,7.1200,7.1200,7.1200,200
ICN,20170801,7.1200,7.1200,7.1200,7.1200,0
ICN,20170802,7.1200,7.1200,6.8294,6.8294,1100
ICN,20170803,7.0910,7.0910,7.0909,7.0909,0
ICN,20170804,7.0909,7.0909,7.0909,7.0909,0
ICN,20170807,7.0909,7.0909,7.0909,7.0909,0
ICN,20170808,7.0909,7.0909,7.0909,7.0909,0
ICN,20170809,8.1371,8.1371,8.1371,8.1371,500
ICN,20170810,7.2653,7.2653,7.2653,7.2653,1014
ICN,20170811,6.9747,7.0619,6.9747,7.0619,900
ICN,20170814,6.9747,6.9747,6.9747,6.9747,0
ICN,20170815,6.9747,6.9747,6.9747,6.9747,0
ICN,20170816,6.9747,6.9747,6.9747,6.9747,0
ICN,20170817,6.9747,6.9747,6.9747,6.9747,0
ICN,20170818,7.1200,7.1200,7.1200,7.1200,100
ICN,20170821,7.1200,7.1200,7.1200,7.1200,0
ICN,20170822,6.9747,6.9747,6.9747,6.9747,700
ICN,20170823,6.9747,6.9747,6.9747,6.9747,0
ICN,20170824,6.9747,6.9747,6.9747,6.9747,0
ICN,20170825,6.9747,6.9747,6.9747,6.9747,0
ICN,20170828,6.9747,6.9747,6.9747,6.9747,2900
ICN,20170829,6.9747,6.9747,6.9747,6.9747,0
ICN,20170830,7.2653,7.2653,7.2653,7.2653,1100
ICN,20170831,7.2653,7.2653,7.2653,7.2653,0
ICN,20170901,7.2653,7.2653,7.2653,7.2653,0
ICN,20170905,7.2653,7.2653,7.2653,7.2653,0
ICN,20170906,7.2653,7.2653,7.2653,7.2653,0
ICN,20170907,7.2072,7.2072,7.2072,7.2072,1800
ICN,20170908,7.2653,7.2653,7.1200,7.1200,200
ICN,20170911,7.1200,7.1200,7.1200,7.1200,100
ICN,20170912,6.8294,6.8294,6.8294,6.8294,1300
ICN,20170913,6.8294,6.8294,6.8294,6.8294,0
ICN,20170914,6.8294,6.8294,6.8294,6.8294,0
ICN,20170915,6.7132,6.7132,6.6841,6.6841,2300
ICN,20170918,6.6841,6.6841,6.6841,6.6841,0
ICN,20170919,6.6841,6.6841,6.6841,6.6841,0
ICN,20170920,6.6841,6.6841,6.6841,6.6841,0
ICN,20170921,7.3816,7.3816,7.3815,7.3815,102
ICN,20170922,7.3815,7.3815,7.3815,7.3815,0
ICN,20170925,7.3815,7.3815,7.3815,7.3815,0
ICN,20170926,7.3815,7.3815,7.3815,7.3815,0
ICN,20170927,7.3815,7.3815,7.3815,7.3815,0
ICN,20170928,7.3815,7.3815,7.3815,7.3815,0
ICN,20170929,7.3815,7.3815,7.3815,7.3815,0
ICN,20171002,7.3815,7.3815,7.3815,7.3815,0
ICN,20171003,7.3815,7.3815,7.3815,7.3815,0
ICN,20171004,7.3815,7.3815,7.3815,7.3815,0
ICN,20171005,8.3986,8.3987,8.3986,8.3987,400
ICN,20171006,8.3987,8.3987,8.3987,8.3987,0
ICN,20171009,8.3987,8.3987,8.3987,8.3987,0
ICN,20171010,9.0090,9.0090,9.0090,9.0090,500
ICN,20171011,9.0090,9.0090,9.0090,9.0090,0
ICN,20171012,9.0090,9.0090,9.0090,9.0090,0
ICN,20171013,9.0090,9.0090,9.0090,9.0090,0
ICN,20171016,8.1372,8.1372,8.1371,8.1371,500
ICN,20171017,8.1371,8.1371,8.1371,8.1371,0
ICN,20171018,8.1371,8.1371,8.1371,8.1371,0
ICN,20171019,8.1371,8.1371,8.1371,8.1371,0
ICN,20171020,6.9165,8.1081,6.9165,8.1081,600
ICN,20171023,7.9047,7.9047,7.9046,7.9046,0
ICN,20171024,6.9746,6.9747,6.9746,6.9747,100
ICN,20171025,6.9747,6.9747,6.9747,6.9747,0
ICN,20171026,6.9747,6.9747,6.9747,6.9747,0
ICN,20171027,6.9747,6.9747,6.9747,6.9747,0
ICN,20171030,6.9747,6.9747,6.9747,6.9747,3500
ICN,20171031,6.9747,6.9747,6.9747,6.9747,0
ICN,20171101,6.9747,6.9747,6.9747,6.9747,0
ICN,20171102,6.9747,6.9747,6.9747,6.9747,0
ICN,20171103,6.9747,7.2653,6.9747,7.2653,2000
ICN,20171106,7.1200,7.1200,7.1200,7.1200,1000
ICN,20171107,6.1900,6.1900,6.1900,6.1900,500
ICN,20171108,6.1900,6.1900,6.1900,6.1900,0
ICN,20171109,6.6840,6.6841,6.6840,6.6841,2400
ICN,20171110,7.2363,7.2363,7.2362,7.2362,100
ICN,20171113,7.3815,7.4106,7.3815,7.4106,300
ICN,20171114,7.4106,7.4106,7.4106,7.4106,0
ICN,20171115,7.4106,7.4106,7.4106,7.4106,0
ICN,20171116,7.4106,7.4106,7.4106,7.4106,0
ICN,20171117,7.4106,7.4106,7.4106,7.4106,10010
ICN,20171120,7.4106,7.4106,7.4106,7.4106,0
ICN,20171121,7.4106,7.4106,7.4106,7.4106,0
ICN,20171122,7.1200,7.1200,7.1200,7.1200,20014
ICN,20171123,7.1200,7.1200,7.1200,7.1200,400
ICN,20171124,7.1200,7.1200,7.1200,7.1200,2500
ICN,20171127,7.1200,7.2653,7.1200,7.1200,8300
ICN,20171128,7.2653,7.2653,7.2653,7.2653,2100
ICN,20171129,7.2653,7.2653,7.2653,7.2653,2100
ICN,20171130,7.2653,7.2653,7.1200,7.1200,5700
ICN,20171201,7.2072,7.2072,7.2072,7.2072,0
ICN,20171204,7.2653,7.2653,7.2653,7.2653,2100
ICN,20171205,7.2653,7.2653,7.2653,7.2653,0
ICN,20171206,7.2653,7.2653,7.2653,7.2653,0
ICN,20171207,7.2653,7.2653,7.2653,7.2653,0
ICN,20171208,7.2653,7.2653,7.2653,7.2653,0
ICN,20171211,7.2653,7.2653,7.2653,7.2653,0
ICN,20171212,7.2653,7.2653,7.2653,7.2653,0
ICN,20171213,6.4516,6.4516,6.4516,6.4516,100
ICN,20171214,7.2653,7.2653,7.2653,7.2653,100
ICN,20171215,7.5269,7.5269,7.5268,7.5268,1600
ICN,20171218,7.5268,7.5268,7.5268,7.5268,0
ICN,20171219,7.2653,7.2653,7.1199,7.1200,2200
ICN,20171220,7.1200,7.1200,7.1200,7.1200,1900
ICN,20171221,7.1200,7.1200,7.1200,7.1200,0
ICN,20171222,7.1200,7.1200,7.1200,7.1200,0
ICN,20171225,7.1200,7.1200,7.1200,7.1200,0
ICN,20171226,7.1200,7.1200,7.1200,7.1200,0
ICN,20171227,7.1200,7.1200,7.1200,7.1200,0
ICN,20171228,6.1319,7.3816,6.1319,7.3815,400
ICN,20171229,7.1200,7.3525,7.1200,7.3525,4000
ICN,20180102,7.2944,7.2944,7.2943,7.2943,0
ICN,20180103,7.2943,7.2943,7.2943,7.2943,600
ICN,20180104,7.2652,7.2653,7.2652,7.2653,1900
ICN,20180105,7.2653,7.2653,7.2653,7.2653,0
ICN,20180108,7.3525,7.3525,7.2653,7.2653,1700
ICN,20180109,7.2653,7.2653,7.2653,7.2653,1900
ICN,20180110,7.2653,7.2653,7.2653,7.2653,2500
ICN,20180111,7.2653,7.2653,7.2653,7.2653,1500
ICN,20180112,7.4106,7.4106,7.4106,7.4106,500
ICN,20180115,7.4106,7.4106,7.4106,7.4106,0
ICN,20180116,7.4106,7.4106,7.4106,7.4106,1700
ICN,20180117,7.2653,7.2653,7.2653,7.2653,900
ICN,20180118,7.2653,7.2653,7.2653,7.2653,500
ICN,20180119,7.2653,7.2653,7.2653,7.2653,0
ICN,20180122,7.2653,7.2653,7.2653,7.2653,0
ICN,20180123,7.2653,7.2653,7.2653,7.2653,0
ICN,20180124,7.2653,7.2653,7.2653,7.2653,0
ICN,20180125,7.2653,7.2653,7.2653,7.2653,0
ICN,20180126,8.1371,8.1371,8.1371,8.1371,2200
ICN,20180129,6.9165,6.9165,6.9165,6.9165,100
ICN,20180130,6.9165,6.9165,6.9165,6.9165,0
ICN,20180131,6.9165,6.9165,6.9165,6.9165,0
ICN,20180201,7.4105,7.5559,7.4105,7.5559,1900
ICN,20180202,7.5268,7.5268,7.5268,7.5268,0
ICN,20180205,8.3986,8.3987,8.3986,8.3987,100
ICN,20180206,7.2653,7.2653,7.2653,7.2653,1000
ICN,20180207,7.2653,7.2653,7.2653,7.2653,0
ICN,20180208,7.2653,7.2653,7.2653,7.2653,0
ICN,20180209,7.4106,7.4106,7.4106,7.4106,600
ICN,20180212,7.4106,7.5559,7.4106,7.5559,7600
ICN,20180213,8.4277,8.4277,8.4277,8.4277,400
ICN,20180221,8.4277,8.4277,8.4277,8.4277,0
ICN,20180222,8.4277,8.4277,8.4277,8.4277,0
ICN,20180223,7.2653,7.2653,7.2653,7.2653,100
ICN,20180226,7.8465,7.8465,7.8465,7.8465,1300
ICN,20180227,7.2653,7.2943,7.2653,7.2943,1000
ICN,20180228,6.6840,6.6841,6.6840,6.6841,100
ICN,20180301,7.6722,7.6722,7.6721,7.6721,200
ICN,20180302,7.6721,7.6721,7.6721,7.6721,0
ICN,20180305,8.7183,8.7183,8.7183,8.7183,100
ICN,20180306,9.8517,9.8517,9.8517,9.8517,100
ICN,20180307,9.8517,9.8517,9.8517,9.8517,0
ICN,20180308,9.8517,9.8517,9.8517,9.8517,0
ICN,20180309,8.4277,8.4277,8.4277,8.4277,100
ICN,20180312,8.4277,8.4277,8.4277,8.4277,0
ICN,20180313,8.4277,8.4277,8.4277,8.4277,0
ICN,20180314,8.4277,8.4277,8.4277,8.4277,0
ICN,20180315,8.4277,8.4277,8.4277,8.4277,0
ICN,20180316,7.8755,7.8756,7.8755,7.8756,100
ICN,20180319,8.2825,8.2825,8.2824,8.2824,100
ICN,20180320,7.0909,7.0909,7.0909,7.0909,100
ICN,20180321,7.8465,7.8465,7.8465,7.8465,300
ICN,20180322,7.8465,8.2824,7.8465,8.2824,2800
ICN,20180323,9.0089,9.0090,9.0089,9.0090,500
ICN,20180326,10.1715,10.1715,10.1714,10.1714,900
ICN,20180327,11.6245,11.6245,11.6245,11.6245,400
ICN,20180328,13.0485,13.0485,13.0484,13.0484,500
ICN,20180329,13.0484,13.0484,13.0484,13.0484,0
ICN,20180330,14.7921,14.7921,11.1013,11.1014,800
ICN,20180402,11.5664,11.5664,11.5663,11.5663,0
ICN,20180403,11.5663,11.5663,11.5663,11.5663,1
ICN,20180404,13.2228,13.2228,13.2228,13.2228,100
ICN,20180405,15.1118,15.1118,11.2466,11.2467,800
ICN,20180406,13.6588,13.6588,13.6587,13.6587,1
ICN,20180409,11.6244,11.6245,11.6244,11.6245,100
ICN,20180410,9.8808,11.5954,9.8808,11.5954,400
ICN,20180411,9.5902,9.5902,9.5902,9.5902,1300
ICN,20180412,9.5902,9.5902,9.5902,9.5902,0
ICN,20180413,10.4620,10.4620,10.4620,10.4620,100
ICN,20180416,10.4620,10.4620,10.4620,10.4620,0
ICN,20180417,10.4620,10.4620,10.4620,10.4620,0
ICN,20180418,11.5373,11.5373,11.5373,11.5373,100
ICN,20180419,11.5373,11.5373,11.5373,11.5373,0
ICN,20180420,11.5373,11.5373,11.5373,11.5373,0
ICN,20180423,13.0775,13.0775,13.0775,13.0775,200
ICN,20180424,14.2399,14.3853,14.2399,14.3853,200
ICN,20180426,15.3443,15.3443,15.3443,15.3443,100
ICN,20180427,15.3443,15.3443,15.3443,15.3443,0
ICN,20180502,17.3786,17.3786,17.3786,17.3786,200
ICN,20180503,17.3786,17.3786,17.3786,17.3786,0
ICN,20180504,17.3786,17.3786,17.3786,17.3786,0
ICN,20180507,17.3786,17.3786,17.3786,17.3786,0
ICN,20180508,17.3786,17.3786,17.3786,17.3786,0
ICN,20180509,14.7922,19.7616,14.7921,14.7921,600
ICN,20180510,18.1051,18.1051,18.1051,18.1051,0
ICN,20180511,18.1051,18.1051,18.1051,18.1051,0
ICN,20180514,18.1051,18.1051,18.1051,18.1051,0
ICN,20180515,18.1051,18.1051,18.1051,18.1051,0
ICN,20180516,18.1051,18.1051,18.1051,18.1051,0
ICN,20180517,18.1051,18.1051,18.1051,18.1051,0
ICN,20180518,18.1051,18.1051,18.1051,18.1051,0
ICN,20180521,18.1051,18.1051,18.1051,18.1051,0
ICN,20180522,18.1051,18.1051,18.1051,18.1051,0
ICN,20180523,18.1051,18.1051,18.1051,18.1051,2
ICN,20180524,18.1051,18.1051,18.1051,18.1051,0
ICN,20180525,18.1051,18.1053,18.1051,18.1053,0
ICN,20180528,18.1053,18.1053,18.1053,18.1053,0
ICN,20180529,18.1053,18.1053,18.1053,18.1053,0
ICN,20180530,18.1053,18.1053,18.1053,18.1053,0
ICN,20180531,18.1053,18.1053,18.1053,18.1053,0
ICN,20180601,18.1053,18.1053,18.1053,18.1053,0
ICN,20180604,18.1053,18.1053,18.1053,18.1053,0
ICN,20180605,18.1053,18.1053,18.1053,18.1053,0
ICN,20180606,18.1053,18.1053,18.1053,18.1053,0
ICN,20180607,18.1053,18.1053,18.1053,18.1053,0
ICN,20180608,18.1053,18.1053,18.1053,18.1053,0
ICN,20180611,18.1053,18.1053,18.1053,18.1053,0
ICN,20180612,18.1053,18.1053,18.1053,18.1053,0
ICN,20180613,18.1053,18.1053,18.1053,18.1053,0
ICN,20180614,18.1053,18.1053,18.1053,18.1053,0
ICN,20180615,10.8693,15.3880,10.8693,10.9914,1500
ICN,20180618,13.2813,13.2813,13.2813,13.2813,0
ICN,20180619,13.2813,13.2813,13.2813,13.2813,0
ICN,20180620,13.2813,13.2813,13.2813,13.2813,0
ICN,20180621,13.2813,13.2813,13.2813,13.2813,0
ICN,20180622,13.2813,13.2813,13.2813,13.2813,0
ICN,20180625,13.2813,13.2813,13.2813,13.2813,0
ICN,20180626,13.2813,13.2813,13.2813,13.2813,0
ICN,20180627,13.2813,13.2813,13.2813,13.2813,0
ICN,20180628,13.2813,13.2813,13.2813,13.2813,0
ICN,20180629,13.2813,13.2813,13.2813,13.2813,0
ICN,20180702,13.2813,13.2813,13.2813,13.2813,0
ICN,20180703,13.2813,13.2813,13.2813,13.2813,0
ICN,20180704,13.2813,13.2813,13.2813,13.2813,0
ICN,20180705,13.2813,13.2813,13.2813,13.2813,0
ICN,20180706,13.2813,13.2813,13.2813,13.2813,0
ICN,20180709,13.2813,13.2813,13.2813,13.2813,0
ICN,20180710,13.2813,13.2813,13.2813,13.2813,0
ICN,20180711,13.2813,13.2813,13.2813,13.2813,0
ICN,20180712,13.2813,13.2813,13.2813,13.2813,0
ICN,20180713,13.2813,13.2813,13.2813,13.2813,0
ICN,20180716,13.2813,13.2813,13.2813,13.2813,0
ICN,20180717,13.2813,13.2813,13.2813,13.2813,0
ICN,20180718,13.2813,13.2813,13.2813,13.2813,0
ICN,20180719,15.1132,15.1132,15.1132,15.1132,200
ICN,20180720,15.1132,15.1132,15.1132,15.1132,0
ICN,20180723,15.1132,15.1132,15.1132,15.1132,0
ICN,20180724,15.1132,15.1132,15.1132,15.1132,0
ICN,20180725,15.1132,15.1132,15.1132,15.1132,0
ICN,20180726,15.1132,15.1132,15.1132,15.1132,0
ICN,20180727,15.1132,15.1132,15.1132,15.1132,0
ICN,20180730,15.1132,15.1132,15.1132,15.1132,0
ICN,20180731,15.1132,15.1132,15.1132,15.1132,0
ICN,20180801,15.1132,15.1132,15.1132,15.1132,0
ICN,20180802,15.1132,15.1132,15.1132,15.1132,0
ICN,20180803,15.1132,15.1132,15.1132,15.1132,0
ICN,20180806,15.1132,15.1132,15.1132,15.1132,0
ICN,20180807,15.1132,15.1132,15.1132,15.1132,0
ICN,20180808,15.1132,15.1132,15.1132,15.1132,0
ICN,20180809,15.1132,15.1132,15.1132,15.1132,0
ICN,20180810,15.1132,15.1132,15.1132,15.1132,0
ICN,20180813,15.1132,15.1132,15.1132,15.1132,0
ICN,20180814,15.1132,15.1132,15.1132,15.1132,0
ICN,20180815,15.1132,15.1132,15.1132,15.1132,0
ICN,20180816,15.1132,15.1132,15.1132,15.1132,0
ICN,20180817,12.8539,14.7468,12.8538,12.8538,2100
ICN,20180820,12.1210,12.8233,12.1210,12.8233,500
ICN,20180821,10.4418,12.1821,10.4418,12.1821,900
ICN,20180822,10.0449,11.5715,10.0449,11.5715,400
ICN,20180823,11.2662,11.2662,10.6861,11.2662,304
ICN,20180824,10.4113,10.9914,10.4113,10.9914,4200
ICN,20180827,10.3808,11.3883,9.7701,10.6861,4600
ICN,20180828,8.7321,11.6936,8.7321,9.7701,5700
ICN,20180829,10.8387,10.8387,10.8387,10.8387,100
ICN,20180830,9.4648,11.5104,9.2511,11.5104,800
ICN,20180831,11.2661,11.2662,11.2661,11.2662,100
ICN,20180904,11.2662,11.2662,11.2662,11.2662,0
ICN,20180905,9.8312,11.8158,9.8312,11.8157,300
ICN,20180906,10.8082,12.4874,10.8082,12.4874,400
ICN,20180907,10.6860,10.6861,10.6860,10.6861,500
ICN,20180910,10.4113,10.4113,10.3808,10.3808,2300
ICN,20180911,11.8158,11.8158,11.8157,11.8157,100
ICN,20180912,10.4112,10.4112,10.3807,10.3808,1900
ICN,20180913,11.9074,11.9074,11.9073,11.9073,100
ICN,20180914,11.9073,11.9073,11.9073,11.9073,0
ICN,20180917,11.9073,11.9073,11.9073,11.9073,0
ICN,20180918,13.4033,13.4034,13.4033,13.4034,100
ICN,20180919,11.4188,12.1821,11.4188,12.1821,200
ICN,20180920,10.3807,10.9914,10.3807,10.9914,900
ICN,20180921,10.4113,10.9914,10.4113,10.7166,2300
ICN,20180924,11.2662,11.2662,11.2662,11.2662,100
ICN,20180925,11.2662,11.2662,11.2662,11.2662,0
ICN,20180926,10.9914,12.7623,10.9914,11.6020,2800
ICN,20180927,11.6325,11.6325,11.6325,11.6325,0
ICN,20180928,11.6325,11.6325,11.6325,11.6325,0
ICN,20181001,10.6860,10.9914,10.6860,10.9914,500
ICN,20181002,10.9303,10.9303,10.9303,10.9303,0
ICN,20181003,12.4874,12.4874,12.4874,12.4874,800
ICN,20181004,12.4874,12.4874,12.4874,12.4874,0
ICN,20181005,12.4874,12.4874,12.4874,12.4874,0
ICN,20181008,12.4874,12.4874,12.4874,12.4874,0
ICN,20181009,12.4874,12.4874,12.4874,12.4874,0
ICN,20181010,12.4569,12.4569,10.6860,10.6861,200
ICN,20181011,13.1286,13.1286,11.2967,11.2967,600
ICN,20181012,11.6020,11.6020,11.6020,11.6020,0
ICN,20181015,11.2967,11.2967,11.2967,11.2967,2000
ICN,20181016,11.2967,11.2967,11.2967,11.2967,0
ICN,20181017,11.2967,11.2967,11.2967,11.2967,0
ICN,20181018,10.9914,10.9914,10.9914,10.9914,1200
ICN,20181019,10.9914,10.9914,10.9914,10.9914,0
ICN,20181022,9.3427,10.9914,9.3427,10.9914,1000
ICN,20181023,9.3122,11.2967,9.3122,11.2967,3500
ICN,20181024,11.2967,11.2967,11.2967,11.2967,500
ICN,20181025,11.2967,11.2967,11.2967,11.2967,0
ICN,20181026,11.2967,11.2967,11.2967,11.2967,0
ICN,20181029,11.2967,11.2967,11.2967,11.2967,0
ICN,20181030,11.2967,11.2967,11.2967,11.2967,0
ICN,20181031,11.2967,11.2967,11.2967,11.2967,0
ICN,20181101,11.2967,11.2967,11.2967,11.2967,0
ICN,20181102,11.2967,11.2967,11.2967,11.2967,0
ICN,20181105,11.2967,11.2967,11.2967,11.2967,1500
ICN,20181106,12.9149,12.9149,12.9149,12.9149,400
ICN,20181107,12.9149,12.9149,12.9149,12.9149,0
ICN,20181108,12.9149,12.9149,12.9149,12.9149,0
ICN,20181109,12.9149,12.9149,12.9149,12.9149,0
ICN,20181112,10.9914,14.5941,10.9914,12.2127,4500
ICN,20181113,13.7088,13.7088,13.7087,13.7087,100
ICN,20181114,13.7087,13.7087,13.7087,13.7087,0
ICN,20181115,13.7087,13.7087,13.7087,13.7087,0
ICN,20181116,13.7087,13.7087,13.7087,13.7087,0
ICN,20181119,11.6631,14.5941,11.6631,14.5941,300
ICN,20181120,15.2047,15.2047,11.6020,11.6020,1000
ICN,20181121,10.5029,12.4874,10.5029,12.4874,900
ICN,20181122,10.1365,10.1365,10.1365,10.1365,1000
ICN,20181123,11.6020,11.6020,10.7166,11.2967,1800
ICN,20181126,11.0219,11.0219,11.0219,11.0219,1000
ICN,20181127,12.6401,12.6401,12.6401,12.6401,100
ICN,20181128,11.1746,11.2356,11.1746,11.2356,3600
ICN,20181129,11.0524,12.8232,11.0524,11.2051,4000
ICN,20181130,11.2967,11.2967,11.2967,11.2967,550
ICN,20181203,11.0524,11.0524,11.0219,11.0219,2800
ICN,20181204,11.2967,11.2967,11.2967,11.2967,500
ICN,20181205,11.2051,11.2051,11.2051,11.2051,4000
ICN,20181206,11.3272,11.3272,11.3272,11.3272,200
ICN,20181207,11.3272,11.3272,11.3272,11.3272,3900
ICN,20181210,11.0219,11.6020,11.0219,11.6020,5400
ICN,20181211,12.7011,12.7011,11.6325,11.6325,3800
ICN,20181212,9.9227,12.8233,9.9227,12.8233,5100
ICN,20181213,11.0819,11.0819,11.0815,11.0815,3000
ICN,20181214,11.7147,11.7147,11.7147,11.7147,100
ICN,20181217,11.7147,11.7147,11.7147,11.7147,0
ICN,20181218,13.3611,13.3611,13.3611,13.3611,100
ICN,20181219,13.3611,13.3611,13.3611,13.3611,0
ICN,20181220,13.3611,13.3611,13.3611,13.3611,0
ICN,20181221,13.3611,13.3611,13.3611,13.3611,0
ICN,20181224,13.3611,13.3611,13.3611,13.3611,0
ICN,20181225,13.3611,13.3611,13.3611,13.3611,0
ICN,20181226,13.3611,13.3611,13.3611,13.3611,0
ICN,20181227,13.3611,13.3611,13.3611,13.3611,0
ICN,20181228,12.0313,15.0708,12.0313,12.0313,1400
ICN,20190102,11.7463,11.7463,11.7463,11.7463,100
ICN,20190103,12.0629,12.0630,12.0629,12.0630,400
ICN,20190104,12.0630,12.0630,12.0630,12.0630,0
ICN,20190107,10.5433,12.0947,10.5433,12.0946,200
ICN,20190108,10.3532,12.3479,10.3532,12.3479,300
ICN,20190109,13.2661,13.2661,13.2661,13.2661,100
ICN,20190110,11.4614,12.1896,11.4614,12.1896,1700
ICN,20190111,12.1896,12.1896,12.1896,12.1896,3000
ICN,20190114,10.8282,12.1896,10.8282,12.1896,500
ICN,20190115,12.2213,12.2213,12.1896,12.1896,2900
ICN,20190116,12.3796,12.3796,12.3796,12.3796,400
ICN,20190117,12.3796,12.6646,10.6699,12.6645,800
ICN,20190118,10.8598,14.1526,10.8598,14.1526,400
ICN,20190121,15.2924,15.2924,15.2924,15.2924,100
ICN,20190122,17.4137,17.4137,13.0128,13.0128,300
ICN,20190123,13.5827,13.5827,13.5827,13.5827,200
ICN,20190124,11.6197,11.6197,11.6197,11.6197,100
ICN,20190125,13.3294,13.3294,13.3294,13.3294,100
ICN,20190128,12.0629,13.2977,12.0629,12.4112,4400
ICN,20190129,13.2977,13.2977,11.1764,13.2977,1100
ICN,20190130,13.1077,13.1078,13.1077,13.1078,0
ICN,20190131,13.1078,13.1078,13.1078,13.1078,0
ICN,20190201,13.1078,13.1078,13.1078,13.1078,0
ICN,20190211,15.0391,15.0391,15.0391,15.0391,100
ICN,20190212,16.9388,16.9388,16.9388,16.9388,100
ICN,20190213,16.9388,16.9388,16.9388,16.9388,0
ICN,20190214,19.4717,19.4717,19.4717,19.4717,100
ICN,20190215,19.4717,19.4717,19.4717,19.4717,0
ICN,20190218,19.4717,19.4717,19.4717,19.4717,0
ICN,20190219,19.4717,19.4717,19.4717,19.4717,0
ICN,20190220,22.1629,22.1629,22.1629,22.1629,100
ICN,20190221,22.1629,22.1629,22.1629,22.1629,0
ICN,20190222,25.1074,25.1074,25.1074,25.1074,100
ICN,20190225,25.1074,25.1074,25.1074,25.1074,0
ICN,20190226,25.1074,25.1074,25.1074,25.1074,0
ICN,20190227,25.1074,25.1074,25.1074,25.1074,0
ICN,20190228,21.3714,21.3714,21.3714,21.3714,100
ICN,20190301,21.3714,21.3714,21.3714,21.3714,0
ICN,20190304,21.3714,21.3714,21.3714,21.3714,0
ICN,20190305,18.1736,18.1736,18.1736,18.1736,100
ICN,20190306,20.7382,20.7382,20.7381,20.7381,100
ICN,20190307,20.7064,20.7065,20.7064,20.7065,600
ICN,20190308,20.7065,20.7065,20.7065,20.7065,0
ICN,20190311,17.6037,17.6037,17.6037,17.6037,1000
ICN,20190312,17.6037,17.6037,17.6037,17.6037,0
ICN,20190313,17.6037,17.6037,17.6037,17.6037,0
ICN,20190314,17.6037,17.6037,14.9758,14.9758,1200
ICN,20190315,15.4191,15.4191,15.4191,15.4191,0
ICN,20190318,15.4191,15.4191,15.4191,15.4191,0
ICN,20190319,15.4191,15.4191,15.4191,15.4191,300
ICN,20190320,15.8307,15.8307,15.8306,15.8306,100
ICN,20190321,17.4137,17.4137,17.4137,17.4137,700
ICN,20190322,15.5457,15.5457,15.5457,15.5457,200
ICN,20190325,13.3611,13.6460,13.3611,13.6460,700
ICN,20190326,13.5510,13.5510,13.5510,13.5510,0
ICN,20190327,13.5510,13.5510,13.5510,13.5510,0
ICN,20190328,11.7146,15.5140,11.7146,15.5140,400
ICN,20190329,14.5642,14.5642,14.5642,14.5642,0
ICN,20190401,15.1974,16.1473,15.1974,16.1473,1300
ICN,20190402,16.0840,16.0840,16.0839,16.0839,0
ICN,20190403,16.0839,16.0839,16.0839,16.0839,0
ICN,20190404,14.9124,14.9124,14.8808,14.8808,200
ICN,20190405,15.8306,15.8306,15.8306,15.8306,100
ICN,20190408,17.4137,17.4137,17.4137,17.4137,100
ICN,20190409,17.4137,17.4137,17.4137,17.4137,0
ICN,20190410,17.4137,17.4137,17.4137,17.4137,0
ICN,20190411,17.4137,17.4137,17.4137,17.4137,0
ICN,20190412,17.4137,17.4137,17.4137,17.4137,0
ICN,20190416,17.4137,17.4137,17.4137,17.4137,0
ICN,20190417,17.4137,17.4137,17.4137,17.4137,0
ICN,20190418,17.4137,17.4137,17.4137,17.4137,0
ICN,20190419,17.4137,17.4137,17.4137,17.4137,0
ICN,20190422,17.4137,17.4137,17.4137,17.4137,0
ICN,20190423,17.4137,17.4137,17.4137,17.4137,0
ICN,20190424,18.6802,18.9968,18.6802,18.9968,200
ICN,20190425,18.8385,18.8385,18.8385,18.8385,0
ICN,20190426,18.8385,18.8385,18.8385,18.8385,0
ICN,20190502,21.2131,21.2131,21.2131,21.2131,100
ICN,20190503,21.2131,21.2131,21.2131,21.2131,0
ICN,20190506,21.2131,21.2131,21.2131,21.2131,0
ICN,20190507,21.2131,21.2131,21.2131,21.2131,0
ICN,20190508,21.2131,21.2131,21.2131,21.2131,0
ICN,20190509,21.2131,21.2131,21.2131,21.2131,0
ICN,20190510,21.2131,21.2131,21.2131,21.2131,0
ICN,20190513,21.2131,21.2131,21.2131,21.2131,0
ICN,20190514,21.2131,21.2131,21.2131,21.2131,0
ICN,20190515,21.2131,21.2131,21.2131,21.2131,0
ICN,20190516,21.2131,21.2131,21.2131,21.2131,0
ICN,20190517,21.2131,21.2131,21.2131,21.2131,0
ICN,20190520,21.2131,21.2131,21.2131,21.2131,0
ICN,20190521,21.2131,21.2131,21.2131,21.2131,0
ICN,20190522,21.2131,21.2131,21.2131,21.2131,0
ICN,20190523,21.2131,21.2131,21.2131,21.2131,0
ICN,20190524,21.2131,21.2131,21.2131,21.2131,0
ICN,20190527,21.2131,21.2131,21.2131,21.2131,100
ICN,20190528,21.2131,21.2131,21.2131,21.2131,0
ICN,20190529,18.0470,18.0470,18.0469,18.0469,400
ICN,20190530,15.3557,20.2316,15.3557,20.2316,200
ICN,20190531,17.7937,17.7937,17.7936,17.7936,0
ICN,20190603,17.7936,17.7936,17.7936,17.7936,0
ICN,20190604,17.7936,17.7936,17.7936,17.7936,0
ICN,20190605,17.7936,17.7936,17.7936,17.7936,0
ICN,20190606,17.7936,17.7936,17.7936,17.7936,0
ICN,20190607,18.9967,18.9968,18.9967,18.9968,100
ICN,20190610,18.0470,18.9968,18.0470,18.9968,200
ICN,20190611,18.0470,18.0470,18.0469,18.0469,2900
ICN,20190612,20.2632,20.2632,20.2632,20.2632,100
ICN,20190613,18.0469,18.0469,18.0469,18.0469,200
ICN,20190614,20.5798,20.5798,20.5798,20.5798,100
ICN,20190617,20.5798,20.5798,20.5798,20.5798,0
ICN,20190618,20.5798,20.5798,20.5798,20.5798,0
ICN,20190619,20.5798,20.5798,20.5798,20.5798,0
ICN,20190620,20.5798,20.5798,20.5798,20.5798,0
ICN,20190621,20.5798,20.5798,20.5798,20.5798,0
ICN,20190624,20.5798,20.5798,20.5798,20.5798,0
ICN,20190625,20.5798,20.5798,20.5798,20.5798,0
ICN,20190626,20.5798,20.5798,20.5798,20.5798,0
ICN,20190627,20.5798,20.5798,20.5798,20.5798,0
ICN,20190628,20.5798,20.5798,20.5798,20.5798,0
ICN,20190701,23.4293,23.4294,23.4293,23.4294,100
ICN,20190702,23.4294,23.4294,23.4294,23.4294,0
ICN,20190703,23.4294,23.4294,23.4294,23.4294,0
ICN,20190704,23.4294,23.4294,23.4294,23.4294,0
ICN,20190705,23.4294,23.4294,23.4294,23.4294,0
ICN,20190708,23.4294,23.4294,23.4294,23.4294,0
ICN,20190709,23.4294,23.4294,23.4294,23.4294,0
ICN,20190710,23.4294,23.4294,23.4294,23.4294,0
ICN,20190711,23.4294,23.4294,23.4294,23.4294,0
ICN,20190712,23.4294,23.4294,23.4294,23.4294,0
ICN,20190715,26.2789,26.2789,26.2789,26.2789,100
ICN,20190716,26.2789,26.2789,26.2789,26.2789,3
ICN,20190717,26.2789,26.2789,26.2789,26.2789,0
ICN,20190718,26.2789,26.2789,26.2789,26.2789,0
ICN,20190719,26.2789,26.2789,26.2787,26.2787,0
ICN,20190722,26.2787,26.2787,26.2787,26.2787,0
ICN,20190723,26.2787,26.2787,26.2787,26.2787,0
ICN,20190724,26.2787,26.2787,26.2787,26.2787,0
ICN,20190725,26.2787,26.2787,26.2787,26.2787,0
ICN,20190726,22.5707,22.5707,22.5707,22.5707,100
ICN,20190729,22.5707,22.5707,22.5707,22.5707,0
ICN,20190730,22.5707,22.5707,22.5707,22.5707,0
ICN,20190731,25.7306,25.7306,25.7306,25.7306,100
ICN,20190801,25.7306,25.7306,25.7306,25.7306,0
ICN,20190802,29.0195,29.0195,29.0195,29.0195,100
ICN,20190805,33.2112,33.2112,25.7951,33.2112,400
ICN,20190806,31.3733,31.3733,31.3733,31.3733,0
ICN,20190807,26.7624,26.7624,26.7624,26.7624,600
ICN,20190808,29.9545,29.9546,29.9545,29.9546,100
ICN,20190809,29.9546,29.9546,29.9546,29.9546,0
ICN,20190812,25.5049,25.5049,25.4727,25.4727,200
ICN,20190813,21.7646,21.7646,21.7324,21.7324,300
ICN,20190814,24.8923,24.8923,24.8923,24.8923,100
ICN,20190815,24.8923,24.8923,24.8923,24.8923,0
ICN,20190816,21.1843,21.1843,21.1842,21.1842,200
ICN,20190819,22.5062,22.5062,22.5062,22.5062,100
ICN,20190820,25.7951,25.7951,25.7951,25.7951,100
ICN,20190821,25.7951,25.7951,25.7951,25.7951,0
ICN,20190822,21.9258,21.9258,21.9258,21.9258,100
ICN,20190823,21.9258,21.9258,21.9258,21.9258,0
ICN,20190826,25.0857,25.0857,25.0857,25.0857,100
ICN,20190827,25.0857,25.0857,25.0857,25.0857,0
ICN,20190828,25.0857,25.0857,25.0857,25.0857,0
ICN,20190829,25.0857,25.0857,25.0857,25.0857,0
ICN,20190830,25.0857,25.0857,25.0857,25.0857,0
ICN,20190903,25.0857,25.0857,25.0857,25.0857,0
ICN,20190904,25.0857,25.0857,25.0857,25.0857,0
ICN,20190905,25.0857,25.0857,25.0857,25.0857,0
ICN,20190906,25.0857,25.0857,25.0857,25.0857,0
ICN,20190909,25.0857,25.0857,25.0857,25.0857,0
ICN,20190910,28.3746,28.3746,28.3746,28.3746,100
ICN,20190911,28.3746,28.3746,28.3746,28.3746,0
ICN,20190912,28.3746,28.3746,28.3746,28.3746,0
ICN,20190913,28.3746,28.3746,28.3746,28.3746,0
ICN,20190916,28.3746,28.3746,28.3746,28.3746,0
ICN,20190917,28.3746,28.3746,28.3746,28.3746,0
ICN,20190918,28.3746,28.3746,28.3746,28.3746,0
ICN,20190919,28.3746,28.3746,28.3746,28.3746,0
ICN,20190920,28.3746,28.3746,28.3746,28.3746,0
ICN,20190923,28.3746,28.3746,28.3746,28.3746,0
ICN,20190924,28.3746,28.3746,28.3746,28.3746,0
ICN,20190925,28.3746,28.3746,28.3746,28.3746,0
ICN,20190926,28.3746,28.3746,28.3746,28.3746,0
ICN,20190927,28.3746,28.3746,28.3746,28.3746,0
ICN,20190930,32.4051,32.4051,32.4051,32.4051,100
ICN,20191001,32.4051,32.4051,32.4051,32.4051,0
ICN,20191002,32.4051,32.4051,32.4051,32.4051,0
ICN,20191003,32.4051,32.4051,32.4051,32.4051,0
ICN,20191004,32.4051,32.4051,32.4051,32.4051,0
ICN,20191007,32.4051,32.4051,32.4051,32.4051,0
ICN,20191008,32.4051,32.4051,32.4051,32.4051,0
ICN,20191009,32.4051,32.4051,32.4051,32.4051,0
ICN,20191010,32.4051,32.4051,32.4051,32.4051,0
ICN,20191011,32.4051,32.4051,32.4051,32.4051,0
ICN,20191014,32.4051,32.4051,32.4051,32.4051,0
ICN,20191015,32.4051,32.4051,32.4051,32.4051,0
ICN,20191016,32.4051,32.4051,32.4051,32.4051,0
ICN,20191017,32.4051,32.4051,32.4051,32.4051,0
ICN,20191018,32.4051,32.4051,32.4051,32.4051,0
ICN,20191021,32.4051,32.4051,32.4051,32.4051,0
ICN,20191022,32.4051,32.4051,32.4051,32.4051,0
ICN,20191023,32.4051,32.4051,32.4051,32.4051,0
ICN,20191024,32.4051,32.4051,32.4051,32.4051,0
ICN,20191025,32.4051,32.4051,32.4051,32.4051,0
ICN,20191028,32.4051,32.4051,32.4051,32.4051,0
ICN,20191029,32.4051,32.4051,32.4051,32.4051,0
ICN,20191030,32.4051,32.4051,32.4051,32.4051,0
ICN,20191031,32.4051,32.4051,32.4051,32.4051,0
ICN,20191101,32.4051,32.4051,32.4051,32.4051,0
ICN,20191104,32.4051,32.4051,32.4051,32.4051,0
ICN,20191105,32.4051,32.4051,32.4051,32.4051,0
ICN,20191106,32.4051,32.4051,32.4051,32.4051,0
ICN,20191107,32.4051,32.4051,32.4051,32.4051,0
ICN,20191108,32.4051,32.4051,32.4051,32.4051,0
ICN,20191111,32.4051,32.4051,32.4051,32.4051,0
ICN,20191112,24.1829,24.1829,19.9912,20.3136,800
ICN,20191113,23.6025,23.6025,23.6025,23.6025,100
ICN,20191114,23.6025,23.6025,23.6025,23.6025,0
ICN,20191115,23.6025,23.6025,23.6025,23.6025,0
ICN,20191118,23.6025,23.6025,23.6025,23.6025,0
ICN,20191119,20.3136,20.3136,20.3136,20.3136,200
ICN,20191120,23.2155,23.2156,23.2155,23.2156,100
ICN,20191121,23.2156,23.2156,23.2156,23.2156,0
ICN,20191122,26.1176,26.1176,26.1175,26.1175,100
ICN,20191125,26.1175,26.1175,26.1175,26.1175,0
ICN,20191126,26.1175,26.1175,26.1175,26.1175,0
ICN,20191127,26.1175,26.1175,26.1175,26.1175,0
ICN,20191128,22.2482,22.2483,22.2482,22.2483,200
ICN,20191129,22.2483,22.2483,22.2483,22.2483,0
ICN,20191202,22.2483,22.2483,22.2483,22.2483,0
ICN,20191203,24.8923,24.8923,24.8923,24.8923,100
ICN,20191204,24.8923,24.8923,24.8923,24.8923,0
ICN,20191205,24.8923,24.8923,24.8923,24.8923,0
ICN,20191206,24.8923,24.8923,24.8923,24.8923,0
ICN,20191209,24.8923,24.8923,24.8923,24.8923,0
ICN,20191210,24.8923,24.8923,24.8923,24.8923,0
ICN,20191211,24.8923,24.8923,24.8923,24.8923,0
ICN,20191212,24.8923,24.8923,24.8923,24.8923,0
ICN,20191213,28.3746,28.3746,28.3746,28.3746,100
ICN,20191216,28.3746,28.3746,28.3746,28.3746,0
ICN,20191217,28.3746,28.3746,28.3746,28.3746,0
ICN,20191218,28.3746,28.3746,28.3746,28.3746,0
ICN,20191219,28.3746,28.3758,28.3746,28.3758,0
ICN,20191220,32.1702,32.1703,32.1702,32.1703,100
ICN,20191223,32.1703,32.1703,32.1703,32.1703,0
ICN,20191224,27.3530,27.3530,27.3530,27.3530,800
ICN,20191225,23.4266,23.4266,23.2616,23.2616,2900
ICN,20191226,23.2946,23.2946,23.2946,23.2946,2
ICN,20191227,23.2946,23.2946,23.2946,23.2946,0
ICN,20191230,19.8301,19.8301,19.8301,19.8301,100
ICN,20191231,22.7667,22.7667,22.7667,22.7667,100
ICN,20200102,26.1652,26.1652,26.1652,26.1652,100
ICN,20200103,26.1652,26.1652,26.1652,26.1652,0
ICN,20200106,26.1652,26.1652,26.1652,26.1652,0
ICN,20200107,26.1652,26.1652,26.1652,26.1652,2
ICN,20200108,26.1652,26.1652,26.1652,26.1652,0
ICN,20200109,26.1652,26.1652,26.1652,26.1652,0
ICN,20200110,22.2718,22.2718,22.2717,22.2717,700
ICN,20200113,22.2717,22.2717,22.2717,22.2717,0
ICN,20200114,22.2717,22.2717,22.2717,22.2717,0
ICN,20200115,21.4468,21.4468,21.4468,21.4468,100
ICN,20200116,21.4468,21.4468,21.4468,21.4468,0
ICN,20200117,21.4468,21.4468,21.4468,21.4468,0
ICN,20200120,21.4468,21.4468,21.4468,21.4468,0
ICN,20200121,21.4468,21.4468,21.4468,21.4468,0
ICN,20200122,21.4468,21.4468,21.4468,21.4468,0
ICN,20200130,24.4164,24.4164,24.4164,24.4164,100
ICN,20200131,24.4164,24.4164,24.4164,24.4164,0
ICN,20200203,27.4190,27.4190,27.4190,27.4190,100
ICN,20200204,27.4190,27.4190,27.4190,27.4190,0
ICN,20200205,27.4190,27.4190,27.4190,27.4190,0
ICN,20200206,23.3276,23.3276,23.3276,23.3276,100
ICN,20200207,19.8301,19.8301,19.8301,19.8301,100
ICN,20200210,19.8631,19.8631,19.8631,19.8631,100
ICN,20200211,19.8631,19.8631,19.8631,19.8631,0
ICN,20200212,19.8631,19.8631,19.8631,19.8631,0
ICN,20200213,19.8631,19.8631,19.8631,19.8631,0
ICN,20200214,16.8935,22.1068,16.8935,22.0738,400
ICN,20200217,19.8631,19.9621,19.7971,19.7971,2300
ICN,20200218,18.1473,22.0408,17.8174,22.0408,6800
ICN,20200219,19.7971,19.9621,18.4773,18.4773,10100
ICN,20200220,21.4469,21.4469,19.7971,21.4468,1400
ICN,20200221,21.7438,21.7438,21.7438,21.7438,100
ICN,20200224,21.7438,21.7438,21.7438,21.7438,0
ICN,20200225,21.7438,21.7438,21.7438,21.7438,0
ICN,20200226,18.5763,18.5763,18.5763,18.5763,100
ICN,20200227,21.3479,21.3479,21.3479,21.3479,100
ICN,20200228,18.1804,18.3453,18.1474,18.3453,2200
ICN,20200302,20.7210,20.7210,20.7210,20.7210,100
ICN,20200303,20.7210,20.7210,20.7210,20.7210,0
ICN,20200304,18.5763,18.5763,18.5763,18.5763,2000
ICN,20200305,18.5763,18.5763,18.5763,18.5763,0
ICN,20200306,18.5763,18.5763,18.5763,18.5763,0
ICN,20200309,21.2819,21.2819,17.6854,17.6854,1700
ICN,20200310,20.7869,20.7869,20.7869,20.7869,100
ICN,20200311,20.7869,20.7869,20.7869,20.7869,0
ICN,20200312,23.7235,23.7235,23.7235,23.7235,100
ICN,20200313,26.7261,26.7261,26.7261,26.7261,100
ICN,20200316,26.7261,26.7261,26.7261,26.7261,0
ICN,20200317,26.7261,26.7261,26.7261,26.7261,0
ICN,20200318,26.7261,26.7261,26.7261,26.7261,0
ICN,20200319,22.7337,22.7337,22.7337,22.7337,100
ICN,20200320,19.3352,19.3352,19.3352,19.3352,200
ICN,20200323,16.4646,19.9621,16.4646,16.4976,1300
ICN,20200324,16.4976,18.1474,14.8478,17.4874,6700
ICN,20200325,17.4874,17.4874,17.4874,17.4874,700
ICN,20200326,17.5204,17.5204,16.4975,17.4874,3300
ICN,20200327,19.0382,19.0382,19.0382,19.0382,100
ICN,20200330,19.0382,19.0382,19.0382,19.0382,0
ICN,20200331,19.0382,19.0382,19.0382,19.0382,0
ICN,20200401,17.8174,17.8174,17.6524,17.6524,1200
ICN,20200403,17.4874,17.4874,17.4874,17.4874,100
ICN,20200406,15.5077,17.9824,15.5077,17.9824,2800
ICN,20200407,17.7514,17.7514,16.8275,16.8275,900
ICN,20200408,17.1575,17.1575,16.4975,16.8275,1300
ICN,20200409,17.5534,17.6524,17.5204,17.6524,2000
ICN,20200410,17.8174,17.8174,17.8174,17.8174,900
ICN,20200413,17.4874,17.4874,17.4874,17.4874,900
ICN,20200414,18.3123,19.9621,18.3123,19.9621,700
ICN,20200415,19.5002,19.5002,19.5001,19.5001,0
ICN,20200416,19.5001,19.5001,19.5001,19.5001,0
ICN,20200417,19.5001,19.5001,19.5001,19.5001,200
ICN,20200420,19.5001,19.5001,19.5001,19.5001,0
ICN,20200421,19.4341,19.5001,19.4341,19.5001,2800
ICN,20200422,20.4240,20.4240,20.4240,20.4240,100
ICN,20200423,22.4367,22.4367,22.4367,22.4367,300
ICN,20200424,22.4367,22.4367,22.4367,22.4367,0
ICN,20200427,22.4367,22.4367,22.4367,22.4367,0
ICN,20200428,22.4367,22.4367,22.4367,22.4367,0
ICN,20200429,22.4367,22.4367,22.4367,22.4367,0
ICN,20200504,22.4367,22.4367,22.4367,22.4367,0
ICN,20200505,22.4367,22.4367,22.4367,22.4367,0
ICN,20200506,22.4367,22.4367,22.4367,22.4367,0
ICN,20200507,20.4570,20.4570,19.7971,20.1270,300
ICN,20200508,20.1270,20.1270,20.1270,20.1270,0
ICN,20200511,20.1270,20.1270,20.1270,20.1270,200
ICN,20200512,20.1270,20.1270,20.1270,20.1270,200
ICN,20200513,22.7666,22.7667,22.7666,22.7667,100
ICN,20200514,20.1271,20.1271,20.1270,20.1270,100
ICN,20200515,20.1270,20.1270,20.1270,20.1270,0
ICN,20200518,20.1270,20.1270,20.1270,20.1270,0
ICN,20200519,19.7970,20.1270,19.7970,20.1270,300
ICN,20200520,20.0280,20.0281,20.0280,20.0281,0
ICN,20200521,20.0281,20.0281,20.0281,20.0281,0
ICN,20200522,20.0281,20.0281,20.0281,20.0281,0
ICN,20200525,22.0408,22.0408,22.0408,22.0408,100
ICN,20200526,22.0408,22.0408,22.0408,22.0408,0
ICN,20200527,22.0408,22.0408,22.0408,22.0408,0
ICN,20200528,25.2413,25.3403,24.7464,24.7464,400
ICN,20200529,21.2819,21.2819,21.2819,21.2819,500
ICN,20200601,21.2819,21.7108,21.2819,21.7108,700
ICN,20200602,24.5814,24.5814,24.5484,24.5484,4000
ICN,20200603,25.0763,26.0662,24.5814,25.7362,2000
ICN,20200604,25.7362,26.0662,25.2413,25.9012,4300
ICN,20200605,26.7261,26.7261,26.0662,26.0662,1000
ICN,20200608,27.5510,27.5510,26.4951,26.6931,2400
ICN,20200609,26.8251,26.8251,26.8251,26.8251,0
ICN,20200610,26.8251,26.8251,26.8251,26.8251,0
ICN,20200611,23.1956,23.4266,23.1956,23.4266,1100
ICN,20200612,23.1626,23.1626,21.4798,21.4798,1200
ICN,20200615,22.4367,22.4367,21.1498,21.1499,300
ICN,20200616,24.6804,24.6804,24.6804,24.6804,200
ICN,20200617,21.1169,22.1068,21.1169,22.1067,300
ICN,20200618,21.4468,21.4468,19.7970,19.7971,998
ICN,20200619,23.7565,23.7565,23.7565,23.7565,102
ICN,20200622,23.7565,23.7565,23.7565,23.7565,0
ICN,20200623,23.7565,23.7565,23.7565,23.7565,300
ICN,20200624,26.9900,26.9900,26.9900,26.9900,100
ICN,20200625,26.9900,26.9908,26.9900,26.9908,0
ICN,20200626,26.9908,26.9908,26.9908,26.9908,0
ICN,20200629,26.9908,26.9908,26.9908,26.9908,0
ICN,20200630,23.2230,23.2230,22.9490,22.9490,400
ICN,20200701,24.6274,24.6274,20.9966,20.9966,400
ICN,20200702,23.8738,23.8738,22.2639,22.2640,200
ICN,20200703,23.0861,23.0861,23.0860,23.0860,0
ICN,20200706,23.0860,23.0860,23.0860,23.0860,0
ICN,20200707,23.0860,23.0860,23.0860,23.0860,0
ICN,20200708,23.0860,23.0860,23.0860,23.0860,0
ICN,20200709,23.0860,23.0860,23.0860,23.0860,0
ICN,20200710,23.0860,23.0860,23.0860,23.0860,0
ICN,20200713,26.3742,26.3742,26.3742,26.3742,100
ICN,20200714,26.3742,26.3742,26.3742,26.3742,0
ICN,20200715,26.3742,26.3742,26.3742,26.3742,0
ICN,20200716,26.3742,26.3742,26.3742,26.3742,0
ICN,20200717,26.3742,26.3742,26.3742,26.3742,0
ICN,20200720,26.3742,26.3742,26.3742,26.3742,0
ICN,20200721,26.3742,26.3742,26.3742,26.3742,0
ICN,20200722,26.3742,26.3742,26.3742,26.3742,0
ICN,20200723,26.3742,26.3742,26.3742,26.3742,0
ICN,20200724,26.3742,26.3742,26.3742,26.3742,0
ICN,20200727,26.3742,26.3742,26.3742,26.3742,0
ICN,20200728,26.3742,26.3742,26.3742,26.3742,0
ICN,20200729,22.4352,25.6892,22.4352,25.6892,900
ICN,20200730,24.5931,24.5931,24.5931,24.5931,0
ICN,20200731,24.5931,24.5931,24.5931,24.5931,0
ICN,20200803,24.5931,24.5931,24.5931,24.5931,0
ICN,20200804,24.5931,24.5931,24.5931,24.5931,0
ICN,20200805,24.5931,24.5931,24.5931,24.5931,0
ICN,20200806,24.4903,24.4904,24.4903,24.4904,200
ICN,20200807,23.6341,24.3191,23.6341,24.3191,300
ICN,20200810,23.9766,23.9766,23.9766,23.9766,200
ICN,20200811,23.9766,23.9766,23.9766,23.9766,0
ICN,20200812,23.9766,23.9766,23.9766,23.9766,1408
ICN,20200813,23.9766,23.9766,23.9766,23.9766,0
ICN,20200814,21.0652,25.1412,21.0652,25.1412,3700
ICN,20200817,24.7987,24.7987,24.7986,24.7986,100
ICN,20200818,24.7986,24.7986,24.7986,24.7986,0
ICN,20200819,24.7986,24.7986,24.7986,24.7986,0
ICN,20200820,28.0868,28.0869,28.0868,28.0869,100
ICN,20200821,28.0869,28.0869,28.0869,28.0869,0
ICN,20200824,28.0869,28.0869,28.0869,28.0869,0
ICN,20200825,28.0869,28.0869,28.0869,28.0869,0
ICN,20200826,28.0869,28.0869,28.0869,28.0869,0
ICN,20200827,23.8739,23.8739,23.8738,23.8738,500
ICN,20200828,23.6340,23.6341,23.6340,23.6341,900
ICN,20200831,24.3191,24.3191,24.3191,24.3191,600
ICN,20200901,24.3191,24.3191,24.3191,24.3191,0
ICN,20200903,24.3191,24.3191,24.3191,24.3191,0
ICN,20200904,24.3191,24.3191,24.3191,24.3191,1
ICN,20200907,24.3191,24.3191,24.3191,24.3191,0
ICN,20200908,24.3191,24.3191,24.3191,24.3191,0
ICN,20200909,21.4419,25.0042,21.4419,25.0042,2500
ICN,20200910,25.3467,28.0869,25.3467,28.0869,11351
ICN,20200911,28.7719,30.8271,26.8196,30.4845,18250
ICN,20200914,33.2247,34.2523,33.2247,34.2523,10106
ICN,20200915,32.5397,33.9098,28.9432,33.9097,4730
ICN,20200916,32.8821,33.0191,28.0868,30.8270,2620
ICN,20200917,31.2723,31.2723,28.4293,30.7928,4050
ICN,20200918,31.0326,31.0326,29.6625,29.6625,2710
ICN,20200921,30.4161,32.1629,29.7995,31.7861,6700
ICN,20200922,31.7861,31.7861,30.9298,31.7861,6423
ICN,20200923,31.5121,32.5396,31.3408,31.7861,4310
ICN,20200924,31.9505,35.5675,31.9505,35.5675,4350
ICN,20200925,36.1155,36.1155,34.5262,35.6224,700
ICN,20200928,32.8822,33.1562,32.8822,32.8822,1560
ICN,20200929,30.1420,30.1420,30.1420,30.1420,2500
ICN,20200930,32.8822,32.8822,30.1420,30.1420,1900
ICN,20201001,30.1420,32.8822,29.8680,30.1968,8300
ICN,20201002,29.8680,30.1420,29.8680,29.8680,1030
ICN,20201005,29.9228,29.9228,29.9228,29.9228,0
ICN,20201006,30.1420,30.1420,29.9776,29.9776,1100
ICN,20201007,30.1420,30.1420,30.1420,30.1420,0
ICN,20201008,30.1420,30.1420,30.1420,30.1420,0
ICN,20201009,30.1420,30.1420,30.1420,30.1420,0
ICN,20201012,27.5114,27.5114,27.5114,27.5114,100
ICN,20201013,27.6758,27.7854,27.6758,27.7854,300
ICN,20201014,28.0046,28.0046,27.8402,27.8402,1000
ICN,20201015,27.8950,27.8950,27.8950,27.8950,200
ICN,20201016,27.9498,28.4979,27.9498,28.4979,1000
ICN,20201019,29.0459,29.0459,28.6075,29.0459,600
ICN,20201020,29.0459,29.0459,28.9911,28.9911,0
ICN,20201021,29.0459,29.5940,29.0459,29.5940,700
ICN,20201022,29.1556,29.1556,29.1007,29.1007,800
ICN,20201023,29.1007,29.1007,29.1007,29.1007,0
ICN,20201026,29.1007,29.1007,29.1007,29.1007,0
ICN,20201027,30.1420,30.2516,30.1420,30.2516,1900
ICN,20201028,30.1968,30.1968,30.1420,30.1420,4890
ICN,20201029,30.1968,30.1968,30.1968,30.1968,54
ICN,20201030,30.1968,30.1968,30.1968,30.1968,60
ICN,20201102,30.1968,30.1968,30.1968,30.1968,0
ICN,20201103,27.6758,28.7171,27.6758,28.7171,860
ICN,20201104,27.8402,27.8402,27.8402,27.8402,0
ICN,20201105,27.8402,27.8402,27.8402,27.8402,15
ICN,20201106,28.1690,28.4979,28.1142,28.4979,720
ICN,20201109,28.2787,28.4979,28.1691,28.2239,2911
ICN,20201110,28.2787,28.2787,28.1691,28.1691,2120
ICN,20201111,24.0040,28.3335,24.0040,28.3335,2600
ICN,20201112,28.1691,28.1691,28.0595,28.0595,6350
ICN,20201113,28.2239,28.4979,28.2239,28.4979,2200
ICN,20201116,28.2239,28.2239,28.2239,28.2239,10190
ICN,20201117,28.2787,28.3335,28.2239,28.3335,1940
ICN,20201118,28.3335,28.3335,28.3335,28.3335,0
ICN,20201119,28.4979,29.1556,28.4979,29.1555,1685
ICN,20201120,29.3199,29.3199,29.3199,29.3199,100
ICN,20201123,24.9356,29.5939,24.9356,28.2239,500
ICN,20201124,29.0460,29.0460,28.4979,28.4979,2400
ICN,20201125,28.8815,29.0459,28.8815,29.0459,300
ICN,20201126,28.9911,29.1555,28.2238,29.1555,3500
ICN,20201127,29.3199,29.5391,29.0459,29.0459,7000
ICN,20201130,29.5939,30.1420,29.5939,30.1420,3900
ICN,20201201,29.6488,30.6900,29.6488,30.1420,1800
ICN,20201202,30.1968,31.5121,30.1968,31.5121,4800
ICN,20201203,31.2381,31.2381,31.2381,31.2381,1500
ICN,20201204,31.2381,32.3342,30.9641,32.3341,4540
ICN,20201207,31.2928,32.8822,31.2928,32.8822,3137
ICN,20201208,32.4438,33.9783,32.4438,33.1562,1919
ICN,20201209,33.7042,35.6224,33.7042,35.6224,3400
ICN,20201210,37.5405,37.5405,35.6224,35.6224,900
ICN,20201211,31.4573,37.1569,31.4573,35.6772,3150
ICN,20201214,35.7320,35.7320,35.6224,35.6224,3100
ICN,20201215,31.1833,31.9506,31.1833,31.9505,2100
ICN,20201216,33.3754,33.9782,33.3754,33.9782,5252
ICN,20201217,33.9782,34.0330,33.9782,33.9782,2373
ICN,20201218,33.9234,35.5675,33.9234,34.9099,1140
ICN,20201221,35.6223,35.6224,35.6223,35.6224,3481
ICN,20201222,36.7533,36.7533,36.4706,36.7516,1946
ICN,20201223,36.7516,36.7516,36.4689,36.7516,5400
ICN,20201224,36.7516,36.7516,36.4689,36.7516,5200
ICN,20201225,36.7516,36.7516,35.9600,35.9600,1980
ICN,20201228,36.7516,36.7516,36.4689,36.4689,300
ICN,20201229,36.4689,36.7516,36.4689,36.7516,3184
ICN,20201230,36.4689,36.4689,36.4689,36.4689,0
ICN,20201231,31.2106,36.4689,31.2106,36.4689,300
ICN,20210104,36.4689,36.4689,34.2638,34.2638,0
ICN,20210105,36.1862,36.1862,36.1862,36.1862,502
ICN,20210106,36.7516,36.7516,36.7516,36.7516,200
ICN,20210107,36.7516,37.0343,31.7760,34.0376,2000
ICN,20210108,33.7549,36.7516,33.7549,36.7516,300
ICN,20210111,36.7516,36.7516,32.2849,36.7516,2700
ICN,20210112,36.6385,36.7516,36.6385,36.7516,900
ICN,20210113,32.5676,35.0554,32.5676,35.0554,500
ICN,20210114,34.7727,36.7516,34.7727,36.7516,1951
ICN,20210115,36.7516,36.7516,36.2427,36.2427,1309
ICN,20210118,36.6950,36.7516,36.6950,36.7516,700
ICN,20210119,36.8081,36.8647,36.4689,36.7516,4500
ICN,20210120,36.7516,37.3170,36.6385,37.3170,3500
ICN,20210121,36.8081,36.8081,36.2993,36.7516,9800
ICN,20210122,36.7516,36.7516,36.6950,36.6950,500
ICN,20210125,36.7515,36.7516,36.7515,36.7516,400
ICN,20210126,37.2605,37.2605,36.7516,36.7516,1800
ICN,20210127,37.1474,37.1474,36.7516,36.7516,2060
ICN,20210128,36.7516,36.7516,33.0764,33.0764,200
ICN,20210129,33.1329,36.7516,33.1329,36.7516,200
ICN,20210201,36.7516,36.7516,34.9423,34.9423,0
ICN,20210202,38.7305,38.7305,29.9667,29.9667,300
ICN,20210203,36.7516,36.7516,34.6596,36.7516,920
ICN,20210204,37.3170,37.3170,37.3170,37.3170,300
ICN,20210205,33.9811,37.3170,33.9811,37.3170,1300
ICN,20210208,37.3170,37.3170,36.9212,36.9212,0
ICN,20210209,31.4367,37.3170,31.4367,37.3170,500
ICN,20210217,32.0022,37.3170,32.0022,37.3170,5300
ICN,20210218,37.3170,37.8824,37.3170,37.8824,1000
ICN,20210219,37.2605,39.5786,37.2605,38.4478,7400
ICN,20210222,38.4478,39.5786,38.4478,39.5786,200
ICN,20210223,34.2638,39.5786,34.2638,39.5786,1400
ICN,20210224,39.2959,39.8613,35.6207,39.8613,1810
ICN,20210225,42.1229,42.1229,38.6739,38.6740,1900
ICN,20210226,39.4656,40.4268,39.4656,40.4267,300
ICN,20210301,34.0941,40.1440,34.0941,40.1440,420
ICN,20210302,39.1263,39.1263,39.1263,39.1263,100
ICN,20210303,33.9811,40.7094,33.9811,38.7305,1900
ICN,20210304,40.4267,40.4267,38.7305,38.7305,5730
ICN,20210305,38.7870,39.5221,38.7305,39.5221,4700
ICN,20210308,39.4656,42.1230,39.4656,42.1230,200
ICN,20210309,40.7095,40.7095,40.7094,40.7094,100
ICN,20210310,34.6030,40.7094,34.6030,39.1828,400
ICN,20210311,35.9600,42.3491,35.9600,39.0132,800
ICN,20210312,33.2460,41.2748,33.2460,39.6352,700
ICN,20210315,39.5787,39.5787,39.5786,39.5786,1000
ICN,20210316,35.3946,39.5221,35.3946,39.5221,300
ICN,20210317,32.4545,40.7095,32.4545,40.7094,400
ICN,20210318,34.0376,39.1263,34.0376,39.0132,600
ICN,20210319,33.2460,39.5221,33.2460,39.0132,300
ICN,20210322,39.6351,39.6351,39.4090,39.4090,1600
ICN,20210323,39.6352,40.7094,39.5786,39.5786,1441
ICN,20210324,39.6351,39.6917,36.8646,39.6917,2106
ICN,20210325,40.5964,40.5964,39.1828,39.1828,300
ICN,20210326,34.6030,39.5786,34.6030,39.5786,800
ICN,20210329,33.3591,39.5786,33.3591,39.5786,4600
ICN,20210330,42.2926,42.2926,39.2959,39.2959,1200
ICN,20210331,40.4267,40.4267,40.4267,40.4267,100
ICN,20210401,39.5786,41.6141,39.5786,39.7482,8360
ICN,20210402,39.6351,39.6351,39.5786,39.5786,7400
ICN,20210405,39.5786,39.5786,39.0132,39.1828,4300
ICN,20210406,39.0697,39.5786,39.0697,39.5786,1070
ICN,20210407,39.5786,39.5786,39.3524,39.5786,1600
ICN,20210408,39.5786,40.2571,39.5786,40.1440,1900
ICN,20210409,42.3491,42.3491,42.3491,42.3491,100
ICN,20210412,47.4378,47.4378,39.6351,39.9744,1800
ICN,20210413,48.5686,48.5686,40.8225,41.2749,700
ICN,20210414,41.5576,46.3070,41.5576,41.5576,900
ICN,20210415,42.6319,42.6319,42.6318,42.6318,0
ICN,20210416,39.6917,40.3136,39.6917,40.2571,1900
ICN,20210419,40.2571,40.2571,40.0875,40.1440,1300
ICN,20210420,45.1761,45.1761,42.4056,42.4057,2600
ICN,20210422,40.7095,40.7095,39.5786,39.5786,3600
ICN,20210423,39.0132,39.2959,39.0132,39.2959,1500
ICN,20210426,42.2926,42.2926,39.6351,39.6352,1900
ICN,20210427,39.8048,41.9534,39.7482,39.7482,2800
ICN,20210428,34.7726,40.1440,34.7726,40.1440,1646
ICN,20210429,40.3136,40.3702,40.3136,40.3702,3100
ICN,20210504,39.5786,40.7094,35.3381,40.7094,4100
ICN,20210505,40.2005,40.9921,40.2005,40.9921,2309
ICN,20210506,40.4267,40.7094,40.4267,40.7094,5200
ICN,20210507,39.6351,40.5963,39.6351,39.6352,1900
ICN,20210510,39.7483,39.7483,39.7482,39.7482,0
ICN,20210511,39.7482,39.7482,39.6351,39.6352,1900
ICN,20210512,40.7095,40.7095,40.7094,40.7094,1800
ICN,20210513,39.8613,39.8613,39.8613,39.8613,2400
ICN,20210514,44.8934,44.8934,42.3491,42.3491,1000
ICN,20210517,42.6356,42.9222,42.6356,42.9208,16
ICN,20210518,41.7174,41.7175,41.7174,41.7175,200
ICN,20210519,41.7175,41.7175,40.6860,40.9725,1800
ICN,20210520,41.4309,41.4309,41.4309,41.4309,0
ICN,20210521,41.4309,41.4309,41.4309,41.4309,0
ICN,20210524,41.4309,41.4309,41.4309,41.4309,0
ICN,20210525,39.8837,39.8837,39.8837,39.8837,1500
ICN,20210526,41.7747,41.7748,41.7747,41.7748,109
ICN,20210527,39.8838,40.9725,39.7118,39.7118,2100
ICN,20210528,39.5399,39.5399,39.5399,39.5399,2700
ICN,20210531,39.5399,39.5399,39.5399,39.5399,0
ICN,20210601,40.1129,40.1129,39.7118,39.7118,1725
ICN,20210602,40.0556,40.1129,40.0556,40.0556,600
ICN,20210603,39.5972,39.8264,39.5972,39.8264,1700
ICN,20210604,40.0556,40.0556,39.5972,39.5972,300
ICN,20210607,39.6545,40.0556,39.6545,40.0556,1740
ICN,20210608,40.1129,40.1129,39.7118,39.7118,3600
ICN,20210609,39.5399,39.5399,39.5399,39.5399,1500
ICN,20210610,39.4253,39.4253,39.4253,39.4253,200
ICN,20210611,39.5972,39.5972,39.5972,39.5972,1600
ICN,20210614,39.6545,39.6545,39.6545,39.6545,1500
ICN,20210615,39.6545,40.2275,39.6545,40.2275,8500
ICN,20210616,45.9006,45.9006,42.9781,42.9781,200
ICN,20210617,42.9781,44.4681,42.9781,44.4681,0
ICN,20210618,44.4681,44.4681,44.4681,44.4681,0
ICN,20210621,44.4681,44.4681,39.9410,39.9410,1900
ICN,20210622,40.0556,40.0556,40.0556,40.0556,0
ICN,20210623,40.0556,40.0556,40.0556,40.0556,10
ICN,20210624,40.0556,40.0556,40.0556,40.0556,0
ICN,20210625,40.0556,40.0556,40.0556,40.0556,0
ICN,20210628,40.0556,40.0556,40.0556,40.0556,25
ICN,20210629,40.0556,40.0556,39.9410,39.9410,15
ICN,20210630,40.1129,40.1129,40.1129,40.1129,100
ICN,20210701,40.1129,40.1129,40.1129,40.1129,1000
ICN,20210702,45.2130,45.2130,45.2130,45.2130,100
ICN,20210705,39.8837,39.9410,39.8837,39.8837,600
ICN,20210706,39.8837,39.9410,39.8837,39.8837,4900
ICN,20210707,38.3938,38.3938,38.2792,38.2792,1500
ICN,20210708,40.6287,40.6287,40.1129,40.1129,5900
ICN,20210709,40.1129,40.1129,39.9410,40.1129,4200
ICN,20210712,40.1129,40.1129,40.1129,40.1129,300
ICN,20210713,40.1129,40.1129,40.1129,40.1129,4800
ICN,20210714,40.1702,40.1702,39.8264,40.1129,2100
ICN,20210715,34.9555,40.1129,34.9555,39.0242,4000
ICN,20210716,37.3624,38.5658,37.3624,38.5657,1900
ICN,20210719,37.8781,40.9152,37.8781,40.9152,2100
ICN,20210720,41.8321,42.2905,41.1444,41.1444,1700
ICN,20210721,41.1731,45.3018,41.1731,45.2703,100
ICN,20210722,45.2703,45.2703,45.2703,45.2703,0
ICN,20210723,49.6397,49.6398,49.6397,49.6398,100
ICN,20210726,42.2619,42.8349,42.2618,42.2618,3800
ICN,20210727,42.2618,42.4767,42.2618,42.4767,0
ICN,20210728,40.6859,40.6859,40.6143,40.6143,500
ICN,20210729,40.4710,40.6859,38.9668,38.9669,4400
ICN,20210730,39.3967,39.3967,39.3966,39.3966,600
ICN,20210802,39.3966,39.3966,39.3966,39.3966,200
ICN,20210803,39.3966,40.4711,39.3966,40.4711,100
ICN,20210804,40.4711,40.4711,40.4711,40.4711,100
ICN,20210805,40.4711,40.4711,40.1129,40.1129,800
ICN,20210806,40.1129,40.1129,39.3966,39.3966,1000
ICN,20210809,40.4711,40.4711,40.4711,40.4711,200
ICN,20210810,35.9584,45.4852,35.9584,45.4852,300
ICN,20210811,42.3335,42.3335,42.3335,42.3335,0
ICN,20210812,42.3335,42.3335,42.3335,42.3335,0
ICN,20210813,42.3335,42.3335,42.3335,42.3335,0
ICN,20210816,42.3335,42.3335,42.3335,42.3335,0
ICN,20210817,40.5427,40.5427,40.5427,40.5427,1100
ICN,20210818,40.5427,40.5427,40.5427,40.5427,0
ICN,20210819,40.5427,40.5427,40.5427,40.5427,0
ICN,20210820,40.5427,40.5427,39.3966,39.3966,1000
ICN,20210823,39.3966,39.3966,39.3966,39.3966,0
ICN,20210824,39.3966,39.3966,39.3966,39.3966,0
ICN,20210825,39.3966,39.3966,39.3966,39.3966,100
ICN,20210826,39.3966,39.3966,39.3966,39.3966,0
ICN,20210827,40.1129,40.1129,40.1129,40.1129,1000
ICN,20210830,40.1129,40.1129,40.1129,40.1129,0
ICN,20210831,40.1129,40.1129,40.1129,40.1129,0
ICN,20210901,40.1129,40.1129,40.1129,40.1129,0
ICN,20210906,40.1129,40.1129,40.1129,40.1129,0
ICN,20210907,40.0413,40.0413,40.0413,40.0413,100
ICN,20210908,40.0413,40.0413,40.0413,40.0413,0
ICN,20210909,40.0413,40.0413,40.0413,40.0413,0
ICN,20210910,42.2618,42.2618,42.2618,42.2618,100
ICN,20210913,41.6888,41.6888,41.6888,41.6888,2000
ICN,20210914,41.6888,41.6888,41.6888,41.6888,0
ICN,20210915,41.6888,41.6888,41.6888,41.6888,0
ICN,20210916,39.8264,41.6172,39.8264,41.6172,1200
ICN,20210917,42.2619,42.2619,42.2618,42.2618,1000
ICN,20210920,42.2618,42.2618,42.2618,42.2618,0
ICN,20210921,39.8264,39.8264,39.8264,39.8264,1000
ICN,20210922,39.8264,41.4739,39.8264,41.4739,600
ICN,20210923,41.5455,41.5455,41.5455,41.5455,100
ICN,20210924,41.4739,41.4739,41.4739,41.4739,100
ICN,20210927,41.4739,41.4739,41.4739,41.4739,0
ICN,20210928,41.4739,41.4739,41.4739,41.4739,0
ICN,20210929,41.4739,41.4739,41.4739,41.4739,0
ICN,20210930,41.4739,41.4739,41.4739,41.4739,0
ICN,20211001,40.8292,42.6200,40.8292,42.1902,3300
ICN,20211004,41.4023,42.5484,41.4023,42.5484,1600
ICN,20211005,41.9754,41.9754,41.9753,41.9753,1100
ICN,20211006,41.9753,41.9753,41.9753,41.9753,0
ICN,20211007,42.4767,42.4767,42.4767,42.4767,300
ICN,20211008,40.8292,42.6200,40.8292,42.6200,1400
ICN,20211011,42.6200,42.6200,42.2618,42.2618,0
ICN,20211012,36.5314,42.9781,36.5314,42.9781,8100
ICN,20211013,42.9781,42.9781,42.9781,42.9781,4600
ICN,20211014,41.5455,43.6944,41.5455,43.6944,6200
ICN,20211015,43.6944,43.6944,43.1214,43.1214,0
ICN,20211018,46.5597,46.5597,46.5597,46.5597,200
ICN,20211019,43.1214,43.1214,43.1214,43.1214,100
ICN,20211020,43.5512,43.5512,43.5512,43.5512,1200
ICN,20211021,44.4108,44.4108,43.1214,44.4108,700
ICN,20211022,42.9782,43.6945,42.9782,43.6944,9500
ICN,20211025,46.2015,46.2015,46.1298,46.1299,1300
ICN,20211026,46.1299,46.2015,46.1299,46.2015,1100
ICN,20211027,46.2015,46.5597,44.8405,46.5597,8500
ICN,20211028,48.0378,48.0378,47.2966,47.2966,200
ICN,20211029,46.5576,46.5576,46.5576,46.5576,2900
ICN,20211101,44.4145,46.5576,44.3406,44.3406,3500
ICN,20211102,44.3406,46.5576,44.1928,46.5576,3200
ICN,20211103,46.2620,46.2620,46.2620,46.2620,0
ICN,20211104,45.8186,46.5576,45.8186,46.5576,2200
ICN,20211105,45.8186,45.8186,45.8186,45.8186,0
ICN,20211108,45.8186,45.8186,45.8186,45.8186,200
ICN,20211109,48.7746,52.1002,48.7746,51.7306,19900
ICN,20211110,51.7306,51.7306,51.3611,51.3611,0
ICN,20211111,51.7306,51.7306,51.3611,51.3611,5200
ICN,20211112,46.5575,51.7306,46.5575,51.7306,2400
ICN,20211115,52.3218,54.6867,50.9916,54.6867,6900
ICN,20211116,51.8785,51.9524,51.8784,51.8784,2300
ICN,20211117,53.4303,53.4304,53.4303,53.4304,100
ICN,20211118,52.4697,52.4697,52.4697,52.4697,100
ICN,20211119,53.2826,54.3172,53.2826,53.9477,2611
ICN,20211122,54.3172,54.3172,54.3172,54.3172,2000
ICN,20211123,54.3172,54.6867,54.3172,54.6867,1000
ICN,20211124,57.2732,57.2732,57.2732,57.2732,100
ICN,20211125,58.0122,58.0122,48.7746,58.0122,1100
ICN,20211126,58.0122,58.0122,58.0122,58.0122,0
ICN,20211129,58.0122,58.0122,58.0122,58.0122,0
ICN,20211130,58.0122,58.0122,58.0122,58.0122,0
ICN,20211201,58.0122,58.0122,58.0122,58.0122,0
ICN,20211202,58.0122,58.0122,58.0122,58.0122,0
ICN,20211203,56.1647,56.1647,49.3658,56.1647,3000
ICN,20211206,56.1647,56.1647,56.1647,56.1647,0
ICN,20211207,56.1647,56.1647,56.1647,56.1647,0
ICN,20211208,56.1647,56.1647,56.1647,56.1647,0
ICN,20211209,56.1647,56.1647,56.1647,56.1647,0
ICN,20211210,56.1647,56.1647,56.1647,56.1647,0
ICN,20211213,52.4697,52.4697,52.4697,52.4697,2000
ICN,20211214,59.2686,59.2686,59.2685,59.2685,100
ICN,20211215,59.2685,59.2685,59.2685,59.2685,0
ICN,20211216,59.2685,59.2685,59.2685,59.2685,0
ICN,20211217,54.0215,54.0955,54.0215,54.0955,700
ICN,20211220,60.9683,60.9683,60.9683,60.9683,1300
ICN,20211221,60.9683,60.9683,60.9683,60.9683,0
ICN,20211222,60.9683,60.9683,60.9683,60.9683,0
ICN,20211223,54.3172,54.3172,54.3172,54.3172,900
ICN,20211224,54.3911,54.3911,54.3911,54.3911,300
ICN,20211227,54.3172,54.3172,54.3172,54.3172,2000
ICN,20211228,54.6867,54.6867,54.6867,54.6867,500
ICN,20211229,54.6867,54.7606,54.6867,54.7606,600
ICN,20211230,54.7606,54.7606,54.7606,54.7606,0
ICN,20211231,54.7606,54.7606,54.7606,54.7606,0
ICN,20220104,55.4257,55.4257,55.4257,55.4257,600
ICN,20220105,57.6427,57.6427,57.6427,57.6427,300
ICN,20220106,57.6427,57.6427,57.6427,57.6427,0
ICN,20220107,58.3817,58.3817,58.3817,58.3817,301
ICN,20220110,58.3817,58.3817,58.3817,58.3817,0
ICN,20220111,58.3817,58.3817,58.3817,58.3817,0
ICN,20220112,57.6427,58.3817,57.6427,58.3817,600
ICN,20220113,58.7512,58.7512,58.7512,58.7512,400
ICN,20220114,59.4902,59.4902,59.4902,59.4902,200
ICN,20220117,50.6221,60.5988,50.6221,60.5988,600
ICN,20220118,60.5988,60.5988,58.9729,58.9729,0
ICN,20220119,52.4696,52.4697,52.4696,52.4697,100
ICN,20220120,52.4697,52.4697,52.4697,52.4697,0
ICN,20220121,52.4697,52.4697,52.4697,52.4697,0
ICN,20220124,52.4697,52.4697,52.4697,52.4697,5
ICN,20220125,52.4697,52.4697,52.4697,52.4697,0
ICN,20220126,52.4697,52.4697,52.4697,52.4697,0
ICN,20220127,55.4257,55.4257,55.4257,55.4257,300
ICN,20220128,55.4257,55.4257,55.4257,55.4257,0
ICN,20220207,63.7026,63.7026,63.7026,63.7026,100
ICN,20220208,63.7026,63.7026,63.7026,63.7026,0
ICN,20220209,54.1694,61.3378,54.1694,61.1900,400
ICN,20220210,49.5136,55.2779,49.5136,55.2779,300
ICN,20220211,53.3565,53.3565,53.3565,53.3565,0
ICN,20220214,53.3565,53.3565,53.3565,53.3565,0
ICN,20220215,53.3565,53.3565,53.3565,53.3565,0
ICN,20220216,56.1647,56.1647,56.1647,56.1647,100
ICN,20220217,56.1647,56.1647,56.1647,56.1647,0
ICN,20220218,56.1647,56.1647,56.1647,56.1647,0
ICN,20220221,56.1647,56.1647,56.1647,56.1647,0
ICN,20220222,56.1647,56.1647,56.1647,56.1647,0
ICN,20220223,56.1647,56.1647,56.1647,56.1647,0
ICN,20220224,55.4257,58.3817,49.3658,58.3817,1100
ICN,20220225,56.9037,56.9037,56.8298,56.8298,1100
ICN,20220228,56.8298,56.8298,56.8298,56.8298,0
ICN,20220301,56.9037,62.8158,56.9037,62.8158,4500
ICN,20220302,59.6381,59.6381,59.6380,59.6380,75
ICN,20220303,59.6380,59.6380,59.6380,59.6380,0
ICN,20220304,59.6380,59.6380,59.6380,59.6380,0
ICN,20220307,59.6380,59.6380,59.6380,59.6380,0
ICN,20220308,59.6380,59.6380,59.6380,59.6380,0
ICN,20220309,58.3817,58.3817,58.3817,58.3817,500
ICN,20220310,58.3817,58.3817,58.3817,58.3817,0
ICN,20220311,58.3817,62.8158,58.3817,58.7512,1600
ICN,20220314,55.4996,55.6474,55.4996,55.6474,500
ICN,20220315,59.1207,59.1207,59.1207,59.1207,100
ICN,20220316,59.1207,59.1207,59.1207,59.1207,55
ICN,20220317,59.1207,59.1207,59.1207,59.1207,0
ICN,20220318,59.1207,59.1207,59.1207,59.1207,100
ICN,20220321,59.1207,59.1207,59.1207,59.1207,0
ICN,20220322,59.1207,59.1207,59.1207,59.1207,1300
ICN,20220323,59.1207,59.1207,59.1207,59.1207,0
ICN,20220324,59.1207,59.1207,59.1207,59.1207,0
ICN,20220325,59.1207,59.1207,59.1207,59.1207,2000
ICN,20220328,59.1207,59.1207,59.1207,59.1207,0
ICN,20220329,59.1207,59.1207,59.1207,59.1207,0
ICN,20220330,62.8157,62.8157,61.4855,61.4856,2500
ICN,20220331,61.9290,63.5548,61.9290,61.9290,2920
ICN,20220401,62.0768,62.0768,62.0768,62.0768,500
ICN,20220404,62.0768,62.0768,62.0768,62.0768,0
ICN,20220405,62.0768,65.4023,62.0768,65.4023,1972
ICN,20220406,63.7765,63.7765,63.7765,63.7765,28
ICN,20220407,65.4023,65.4023,65.4023,65.4023,200
ICN,20220408,59.1946,66.5108,59.1946,66.5108,5300
ICN,20220412,56.1647,64.9589,56.1647,62.9636,2400
ICN,20220413,58.2339,58.2339,58.2339,58.2339,0
ICN,20220414,59.8597,63.9243,59.8597,63.9243,1300
ICN,20220415,66.5108,66.5108,66.5108,66.5108,200
ICN,20220418,61.7072,61.7073,61.7072,61.7073,100
ICN,20220419,62.0768,62.0768,62.0768,62.0768,100
ICN,20220420,55.5735,60.9683,55.5735,60.9683,1100
ICN,20220421,59.1208,59.1208,59.1207,59.1207,1000
ICN,20220422,59.1207,59.1207,59.1207,59.1207,0
ICN,20220425,59.1207,59.1207,59.1207,59.1207,0
ICN,20220426,50.2526,58.3817,50.2526,55.5735,2100
ICN,20220427,58.3817,59.1207,58.3817,59.1207,600
ICN,20220428,58.6034,58.6034,58.6034,58.6034,0
ICN,20220429,58.0861,59.1946,58.0861,59.1946,222
ICN,20220504,66.8803,66.8803,66.8803,66.8803,500
ICN,20220505,66.8803,66.8803,66.8803,66.8803,0
ICN,20220506,69.4668,69.4668,67.9888,67.9888,200
ICN,20220509,62.8157,62.8158,62.8157,62.8158,300
ICN,20220510,62.8158,62.8158,62.8158,62.8158,0
ICN,20220511,62.8158,62.8158,62.8158,62.8158,100
ICN,20220512,62.9636,62.9636,62.8158,62.8158,400
ICN,20220513,62.8897,62.8897,62.8897,62.8897,0
ICN,20220516,67.2499,67.2499,67.2498,67.2498,400
ICN,20220517,67.2498,67.2498,67.2482,67.2482,0
ICN,20220518,67.2482,67.2482,67.2482,67.2482,0
ICN,20220519,63.1613,63.1613,63.1613,63.1613,400
ICN,20220520,63.1613,63.1613,63.1613,63.1613,2600
ICN,20220523,63.1613,63.1613,63.1613,63.1613,2000
ICN,20220524,63.1613,63.1613,63.1613,63.1613,0
ICN,20220525,66.1336,66.1336,66.1336,66.1336,1000
ICN,20220526,66.1336,66.1336,66.1336,66.1336,0
ICN,20220527,66.1336,66.1336,66.1336,66.1336,0
ICN,20220530,59.4459,66.1336,59.4459,66.1336,1200
ICN,20220531,66.1336,66.1336,64.2759,64.2759,0
ICN,20220601,64.2759,64.2759,64.2759,64.2759,0
ICN,20220602,64.2759,64.2759,63.9043,63.9043,2000
ICN,20220603,63.5328,65.3905,63.1612,65.3905,900
ICN,20220606,65.3905,65.3905,65.3905,65.3905,400
ICN,20220607,63.1613,63.1613,63.1613,63.1613,500
ICN,20220608,63.1613,63.1613,63.1613,63.1613,1
ICN,20220609,63.1613,63.1613,63.1613,63.1613,200
ICN,20220610,64.2759,64.2759,64.2759,64.2759,100
ICN,20220613,64.2759,66.8024,63.9044,66.8023,1800
ICN,20220614,64.2759,66.8023,64.2759,64.9446,0
ICN,20220615,59.4459,62.4182,59.4459,60.1890,1400
ICN,20220616,52.7583,52.7583,52.7582,52.7582,100
ICN,20220617,60.6348,60.6348,60.6348,60.6348,1300
ICN,20220620,66.0592,66.0593,66.0592,66.0593,100
ICN,20220621,66.0593,66.0593,66.0593,66.0593,0
ICN,20220622,56.5479,65.9850,56.5479,65.9850,600
ICN,20220623,67.5900,67.7684,67.5900,67.7683,200
ICN,20220624,67.6791,67.6792,67.6791,67.6792,0
ICN,20220627,67.6792,67.6792,67.6792,67.6792,0
ICN,20220628,67.6792,67.6792,67.6792,67.6792,0
ICN,20220629,67.6792,67.6792,67.6792,67.6792,0
ICN,20220630,67.6792,67.6792,67.6792,67.6792,0
ICN,20220701,67.6792,67.6792,67.6792,67.6792,0
ICN,20220704,67.6792,67.6792,67.6792,67.6792,0
ICN,20220705,67.6792,67.6792,67.6792,67.6792,0
ICN,20220706,67.6792,67.6792,67.6792,67.6792,0
ICN,20220707,67.6792,67.6792,67.6792,67.6792,0
ICN,20220708,67.6792,67.6792,67.6792,67.6792,0
ICN,20220711,77.7553,77.7553,77.7552,77.7552,100
ICN,20220712,77.7552,77.7552,77.7552,77.7552,0
ICN,20220713,77.7552,77.7552,77.7552,77.7552,0
ICN,20220714,77.7552,77.7552,77.7552,77.7552,0
ICN,20220715,77.7552,77.7552,77.7552,77.7552,0
ICN,20220718,66.1633,66.1633,66.1633,66.1633,1000
ICN,20220719,66.1633,66.1633,66.1633,66.1633,0
ICN,20220720,64.2016,64.2016,64.2016,64.2016,400
ICN,20220721,60.6348,60.6348,60.6348,60.6348,1000
ICN,20220722,60.6348,60.6348,60.6348,60.6348,0
ICN,20220725,60.6348,60.6348,60.6348,60.6348,0
ICN,20220726,60.6348,60.6348,60.6348,60.6348,0
ICN,20220727,60.6348,60.6348,60.6348,60.6348,0
ICN,20220728,60.8131,60.8131,60.6348,60.6348,2000
ICN,20220729,60.6348,60.6348,60.6348,60.6348,0
ICN,20220801,60.6348,60.6348,60.6348,60.6348,0
ICN,20220802,51.5396,66.4308,51.5396,66.4308,1300
ICN,20220803,63.5043,63.5043,58.0489,58.0489,100
ICN,20220804,58.0489,58.0489,58.0489,58.0489,0
ICN,20220805,61.5265,64.2016,61.5265,64.2016,1300
ICN,20220808,64.2016,64.2016,62.5074,62.5074,0
ICN,20220809,62.5074,62.5074,62.5074,62.5074,0
ICN,20220810,71.3351,71.3351,71.3351,71.3351,200
ICN,20220811,60.6348,62.4182,60.6348,62.4182,1100
ICN,20220812,62.4182,62.4182,62.2399,62.2399,0
ICN,20220815,53.5013,66.8767,53.5013,62.4182,1400
ICN,20220816,53.1087,64.2016,53.1087,64.2016,1600
ICN,20220817,60.5781,65.0378,60.5781,62.4182,1600
ICN,20220818,67.1645,67.1645,62.6869,65.0933,4700
ICN,20220819,63.3514,68.7605,63.3514,66.8766,3536
ICN,20220822,66.2423,67.9640,65.5391,65.5391,2700
ICN,20220823,63.3249,73.1185,63.3249,73.1185,3000
ICN,20220824,73.5842,84.0164,73.5842,80.4303,4300
ICN,20220825,75.1770,75.1770,74.0101,74.0101,100
ICN,20220826,82.0353,82.0353,82.0353,82.0353,300
ICN,20220829,84.7104,89.1688,82.9270,85.6021,4800
ICN,20220830,88.3407,99.3341,88.3407,99.3341,3000
ICN,20220831,105.2547,105.2547,99.8691,99.8691,521
ICN,20220905,99.8691,99.8691,99.8691,99.8691,0
ICN,20220906,93.6273,93.6273,93.6273,93.6273,440
ICN,20220907,93.6273,98.0857,93.6273,93.6273,1804
ICN,20220908,93.6273,95.3215,93.6273,95.3215,0
ICN,20220909,95.3215,95.3215,95.3215,95.3215,0
ICN,20220912,89.1688,89.1689,89.1688,89.1689,390
ICN,20220913,90.0606,90.0606,90.0605,90.0605,400
ICN,20220914,90.5063,90.5956,90.5063,90.5956,900
ICN,20220915,93.7196,93.7196,93.6273,93.6273,1810
ICN,20220916,93.7165,93.7165,93.7165,93.7165,200
ICN,20220919,93.7165,93.7165,93.7165,93.7165,0
ICN,20220920,93.7165,93.7165,93.7165,93.7165,59
ICN,20220921,93.6273,98.0858,93.6273,98.0857,500
ICN,20220922,98.9856,98.9856,98.0857,98.0857,645
ICN,20220923,98.0857,98.0857,98.0857,98.0857,0
ICN,20220926,100.3149,102.5442,98.0857,102.5442,2300
ICN,20220927,106.6237,109.4052,102.5442,102.5442,1500
ICN,20220928,93.7318,94.9648,93.7318,94.9648,220
ICN,20220929,96.1751,100.0855,96.1751,100.0838,493
ICN,20220930,95.4309,104.4518,95.4309,102.4113,1409
ICN,20221003,101.1932,101.1932,99.6183,99.6183,400
ICN,20221004,99.7111,101.1966,99.7111,101.0148,1500
ICN,20221005,101.0148,101.3886,97.8494,97.8494,9100
ICN,20221006,96.3821,97.2908,92.6222,97.2908,8900
ICN,20221007,97.4801,97.4801,93.1012,93.1012,4540
ICN,20221010,90.4774,93.1012,90.4774,93.1012,201
ICN,20221011,93.1012,93.1012,93.1012,93.1012,0
ICN,20221012,79.1360,93.1012,79.1360,93.1012,2245
ICN,20221013,88.3511,89.3962,87.6082,87.6082,400
ICN,20221014,88.4488,88.4488,88.1668,88.1668,100
ICN,20221017,93.1012,101.3872,93.1012,97.7563,10970
ICN,20221018,101.1589,101.1589,95.2733,98.2218,5800
ICN,20221019,97.7563,97.7563,94.4978,94.9632,7900
ICN,20221020,85.5864,86.6772,85.5864,86.6772,100
ICN,20221021,74.4809,82.1153,74.4809,82.1153,1100
ICN,20221024,94.3995,94.3995,93.0081,93.0081,1600
ICN,20221025,90.4013,90.4013,90.4013,90.4013,100
ICN,20221026,90.4013,90.4013,90.4013,90.4013,0
ICN,20221027,79.1361,87.0497,79.1361,86.5841,1100
ICN,20221028,84.8152,86.5841,84.8152,84.8152,0
ICN,20221031,91.5185,94.0322,91.5185,92.2633,4100
ICN,20221101,92.0773,92.1702,92.0773,92.1702,2400
ICN,20221102,83.9773,91.9840,83.9773,91.9840,1400
ICN,20221103,90.5083,90.8035,85.9324,85.9324,900
ICN,20221104,86.9587,92.3703,86.9587,87.9806,1700
ICN,20221107,88.8876,91.2392,88.8876,91.2392,700
ICN,20221108,77.5533,86.4910,77.5533,86.3979,3200
ICN,20221109,86.3979,86.3979,85.4669,85.4669,200
ICN,20221110,85.4669,85.8393,85.4669,85.8393,704
ICN,20221111,87.7054,88.1719,86.6772,86.6772,1900
ICN,20221114,83.6114,85.4695,83.6114,83.7911,370
ICN,20221115,80.3729,81.4636,80.3729,81.4636,2100
ICN,20221116,93.6599,93.6599,77.3671,77.3671,304
ICN,20221117,69.1157,78.7636,69.1157,78.7636,106
ICN,20221118,80.0670,80.0670,80.0670,80.0670,106
ICN,20221121,80.3463,80.3463,80.0670,80.2532,4605
ICN,20221122,80.6260,80.6260,80.2532,80.5325,810
ICN,20221123,90.3081,90.3082,90.3081,90.3082,120
ICN,20221124,83.7911,83.7911,83.7911,83.7911,500
ICN,20221125,81.4636,81.4636,80.1602,80.9980,760
ICN,20221128,76.5188,78.3852,76.5188,77.7395,6700
ICN,20221129,78.2988,83.4255,78.2988,79.6015,19700
ICN,20221130,77.0789,79.9752,77.0789,79.6946,5600
ICN,20221201,77.7303,81.3783,77.7303,80.0670,8200
ICN,20221202,78.2856,80.1608,78.2856,79.1360,3000
ICN,20221205,78.2006,80.1650,78.2006,79.4153,11400
ICN,20221206,77.8326,80.5325,77.8326,79.1360,9400
ICN,20221207,77.6481,78.3921,77.6481,78.0188,5400
ICN,20221208,77.7395,78.2050,77.7395,78.2050,3201
ICN,20221209,77.8326,78.1119,77.8326,78.1119,2430
ICN,20221212,79.7917,80.7250,78.3919,79.8808,15700
ICN,20221213,79.8808,80.0670,79.8808,80.0670,1201
ICN,20221214,80.0670,80.0670,80.0670,80.0670,810
ICN,20221215,79.3222,79.7877,79.1360,79.1360,2553
ICN,20221216,79.1360,80.5325,78.9498,80.5325,9407
ICN,20221219,81.0013,82.5013,80.6263,81.9291,9600
ICN,20221220,81.3615,83.8212,80.4154,80.9980,3800
ICN,20221221,72.0000,84.0000,72.0000,79.0000,2000
ICN,20221222,76.2000,82.0000,76.2000,82.0000,500
ICN,20221223,77.7000,77.7000,77.7000,77.7000,0
ICN,20221226,77.7000,77.7000,77.7000,77.7000,1500
ICN,20221227,77.3000,77.5000,77.3000,77.5000,1310
ICN,20221228,77.5000,77.5000,77.5000,77.5000,9
ICN,20221229,78.0000,78.2000,78.0000,78.2000,200
ICN,20221230,80.5000,80.5000,80.5000,80.5000,2201
ICN,20230103,80.0000,80.0000,80.0000,80.0000,403
ICN,20230104,80.0000,80.0000,78.8000,78.8000,200
ICN,20230105,79.5000,80.0000,79.5000,80.0000,400
ICN,20230106,79.6000,79.6000,79.6000,79.6000,0
ICN,20230109,78.0000,79.0000,78.0000,79.0000,300
ICN,20230110,78.1000,80.0000,78.0000,80.0000,1800
ICN,20230111,78.1000,78.1000,78.1000,78.1000,0
ICN,20230112,78.1000,78.1000,78.1000,78.1000,0
ICN,20230113,78.1000,78.1000,78.1000,78.1000,0
ICN,20230116,78.1000,78.1000,78.1000,78.1000,0
ICN,20230117,79.3000,79.9000,79.3000,79.9000,200
ICN,20230118,80.0000,80.0000,80.0000,80.0000,320
ICN,20230119,80.0000,80.0000,80.0000,80.0000,900