ACS,20170713,20.3000,20.3000,20.3000,20.3000,1200
ACS,20170714,20.3000,20.3000,20.3000,20.3000,0
ACS,20170717,20.3000,20.3000,20.3000,20.3000,0
ACS,20170718,20.3000,20.3000,20.3000,20.3000,0
ACS,20170719,20.3000,20.3000,20.3000,20.3000,0
ACS,20170720,20.3000,20.3000,20.3000,20.3000,0
ACS,20170721,20.3000,20.3000,20.3000,20.3000,0
ACS,20170724,20.3000,20.3000,20.3000,20.3000,0
ACS,20170725,20.3000,20.3000,20.3000,20.3000,0
ACS,20170726,20.3000,20.3000,20.3000,20.3000,0
ACS,20170727,20.0000,20.0000,20.0000,20.0000,100
ACS,20170728,20.0000,20.0000,20.0000,20.0000,0
ACS,20170731,20.0000,20.0000,20.0000,20.0000,100
ACS,20170801,20.0000,20.0000,20.0000,20.0000,0
ACS,20170802,20.0000,20.0000,20.0000,20.0000,0
ACS,20170803,20.0000,20.0000,20.0000,20.0000,0
ACS,20170804,20.0000,20.0000,20.0000,20.0000,0
ACS,20170807,20.0000,20.0000,20.0000,20.0000,0
ACS,20170808,20.0000,20.0000,20.0000,20.0000,0
ACS,20170809,20.0000,20.0000,20.0000,20.0000,0
ACS,20170810,20.0000,20.0000,20.0000,20.0000,0
ACS,20170811,20.0000,20.0000,20.0000,20.0000,0
ACS,20170814,20.0000,20.0000,20.0000,20.0000,0
ACS,20170815,20.0000,20.0000,20.0000,20.0000,0
ACS,20170816,20.0000,20.0000,20.0000,20.0000,0
ACS,20170817,20.0000,20.0000,20.0000,20.0000,0
ACS,20170818,20.0000,20.0000,20.0000,20.0000,0
ACS,20170821,20.0000,20.0000,20.0000,20.0000,0
ACS,20170822,20.0000,20.0000,20.0000,20.0000,0
ACS,20170823,20.0000,20.0000,20.0000,20.0000,0
ACS,20170824,20.0000,20.0000,20.0000,20.0000,0
ACS,20170825,20.0000,20.0000,20.0000,20.0000,0
ACS,20170828,20.0000,20.0000,20.0000,20.0000,0
ACS,20170829,20.0000,20.0000,20.0000,20.0000,0
ACS,20170830,20.0000,20.0000,20.0000,20.0000,0
ACS,20170831,20.0000,20.0000,20.0000,20.0000,0
ACS,20170901,20.0000,20.0000,20.0000,20.0000,0
ACS,20170905,20.0000,20.0000,20.0000,20.0000,0
ACS,20170906,20.0000,20.0000,20.0000,20.0000,0
ACS,20170907,20.0000,20.0000,20.0000,20.0000,0
ACS,20170908,17.2000,17.2000,17.2000,17.2000,100
ACS,20170911,17.2000,17.2000,17.2000,17.2000,0
ACS,20170912,15.0000,15.0000,15.0000,15.0000,100
ACS,20170913,15.0000,15.0000,15.0000,15.0000,0
ACS,20170914,15.0000,15.0000,15.0000,15.0000,0
ACS,20170915,15.0000,15.0000,15.0000,15.0000,0
ACS,20170918,15.0000,15.0000,15.0000,15.0000,0
ACS,20170919,15.0000,15.0000,15.0000,15.0000,0
ACS,20170920,12.8000,12.8000,12.8000,12.8000,100
ACS,20170921,10.9000,10.9000,10.9000,10.9000,1000
ACS,20170922,10.9000,10.9000,10.9000,10.9000,0
ACS,20170925,9.5000,9.5000,9.5000,9.5000,1100
ACS,20170926,9.5000,9.5000,9.5000,9.5000,0
ACS,20170927,9.5000,9.5000,9.5000,9.5000,0
ACS,20170928,9.5000,9.5000,9.5000,9.5000,0
ACS,20170929,9.5000,9.5000,9.5000,9.5000,0
ACS,20171002,9.5000,9.5000,9.5000,9.5000,0
ACS,20171003,9.5000,9.5000,9.5000,9.5000,0
ACS,20171004,8.3000,8.3000,8.3000,8.3000,100
ACS,20171005,8.3000,8.3000,8.3000,8.3000,900
ACS,20171006,7.4000,7.4000,7.4000,7.4000,100
ACS,20171009,7.4000,7.4000,7.4000,7.4000,0
ACS,20171010,7.4000,7.4000,7.4000,7.4000,0
ACS,20171011,7.5000,8.5000,7.5000,8.5000,10100
ACS,20171012,9.5000,9.5000,9.5000,9.5000,3000
ACS,20171013,10.9000,10.9000,10.9000,10.9000,1400
ACS,20171016,11.7000,12.5000,11.7000,12.0000,3400
ACS,20171017,11.8000,12.0000,11.8000,12.0000,4000
ACS,20171018,11.5000,12.2000,11.5000,12.2000,2500
ACS,20171019,12.0000,12.0000,12.0000,12.0000,600
ACS,20171020,11.0000,11.0000,11.0000,11.0000,100
ACS,20171023,12.0000,12.3000,12.0000,12.0000,7900
ACS,20171024,12.2000,13.0000,12.2000,13.0000,7730
ACS,20171025,12.6000,12.6000,12.6000,12.6000,500
ACS,20171026,13.0000,13.0000,13.0000,13.0000,500
ACS,20171027,13.2000,13.4000,13.2000,13.4000,1000
ACS,20171030,13.3000,13.3000,13.3000,13.3000,0
ACS,20171031,14.0000,14.0000,14.0000,14.0000,100
ACS,20171101,14.0000,14.0000,14.0000,14.0000,0
ACS,20171102,14.0000,14.0000,14.0000,14.0000,300
ACS,20171103,14.0000,14.0000,14.0000,14.0000,300
ACS,20171106,14.0000,14.0000,14.0000,14.0000,1000
ACS,20171107,12.0000,12.0000,12.0000,12.0000,300
ACS,20171108,12.5000,12.5000,12.0000,12.5000,1400
ACS,20171109,12.5000,12.5000,12.5000,12.5000,500
ACS,20171110,12.5000,12.5000,12.5000,12.5000,400
ACS,20171113,12.5000,12.5000,12.5000,12.5000,2300
ACS,20171114,12.5000,12.6000,12.5000,12.6000,900
ACS,20171115,12.7000,12.7000,12.7000,12.7000,130
ACS,20171116,12.5000,12.7000,12.5000,12.5000,4600
ACS,20171117,11.0000,11.0000,11.0000,11.0000,200
ACS,20171120,12.5000,12.6000,12.5000,12.5000,2400
ACS,20171121,12.6000,12.6000,12.6000,12.6000,700
ACS,20171122,12.7000,12.8000,12.7000,12.8000,800
ACS,20171123,12.8000,13.1000,12.8000,13.1000,1000
ACS,20171124,13.0000,14.1000,13.0000,14.1000,2100
ACS,20171127,14.0000,14.0000,14.0000,14.0000,1014
ACS,20171128,14.0000,14.0000,14.0000,14.0000,0
ACS,20171129,14.0000,14.0000,14.0000,14.0000,0
ACS,20171130,14.0000,14.0000,14.0000,14.0000,0
ACS,20171201,14.2000,15.0000,14.2000,15.0000,600
ACS,20171204,14.6000,14.6000,14.6000,14.6000,0
ACS,20171205,14.6000,14.6000,14.6000,14.6000,300
ACS,20171206,14.6000,14.6000,14.6000,14.6000,100
ACS,20171207,14.6000,14.6000,14.6000,14.6000,0
ACS,20171208,15.2000,15.2000,15.2000,15.2000,100
ACS,20171211,13.3000,13.3000,13.3000,13.3000,200
ACS,20171212,12.4000,12.4000,12.4000,12.4000,400
ACS,20171213,12.4000,12.4000,12.4000,12.4000,0
ACS,20171214,12.4000,12.4000,12.4000,12.4000,0
ACS,20171215,12.4000,12.4000,12.4000,12.4000,0
ACS,20171218,12.4000,12.4000,12.4000,12.4000,0
ACS,20171219,12.4000,12.4000,12.4000,12.4000,0
ACS,20171220,12.4000,12.4000,12.4000,12.4000,0
ACS,20171221,12.4000,12.4000,12.4000,12.4000,0
ACS,20171222,12.4000,12.4000,12.4000,12.4000,0
ACS,20171225,12.4000,12.4000,12.4000,12.4000,0
ACS,20171226,12.4000,12.4000,12.4000,12.4000,0
ACS,20171227,12.4000,12.4000,12.4000,12.4000,0
ACS,20171228,12.4000,12.4000,12.4000,12.4000,0
ACS,20171229,14.1000,14.2000,14.1000,14.2000,500
ACS,20180102,14.1000,14.1000,14.1000,14.1000,0
ACS,20180103,14.1000,14.1000,14.1000,14.1000,0
ACS,20180104,14.1000,14.1000,14.1000,14.1000,0
ACS,20180105,14.1000,14.1000,14.1000,14.1000,0
ACS,20180108,14.1000,14.1000,14.1000,14.1000,0
ACS,20180109,14.1000,14.1000,14.1000,14.1000,0
ACS,20180110,14.1000,14.1000,14.1000,14.1000,0
ACS,20180111,14.1000,14.1000,14.1000,14.1000,0
ACS,20180112,14.1000,14.1000,14.1000,14.1000,0
ACS,20180115,12.0000,12.0000,12.0000,12.0000,200
ACS,20180116,12.0000,12.0000,12.0000,12.0000,0
ACS,20180117,12.0000,12.0000,12.0000,12.0000,0
ACS,20180118,12.0000,12.0000,12.0000,12.0000,0
ACS,20180119,12.0000,12.0000,12.0000,12.0000,0
ACS,20180122,13.0000,13.0000,13.0000,13.0000,1000
ACS,20180123,13.0000,13.0000,13.0000,13.0000,0
ACS,20180124,13.0000,13.0000,13.0000,13.0000,14
ACS,20180125,13.8000,13.8000,13.8000,13.8000,800
ACS,20180126,13.8000,13.8000,13.8000,13.8000,0
ACS,20180129,13.8000,13.8000,13.8000,13.8000,0
ACS,20180130,13.8000,13.8000,13.8000,13.8000,0
ACS,20180131,13.8000,13.8000,13.8000,13.8000,0
ACS,20180201,13.8000,13.8000,13.8000,13.8000,0
ACS,20180202,13.8000,13.8000,13.8000,13.8000,0
ACS,20180205,13.8000,13.8000,13.8000,13.8000,0
ACS,20180206,13.8000,13.8000,13.8000,13.8000,0
ACS,20180207,13.8000,13.8000,13.8000,13.8000,0
ACS,20180208,13.8000,13.8000,13.8000,13.8000,0
ACS,20180209,13.8000,13.8000,13.8000,13.8000,0
ACS,20180212,13.8000,13.8000,13.8000,13.8000,0
ACS,20180213,12.0000,12.0000,12.0000,12.0000,200
ACS,20180221,12.0000,12.0000,12.0000,12.0000,0
ACS,20180222,13.8000,13.8000,13.8000,13.8000,2600
ACS,20180223,14.1000,14.1000,14.1000,14.1000,2000
ACS,20180226,14.1000,14.1000,14.1000,14.1000,0
ACS,20180227,14.1000,14.1000,14.1000,14.1000,0
ACS,20180228,14.1000,14.1000,14.1000,14.1000,0
ACS,20180301,14.1000,14.1000,14.1000,14.1000,0
ACS,20180302,14.1000,14.1000,14.1000,14.1000,0
ACS,20180305,14.1000,14.1000,14.1000,14.1000,0
ACS,20180306,14.1000,14.1000,14.1000,14.1000,0
ACS,20180307,14.1000,14.1000,14.1000,14.1000,0
ACS,20180308,14.1000,14.1000,14.1000,14.1000,0
ACS,20180309,14.1000,14.1000,14.1000,14.1000,0
ACS,20180312,14.1000,14.1000,14.1000,14.1000,0
ACS,20180313,14.1000,14.1000,14.1000,14.1000,0
ACS,20180314,14.1000,14.1000,14.1000,14.1000,0
ACS,20180315,14.1000,14.1000,14.1000,14.1000,0
ACS,20180316,14.1000,14.1000,14.1000,14.1000,0
ACS,20180319,14.1000,14.1000,14.1000,14.1000,0
ACS,20180320,14.1000,14.1000,14.1000,14.1000,0
ACS,20180321,14.1000,14.1000,14.1000,14.1000,0
ACS,20180322,14.1000,14.1000,14.1000,14.1000,0
ACS,20180323,14.1000,14.1000,14.1000,14.1000,0
ACS,20180326,14.1000,14.1000,14.1000,14.1000,0
ACS,20180327,14.1000,14.1000,14.1000,14.1000,0
ACS,20180328,14.1000,14.1000,14.1000,14.1000,0
ACS,20180329,14.1000,14.1000,14.1000,14.1000,0
ACS,20180330,14.1000,14.1000,14.1000,14.1000,0
ACS,20180402,14.1000,14.1000,14.1000,14.1000,0
ACS,20180403,14.1000,14.1000,14.1000,14.1000,0
ACS,20180404,14.1000,14.1000,14.1000,14.1000,0
ACS,20180405,14.1000,14.1000,14.1000,14.1000,0
ACS,20180406,14.1000,14.1000,14.1000,14.1000,0
ACS,20180409,14.1000,14.1000,14.1000,14.1000,100
ACS,20180410,14.1000,14.1000,14.1000,14.1000,1
ACS,20180411,14.1000,14.1000,14.1000,14.1000,0
ACS,20180412,14.1000,14.1000,14.1000,14.1000,0
ACS,20180413,14.1000,14.1000,14.1000,14.1000,0
ACS,20180416,14.1000,14.1000,14.1000,14.1000,8
ACS,20180417,14.1000,14.1000,14.1000,14.1000,57
ACS,20180418,14.1000,14.1000,14.1000,14.1000,0
ACS,20180419,14.1000,14.1000,14.1000,14.1000,0
ACS,20180420,14.1000,14.1000,14.1000,14.1000,0
ACS,20180423,14.1000,14.1000,14.1000,14.1000,0
ACS,20180424,14.1000,14.1000,14.1000,14.1000,0
ACS,20180426,14.1000,14.1000,14.1000,14.1000,0
ACS,20180427,14.1000,14.1000,14.1000,14.1000,0
ACS,20180502,14.1000,14.1000,14.1000,14.1000,0
ACS,20180503,14.1000,14.1000,14.1000,14.1000,0
ACS,20180504,14.1000,14.1000,14.1000,14.1000,0
ACS,20180507,14.1000,14.1000,14.1000,14.1000,0
ACS,20180508,14.1000,14.1000,14.1000,14.1000,0
ACS,20180509,14.1000,14.1000,14.1000,14.1000,0
ACS,20180510,14.1000,14.1000,14.1000,14.1000,0
ACS,20180511,14.1000,14.1000,14.1000,14.1000,0
ACS,20180514,14.1000,14.1000,14.1000,14.1000,0
ACS,20180515,14.1000,14.1000,14.1000,14.1000,0
ACS,20180516,14.1000,14.1000,14.1000,14.1000,0
ACS,20180517,14.1000,14.1000,14.1000,14.1000,0
ACS,20180518,14.1000,14.1000,14.1000,14.1000,0
ACS,20180521,14.2000,14.2000,14.2000,14.2000,1000
ACS,20180522,14.2000,14.2000,14.2000,14.2000,0
ACS,20180523,14.2000,14.2000,14.2000,14.2000,0
ACS,20180524,14.2000,14.2000,14.2000,14.2000,0
ACS,20180525,14.2000,14.2000,14.2000,14.2000,0
ACS,20180528,14.2000,14.2000,14.2000,14.2000,0
ACS,20180529,14.2000,14.2000,14.2000,14.2000,0
ACS,20180530,14.2000,14.2000,14.2000,14.2000,0
ACS,20180531,14.2000,14.2000,14.2000,14.2000,0
ACS,20180601,14.2000,14.2000,14.2000,14.2000,0
ACS,20180604,14.2000,14.2000,14.2000,14.2000,0
ACS,20180605,15.5000,15.5000,15.5000,15.5000,3000
ACS,20180606,15.5000,15.5000,15.5000,15.5000,0
ACS,20180607,15.5000,15.5000,15.5000,15.5000,0
ACS,20180608,11.6473,11.6473,11.6473,11.6473,0
ACS,20180611,11.6473,11.6473,11.6473,11.6473,0
ACS,20180612,11.6473,11.6473,11.6473,11.6473,0
ACS,20180613,11.6473,11.6473,11.6473,11.6473,0
ACS,20180614,11.6473,11.6473,11.6473,11.6473,0
ACS,20180615,11.6473,11.6473,11.6473,11.6473,0
ACS,20180618,11.6473,11.6473,11.6473,11.6473,0
ACS,20180619,11.6473,11.6473,11.6473,11.6473,0
ACS,20180620,11.6473,11.6473,11.6473,11.6473,0
ACS,20180621,11.6473,11.6473,11.6473,11.6473,0
ACS,20180622,11.6473,11.6473,11.6473,11.6473,0
ACS,20180625,11.6473,11.6473,11.6473,11.6473,0
ACS,20180626,11.6473,11.6473,11.6473,11.6473,0
ACS,20180627,11.6473,11.6473,11.6473,11.6473,0
ACS,20180628,11.6473,11.6473,11.6473,11.6473,0
ACS,20180629,11.6473,11.6473,11.6473,11.6473,0
ACS,20180702,11.6473,11.6473,11.6473,11.6473,0
ACS,20180703,11.6473,11.6473,11.6473,11.6473,0
ACS,20180704,11.6473,11.6473,11.6473,11.6473,0
ACS,20180705,10.8441,10.8441,10.8441,10.8441,200
ACS,20180706,10.8441,10.8441,10.8441,10.8441,0
ACS,20180709,10.8441,10.8441,10.8441,10.8441,0
ACS,20180710,10.8441,10.8441,10.8441,10.8441,0
ACS,20180711,10.8441,10.8441,10.8441,10.8441,0
ACS,20180712,10.8441,10.8441,10.8441,10.8441,0
ACS,20180713,10.8441,10.8441,10.8441,10.8441,0
ACS,20180716,10.8441,10.8441,10.8441,10.8441,0
ACS,20180717,10.8441,10.8441,10.8441,10.8441,0
ACS,20180718,10.8441,10.8441,10.8441,10.8441,0
ACS,20180719,10.8441,10.8441,10.8441,10.8441,0
ACS,20180720,10.8441,10.8441,10.8441,10.8441,0
ACS,20180723,10.8441,10.8441,10.8441,10.8441,0
ACS,20180724,10.8441,10.8441,10.8441,10.8441,0
ACS,20180725,10.8441,10.8441,10.8441,10.8441,0
ACS,20180726,10.8441,10.8441,10.8441,10.8441,0
ACS,20180727,10.8441,10.8441,10.8441,10.8441,0
ACS,20180730,10.8441,10.8441,10.8441,10.8441,0
ACS,20180731,10.8441,10.8441,10.8441,10.8441,0
ACS,20180801,10.8441,10.8441,10.8441,10.8441,0
ACS,20180802,10.8441,10.8441,10.8441,10.8441,0
ACS,20180803,10.8441,10.8441,10.8441,10.8441,0
ACS,20180806,10.8441,10.8441,10.8441,10.8441,0
ACS,20180807,10.8441,10.8441,10.8441,10.8441,0
ACS,20180808,10.8441,10.8441,10.8441,10.8441,0
ACS,20180809,10.8441,10.8441,10.8441,10.8441,0
ACS,20180810,10.8441,10.8441,10.8441,10.8441,0
ACS,20180813,10.8441,10.8441,10.8441,10.8441,0
ACS,20180814,10.8441,10.8441,10.8441,10.8441,0
ACS,20180815,10.8441,10.8441,10.8441,10.8441,0
ACS,20180816,10.8441,10.8441,10.8441,10.8441,0
ACS,20180817,10.8441,10.8441,10.8441,10.8441,0
ACS,20180820,10.8441,10.8441,10.8441,10.8441,0
ACS,20180821,10.8441,10.8441,10.8441,10.8441,0
ACS,20180822,10.8441,10.8441,10.8441,10.8441,0
ACS,20180823,10.8441,10.8441,10.8441,10.8441,0
ACS,20180824,10.8441,10.8441,10.8441,10.8441,0
ACS,20180827,10.8441,10.8441,10.8441,10.8441,0
ACS,20180828,10.8441,10.8441,10.8441,10.8441,0
ACS,20180829,10.8441,10.8441,10.8441,10.8441,0
ACS,20180830,10.8441,10.8441,10.8441,10.8441,0
ACS,20180831,10.8441,10.8441,10.8441,10.8441,0
ACS,20180904,10.8441,10.8441,10.8441,10.8441,0
ACS,20180905,6.5064,6.5064,6.5064,6.5064,500
ACS,20180906,6.5064,6.5064,6.5064,6.5064,0
ACS,20180907,6.5064,6.5064,6.5064,6.5064,0
ACS,20180910,6.5064,6.5064,6.5064,6.5064,29
ACS,20180911,6.5064,6.5064,6.5064,6.5064,0
ACS,20180912,6.5064,6.5064,6.5064,6.5064,0
ACS,20180913,6.5064,6.5064,6.5064,6.5064,0
ACS,20180914,6.5064,6.5064,6.5064,6.5064,0
ACS,20180917,6.5064,6.5064,6.5064,6.5064,0
ACS,20180918,6.5064,6.5064,6.5064,6.5064,0
ACS,20180919,6.5064,6.5064,6.5064,6.5064,0
ACS,20180920,6.5064,6.5064,6.5064,6.5064,0
ACS,20180921,6.5064,6.5064,6.5064,6.5064,0
ACS,20180924,6.5064,6.5064,6.5064,6.5064,0
ACS,20180925,6.5064,6.5064,6.5064,6.5064,0
ACS,20180926,6.5064,6.5064,6.5064,6.5064,0
ACS,20180927,6.5064,6.5064,6.5064,6.5064,0
ACS,20180928,6.5064,6.5064,6.5064,6.5064,0
ACS,20181001,6.5064,6.5064,6.5064,6.5064,0
ACS,20181002,6.5064,6.5064,6.5064,6.5064,0
ACS,20181003,6.5064,6.5064,6.5064,6.5064,0
ACS,20181004,6.5064,6.5064,6.5064,6.5064,0
ACS,20181005,7.4704,7.4704,7.4704,7.4704,200
ACS,20181008,7.4704,7.4704,7.4704,7.4704,0
ACS,20181009,8.5146,8.5146,8.5146,8.5146,200
ACS,20181010,8.5146,8.5146,8.5146,8.5146,0
ACS,20181011,8.5146,8.5146,8.5146,8.5146,0
ACS,20181012,8.5146,8.5146,8.5146,8.5146,0
ACS,20181015,8.5146,8.5146,8.5146,8.5146,0
ACS,20181016,8.5146,8.5146,8.5146,8.5146,0
ACS,20181017,8.5146,8.5146,8.5146,8.5146,52
ACS,20181018,8.5146,8.5146,8.5146,8.5146,0
ACS,20181019,8.5146,8.5146,8.5146,8.5146,0
ACS,20181022,9.7195,9.7195,9.7195,9.7195,100
ACS,20181023,11.1654,11.1654,11.1654,11.1654,100
ACS,20181024,11.1654,11.1654,11.1654,11.1654,0
ACS,20181025,11.1654,11.1654,11.1654,11.1654,0
ACS,20181026,11.1654,11.1654,11.1654,11.1654,0
ACS,20181029,11.1654,11.1654,11.1654,11.1654,0
ACS,20181030,11.1654,11.1654,11.1654,11.1654,0
ACS,20181031,11.1654,11.1654,11.1654,11.1654,0
ACS,20181101,11.1654,11.1654,11.1654,11.1654,0
ACS,20181102,11.1654,11.1654,11.1654,11.1654,0
ACS,20181105,11.1654,11.1654,11.1654,11.1654,0
ACS,20181106,11.1654,11.1654,11.1654,11.1654,0
ACS,20181107,11.1654,11.1654,11.1654,11.1654,0
ACS,20181108,11.1654,11.1654,11.1654,11.1654,0
ACS,20181109,11.1654,11.1654,11.1654,11.1654,0
ACS,20181112,11.1654,11.1654,11.1654,11.1654,0
ACS,20181113,11.1654,11.1654,11.1654,11.1654,0
ACS,20181114,11.1654,11.1654,11.1654,11.1654,0
ACS,20181115,11.1654,11.1654,11.1654,11.1654,0
ACS,20181116,11.1654,11.1654,11.1654,11.1654,0
ACS,20181119,11.1654,11.1654,11.1654,11.1654,0
ACS,20181120,11.1654,11.1654,11.1654,11.1654,0
ACS,20181121,11.1654,11.1654,11.1654,11.1654,0
ACS,20181122,11.1654,11.1654,11.1654,11.1654,0
ACS,20181123,11.1654,11.1654,11.1654,11.1654,0
ACS,20181126,11.1654,11.1654,11.1654,11.1654,0
ACS,20181127,11.1654,11.1654,11.1654,11.1654,0
ACS,20181128,11.1654,11.1654,11.1654,11.1654,0
ACS,20181129,11.1654,11.1654,11.1654,11.1654,0
ACS,20181130,11.1654,11.1654,11.1654,11.1654,0
ACS,20181203,11.1654,11.1654,11.1654,11.1654,0
ACS,20181204,11.1654,11.1654,11.1654,11.1654,0
ACS,20181205,11.1654,11.1654,11.1654,11.1654,0
ACS,20181206,11.6473,11.6473,11.6473,11.6473,100
ACS,20181207,11.6473,11.6473,11.6473,11.6473,0
ACS,20181210,11.6473,11.6473,11.6473,11.6473,0
ACS,20181211,11.6473,11.6473,11.6473,11.6473,0
ACS,20181212,11.6473,11.6473,11.6473,11.6473,0
ACS,20181213,11.6473,11.6473,11.6473,11.6473,0
ACS,20181214,11.6473,11.6473,11.6473,11.6473,0
ACS,20181217,11.6473,11.6473,11.6473,11.6473,0
ACS,20181218,11.6473,11.6473,11.6473,11.6473,0
ACS,20181219,11.6473,11.6473,11.6473,11.6473,0
ACS,20181220,11.6473,11.6473,11.6473,11.6473,0
ACS,20181221,11.6473,11.6473,11.6473,11.6473,0
ACS,20181224,11.6473,11.6473,11.6473,11.6473,0
ACS,20181225,11.6473,11.6473,11.6473,11.6473,0
ACS,20181226,11.6473,11.6473,11.6473,11.6473,0
ACS,20181227,11.6473,11.6473,11.6473,11.6473,0
ACS,20181228,11.6473,11.6473,11.6473,11.6473,0
ACS,20190102,11.6473,11.6473,11.6473,11.6473,0
ACS,20190103,11.6473,11.6473,11.6473,11.6473,0
ACS,20190104,11.6473,11.6473,11.6473,11.6473,0
ACS,20190107,11.6473,11.6473,11.6473,11.6473,0
ACS,20190108,11.6473,11.6473,11.6473,11.6473,0
ACS,20190109,11.6473,11.6473,11.6473,11.6473,0
ACS,20190110,11.6473,11.6473,11.6473,11.6473,0
ACS,20190111,13.3342,13.3342,13.3342,13.3342,100
ACS,20190114,13.3342,13.3342,13.3342,13.3342,100
ACS,20190115,12.8522,12.8522,12.8522,12.8522,400
ACS,20190116,12.8522,12.8522,12.8522,12.8522,0
ACS,20190117,12.8522,12.8522,12.8522,12.8522,0
ACS,20190118,12.8522,12.8522,12.8522,12.8522,0
ACS,20190121,12.8522,12.8522,12.8522,12.8522,0
ACS,20190122,12.8522,12.8522,12.8522,12.8522,0
ACS,20190123,12.8522,12.8522,12.8522,12.8522,0
ACS,20190124,12.8522,12.8522,12.8522,12.8522,0
ACS,20190125,12.8522,12.8522,12.8522,12.8522,0
ACS,20190128,12.8522,12.8522,12.8522,12.8522,0
ACS,20190129,12.8522,12.8522,12.8522,12.8522,0
ACS,20190130,12.8522,12.8522,12.8522,12.8522,0
ACS,20190131,12.8522,12.8522,12.8522,12.8522,0
ACS,20190201,12.8522,12.8522,12.8522,12.8522,0
ACS,20190211,12.8522,12.8522,12.8522,12.8522,0
ACS,20190212,12.8522,12.8522,12.8522,12.8522,0
ACS,20190213,12.8522,12.8522,12.8522,12.8522,0
ACS,20190214,12.8522,12.8522,12.8522,12.8522,0
ACS,20190215,12.8523,12.8523,12.8523,12.8523,0
ACS,20190218,12.8523,12.8523,12.8523,12.8523,0
ACS,20190219,12.8523,12.8523,12.8523,12.8523,0
ACS,20190220,12.8523,12.8523,12.8523,12.8523,0
ACS,20190221,12.8523,12.8523,12.8523,12.8523,0
ACS,20190222,12.8523,12.8523,12.8523,12.8523,0
ACS,20190225,12.8523,12.8523,12.8523,12.8523,0
ACS,20190226,12.8523,12.8523,12.8523,12.8523,0
ACS,20190227,12.8523,12.8523,12.8523,12.8523,0
ACS,20190228,12.8523,12.8523,12.8523,12.8523,0
ACS,20190301,12.8523,12.8523,12.8523,12.8523,0
ACS,20190304,12.8523,12.8523,12.8523,12.8523,0
ACS,20190305,12.8523,12.8523,12.8523,12.8523,0
ACS,20190306,12.8523,12.8523,12.8523,12.8523,0
ACS,20190307,12.8523,12.8523,12.8523,12.8523,0
ACS,20190308,12.8523,12.8523,12.8523,12.8523,0
ACS,20190311,12.8523,12.8523,12.8523,12.8523,0
ACS,20190312,12.8523,12.8523,12.8523,12.8523,0
ACS,20190313,12.8523,12.8523,12.8523,12.8523,0
ACS,20190314,12.8523,12.8523,12.8523,12.8523,0
ACS,20190315,12.8523,12.8523,12.8523,12.8523,0
ACS,20190318,12.8523,12.8523,12.8523,12.8523,0
ACS,20190319,12.8523,12.8523,12.8523,12.8523,0
ACS,20190320,12.8523,12.8523,12.8523,12.8523,0
ACS,20190321,12.8523,12.8523,12.8523,12.8523,0
ACS,20190322,12.8523,12.8523,12.8523,12.8523,0
ACS,20190325,12.8523,12.8523,12.8523,12.8523,0
ACS,20190326,12.8523,12.8523,12.8523,12.8523,0
ACS,20190327,12.8523,12.8523,12.8523,12.8523,0
ACS,20190328,12.8523,12.8523,12.8523,12.8523,0
ACS,20190329,12.8523,12.8523,12.8523,12.8523,0
ACS,20190401,12.8523,12.8523,12.8523,12.8523,0
ACS,20190402,12.8523,12.8523,12.8523,12.8523,0
ACS,20190403,12.8523,12.8523,12.8523,12.8523,0
ACS,20190404,12.8523,12.8523,12.8523,12.8523,0
ACS,20190405,12.8523,12.8523,12.8523,12.8523,0
ACS,20190408,12.8523,12.8523,12.8523,12.8523,0
ACS,20190409,12.8523,12.8523,12.8523,12.8523,0
ACS,20190410,12.8523,12.8523,12.8523,12.8523,0
ACS,20190411,12.8523,12.8523,12.8523,12.8523,0
ACS,20190412,12.8523,12.8523,12.8523,12.8523,0
ACS,20190416,12.8523,12.8523,12.8523,12.8523,0
ACS,20190417,12.8523,12.8523,12.8523,12.8523,0
ACS,20190418,12.8523,12.8523,12.8523,12.8523,0
ACS,20190419,12.8523,12.8523,12.8523,12.8523,0
ACS,20190422,12.8523,12.8523,12.8523,12.8523,0
ACS,20190423,12.8523,12.8523,12.8523,12.8523,0
ACS,20190424,12.8523,12.8523,12.8523,12.8523,0
ACS,20190425,12.8523,12.8523,12.8523,12.8523,0
ACS,20190426,12.8523,12.8523,12.8523,12.8523,0
ACS,20190502,12.8523,12.8523,12.8523,12.8523,0
ACS,20190503,12.8523,12.8523,12.8523,12.8523,0
ACS,20190506,12.8523,12.8523,12.8523,12.8523,0
ACS,20190507,12.8523,12.8523,12.8523,12.8523,0
ACS,20190508,12.8523,12.8523,12.8523,12.8523,0
ACS,20190509,12.8523,12.8523,12.8523,12.8523,0
ACS,20190510,12.8523,12.8523,12.8523,12.8523,0
ACS,20190513,12.8523,12.8523,12.8523,12.8523,0
ACS,20190514,12.8523,12.8523,12.8523,12.8523,0
ACS,20190515,12.8523,12.8523,12.8523,12.8523,0
ACS,20190516,12.8523,12.8523,12.8523,12.8523,0
ACS,20190517,12.8522,12.8522,12.8522,12.8522,0
ACS,20190520,12.8522,12.8522,12.8522,12.8522,0
ACS,20190521,12.8522,12.8522,12.8522,12.8522,0
ACS,20190522,12.8522,12.8522,12.8522,12.8522,0
ACS,20190523,12.8522,12.8522,12.8522,12.8522,0
ACS,20190524,12.8522,12.8522,12.8522,12.8522,0
ACS,20190527,12.8522,12.8522,12.8522,12.8522,0
ACS,20190528,12.8522,12.8522,12.8522,12.8522,0
ACS,20190529,12.8522,12.8522,12.8522,12.8522,0
ACS,20190530,12.8522,12.8522,12.8522,12.8522,0
ACS,20190531,12.8522,12.8522,12.8522,12.8522,0
ACS,20190603,12.8522,12.8522,12.8522,12.8522,0
ACS,20190604,12.8522,12.8522,12.8522,12.8522,0
ACS,20190605,12.8522,12.8522,12.8522,12.8522,0
ACS,20190606,12.8522,12.8522,12.8522,12.8522,0
ACS,20190607,12.8522,12.8522,12.8522,12.8522,0
ACS,20190610,12.8522,12.8522,12.8522,12.8522,0
ACS,20190611,12.8522,12.8522,12.8522,12.8522,0
ACS,20190612,12.8522,12.8522,12.8522,12.8522,0
ACS,20190613,12.8522,12.8522,12.8522,12.8522,0
ACS,20190614,12.8522,12.8522,12.8522,12.8522,0
ACS,20190617,12.8522,12.8522,12.8522,12.8522,0
ACS,20190618,12.8522,12.8522,12.8522,12.8522,0
ACS,20190619,12.8522,12.8522,12.8522,12.8522,0
ACS,20190620,12.8522,12.8522,12.8522,12.8522,0
ACS,20190621,12.8522,12.8522,12.8522,12.8522,0
ACS,20190624,12.8522,12.8522,12.8522,12.8522,0
ACS,20190625,12.8522,12.8522,12.8522,12.8522,0
ACS,20190626,12.8522,12.8522,12.8522,12.8522,0
ACS,20190627,12.8522,12.8522,12.8522,12.8522,0
ACS,20190628,12.8522,12.8522,12.8522,12.8522,0
ACS,20190701,12.8522,12.8522,12.8522,12.8522,0
ACS,20190702,12.8522,12.8522,12.8522,12.8522,0
ACS,20190703,12.8522,12.8522,12.8522,12.8522,0
ACS,20190704,12.8522,12.8522,12.8522,12.8522,0
ACS,20190705,12.8522,12.8522,12.8522,12.8522,0
ACS,20190708,12.8522,12.8522,12.8522,12.8522,0
ACS,20190709,12.8522,12.8522,12.8522,12.8522,0
ACS,20190710,12.8522,12.8522,12.8522,12.8522,0
ACS,20190711,12.8522,12.8522,12.8522,12.8522,0
ACS,20190712,12.8522,12.8522,12.8522,12.8522,0
ACS,20190715,12.8522,12.8522,12.8522,12.8522,0
ACS,20190716,12.8522,12.8522,12.8522,12.8522,0
ACS,20190717,12.8522,12.8522,12.8522,12.8522,0
ACS,20190718,12.8522,12.8522,12.8522,12.8522,0
ACS,20190719,12.8522,12.8522,12.8522,12.8522,0
ACS,20190722,12.8522,12.8522,12.8522,12.8522,0
ACS,20190723,12.8522,12.8522,12.8522,12.8522,0
ACS,20190724,12.8522,12.8522,12.8522,12.8522,0
ACS,20190725,12.8522,12.8522,12.8522,12.8522,0
ACS,20190726,12.8522,12.8522,12.8522,12.8522,0
ACS,20190729,12.8522,12.8522,12.8522,12.8522,0
ACS,20190730,12.8522,12.8522,12.8522,12.8522,0
ACS,20190731,12.8522,12.8522,12.8522,12.8522,0
ACS,20190801,12.8522,12.8522,12.8522,12.8522,0
ACS,20190802,12.8522,12.8522,12.8522,12.8522,0
ACS,20190805,12.8522,12.8522,12.8522,12.8522,0
ACS,20190806,12.8522,12.8522,12.8522,12.8522,0
ACS,20190807,12.8522,12.8522,12.8522,12.8522,0
ACS,20190808,12.8522,12.8522,12.8522,12.8522,0
ACS,20190809,12.8522,12.8522,12.8522,12.8522,0
ACS,20190812,12.8522,12.8522,12.8522,12.8522,0
ACS,20190813,12.8522,12.8522,12.8522,12.8522,0
ACS,20190814,12.8522,12.8522,12.8522,12.8522,0
ACS,20190815,12.8522,12.8522,12.8522,12.8522,0
ACS,20190816,12.8522,12.8522,12.8522,12.8522,0
ACS,20190819,12.8522,12.8522,12.8522,12.8522,0
ACS,20190820,12.8522,12.8522,12.8522,12.8522,0
ACS,20190821,12.8522,12.8522,12.8522,12.8522,0
ACS,20190822,12.8522,12.8522,12.8522,12.8522,0
ACS,20190823,12.8522,12.8522,12.8522,12.8522,0
ACS,20190826,12.8522,12.8522,12.8522,12.8522,0
ACS,20190827,12.8522,12.8522,12.8522,12.8522,0
ACS,20190828,12.8522,12.8522,12.8522,12.8522,0
ACS,20190829,12.8522,12.8522,12.8522,12.8522,0
ACS,20190830,12.8522,12.8522,12.8522,12.8522,0
ACS,20190903,12.8522,12.8522,12.8522,12.8522,0
ACS,20190904,12.8522,12.8522,12.8522,12.8522,0
ACS,20190905,12.8522,12.8522,12.8522,12.8522,0
ACS,20190906,12.8522,12.8522,12.8522,12.8522,0
ACS,20190909,12.8522,12.8522,12.8522,12.8522,0
ACS,20190910,12.8522,12.8522,12.8522,12.8522,0
ACS,20190911,12.8522,12.8522,12.8522,12.8522,0
ACS,20190912,12.8522,12.8522,12.8522,12.8522,0
ACS,20190913,12.8522,12.8522,12.8522,12.8522,0
ACS,20190916,12.8522,12.8522,12.8522,12.8522,0
ACS,20190917,12.8522,12.8522,12.8522,12.8522,0
ACS,20190918,12.8522,12.8522,12.8522,12.8522,0
ACS,20190919,12.8522,12.8522,12.8522,12.8522,0
ACS,20190920,12.8522,12.8522,12.8522,12.8522,0
ACS,20190923,12.8522,12.8522,12.8522,12.8522,0
ACS,20190924,12.8522,12.8522,12.8522,12.8522,0
ACS,20190925,12.8522,12.8522,12.8522,12.8522,0
ACS,20190926,12.8522,12.8522,12.8522,12.8522,0
ACS,20190927,12.8522,12.8522,12.8522,12.8522,0
ACS,20190930,7.8000,7.8000,7.8000,7.8000,100
ACS,20191001,7.8000,7.8000,7.8000,7.8000,50
ACS,20191002,7.8000,7.8000,7.8000,7.8000,0
ACS,20191003,7.8000,7.8000,7.8000,7.8000,0
ACS,20191004,7.8000,7.8000,7.8000,7.8000,0
ACS,20191007,7.8000,7.8000,7.8000,7.8000,0
ACS,20191008,7.8000,7.8000,7.8000,7.8000,0
ACS,20191009,7.8000,7.8000,7.8000,7.8000,0
ACS,20191010,7.8000,7.8000,7.8000,7.8000,0
ACS,20191011,7.8000,7.8000,7.8000,7.8000,0
ACS,20191014,7.8000,7.8000,7.8000,7.8000,0
ACS,20191015,7.8000,7.8000,7.8000,7.8000,0
ACS,20191016,7.8000,7.8000,7.8000,7.8000,0
ACS,20191017,7.8000,7.8000,7.8000,7.8000,0
ACS,20191018,7.8000,7.8000,7.8000,7.8000,0
ACS,20191021,7.8000,7.8000,7.8000,7.8000,0
ACS,20191022,7.8000,7.8000,7.8000,7.8000,0
ACS,20191023,7.8000,7.8000,7.8000,7.8000,0
ACS,20191024,7.8000,7.8000,7.8000,7.8000,0
ACS,20191025,7.8000,7.8000,7.8000,7.8000,0
ACS,20191028,7.8000,7.8000,7.8000,7.8000,0
ACS,20191029,7.8000,7.8000,7.8000,7.8000,0
ACS,20191030,7.8000,7.8000,7.8000,7.8000,0
ACS,20191031,7.8000,7.8000,7.8000,7.8000,0
ACS,20191101,7.8000,7.8000,7.8000,7.8000,0
ACS,20191104,7.8000,7.8000,7.8000,7.8000,0
ACS,20191105,7.8000,7.8000,7.8000,7.8000,0
ACS,20191106,7.8000,7.8000,7.8000,7.8000,0
ACS,20191107,7.8000,7.8000,7.8000,7.8000,0
ACS,20191108,7.8000,7.8000,7.8000,7.8000,0
ACS,20191111,7.8000,7.8000,7.8000,7.8000,0
ACS,20191112,7.8000,7.8000,7.8000,7.8000,0
ACS,20191113,7.8000,7.8000,7.8000,7.8000,0
ACS,20191114,7.8000,7.8000,7.8000,7.8000,0
ACS,20191115,7.8000,7.8000,7.8000,7.8000,0
ACS,20191118,7.8000,7.8000,7.8000,7.8000,0
ACS,20191119,7.8000,7.8000,7.8000,7.8000,0
ACS,20191120,7.8000,7.8000,7.8000,7.8000,0
ACS,20191121,7.8000,7.8000,7.8000,7.8000,0
ACS,20191122,7.8000,7.8000,7.8000,7.8000,0
ACS,20191125,7.8000,7.8000,7.8000,7.8000,0
ACS,20191126,7.8000,7.8000,7.8000,7.8000,0
ACS,20191127,7.8000,7.8000,7.8000,7.8000,0
ACS,20191128,4.9000,4.9000,4.9000,4.9000,100
ACS,20191129,4.9000,4.9000,4.9000,4.9000,0
ACS,20191202,4.9000,4.9000,4.9000,4.9000,0
ACS,20191203,4.9000,4.9000,4.9000,4.9000,0
ACS,20191204,4.9000,4.9000,4.9000,4.9000,0
ACS,20191205,5.6000,5.6000,5.6000,5.6000,1300
ACS,20191206,6.4000,6.4000,6.4000,6.4000,2500
ACS,20191209,6.4000,6.4000,6.4000,6.4000,0
ACS,20191210,7.3000,7.3000,7.3000,7.3000,100
ACS,20191211,8.3000,8.3000,8.3000,8.3000,300
ACS,20191212,9.5000,9.5000,9.5000,9.5000,500
ACS,20191213,10.9000,10.9000,10.9000,10.9000,3400
ACS,20191216,12.5000,12.5000,12.5000,12.5000,500
ACS,20191217,12.5000,12.5000,12.5000,12.5000,1000
ACS,20191218,12.5000,12.5000,12.5000,12.5000,0
ACS,20191219,12.5000,12.5000,12.5000,12.5000,0
ACS,20191220,13.5000,13.5000,13.5000,13.5000,100
ACS,20191223,14.5000,14.5000,14.5000,14.5000,500
ACS,20191224,14.5000,14.5000,14.5000,14.5000,0
ACS,20191225,14.5000,14.5000,14.5000,14.5000,0
ACS,20191226,14.0000,14.0000,14.0000,14.0000,100
ACS,20191227,14.0000,14.0000,14.0000,14.0000,0
ACS,20191230,14.0000,14.0000,14.0000,14.0000,0
ACS,20191231,14.0000,14.0000,14.0000,14.0000,0
ACS,20200102,12.0000,12.0000,12.0000,12.0000,101
ACS,20200103,12.0000,12.0000,12.0000,12.0000,0
ACS,20200106,12.0000,12.0000,12.0000,12.0000,0
ACS,20200107,12.0000,12.0000,12.0000,12.0000,0
ACS,20200108,12.0000,12.0000,12.0000,12.0000,0
ACS,20200109,12.0000,12.0000,12.0000,12.0000,0
ACS,20200110,12.0000,12.0000,12.0000,12.0000,0
ACS,20200113,12.0000,12.0000,12.0000,12.0000,0
ACS,20200114,12.0000,12.0000,12.0000,12.0000,0
ACS,20200115,12.0000,12.0000,12.0000,12.0000,0
ACS,20200116,12.0000,12.0000,12.0000,12.0000,0
ACS,20200117,12.0000,12.0000,12.0000,12.0000,0
ACS,20200120,12.0000,12.0000,12.0000,12.0000,0
ACS,20200121,12.0000,12.0000,12.0000,12.0000,0
ACS,20200122,12.0000,12.0000,12.0000,12.0000,0
ACS,20200130,12.0000,12.0000,12.0000,12.0000,0
ACS,20200131,12.0000,12.0000,12.0000,12.0000,0
ACS,20200203,12.0000,12.0000,12.0000,12.0000,0
ACS,20200204,12.0000,12.0000,12.0000,12.0000,0
ACS,20200205,12.0000,12.0000,12.0000,12.0000,0
ACS,20200206,12.0000,12.0000,12.0000,12.0000,0
ACS,20200207,12.0000,12.0000,12.0000,12.0000,0
ACS,20200210,12.0000,12.0000,12.0000,12.0000,0
ACS,20200211,12.0000,12.0000,12.0000,12.0000,0
ACS,20200212,13.0000,13.0000,13.0000,13.0000,1700
ACS,20200213,13.0000,13.0000,13.0000,13.0000,0
ACS,20200214,13.0000,13.0000,13.0000,13.0000,0
ACS,20200217,12.0000,12.0000,12.0000,12.0000,300
ACS,20200218,12.0000,12.0000,12.0000,12.0000,1
ACS,20200219,12.0000,12.0000,12.0000,12.0000,300
ACS,20200220,12.0000,12.0000,12.0000,12.0000,0
ACS,20200221,12.0000,12.0000,12.0000,12.0000,0
ACS,20200224,11.0000,11.0000,11.0000,11.0000,501
ACS,20200225,11.0000,11.0000,11.0000,11.0000,0
ACS,20200226,11.0000,11.0000,11.0000,11.0000,0
ACS,20200227,11.0000,11.0000,11.0000,11.0000,0
ACS,20200228,11.0000,11.0000,11.0000,11.0000,0
ACS,20200302,11.0000,11.0000,11.0000,11.0000,0
ACS,20200303,11.0000,11.0000,11.0000,11.0000,0
ACS,20200304,12.6000,12.6000,12.6000,12.6000,700
ACS,20200305,12.6000,12.6000,12.6000,12.6000,0
ACS,20200306,12.6000,12.6000,12.6000,12.6000,0
ACS,20200309,12.9000,12.9000,12.9000,12.9000,1600
ACS,20200310,12.9000,12.9000,12.9000,12.9000,0
ACS,20200311,12.9000,12.9000,12.9000,12.9000,0
ACS,20200312,11.0000,11.0000,11.0000,11.0000,4000
ACS,20200313,11.0000,11.0000,11.0000,11.0000,0
ACS,20200316,11.0000,11.0000,11.0000,11.0000,0
ACS,20200317,9.4000,9.4000,9.4000,9.4000,7600
ACS,20200318,9.4000,9.4000,9.4000,9.4000,0
ACS,20200319,9.4000,9.4000,9.4000,9.4000,0
ACS,20200320,10.8000,10.8000,9.4000,9.4000,900
ACS,20200323,9.6000,9.6000,9.6000,9.6000,0
ACS,20200324,10.5000,10.5000,10.5000,10.5000,100
ACS,20200325,10.5000,10.5000,10.5000,10.5000,0
ACS,20200326,10.5000,10.5000,10.5000,10.5000,0
ACS,20200327,9.0000,9.0000,9.0000,9.0000,1600
ACS,20200330,9.0000,9.0000,9.0000,9.0000,0
ACS,20200331,10.3000,10.3000,7.7000,7.7000,1000
ACS,20200401,8.0000,8.0000,8.0000,8.0000,0
ACS,20200403,8.0000,8.0000,8.0000,8.0000,0
ACS,20200406,6.8000,6.8000,6.8000,6.8000,100
ACS,20200407,7.8000,7.8000,7.8000,7.8000,500
ACS,20200408,6.7000,6.7000,6.7000,6.7000,100
ACS,20200409,6.7000,6.7000,6.7000,6.7000,0
ACS,20200410,6.7000,6.7000,6.7000,6.7000,0
ACS,20200413,6.7000,6.7000,6.7000,6.7000,0
ACS,20200414,6.7000,6.7000,6.7000,6.7000,0
ACS,20200415,6.7000,6.7000,6.7000,6.7000,0
ACS,20200416,7.7000,7.7000,7.7000,7.7000,100
ACS,20200417,8.8000,8.8000,8.8000,8.8000,100
ACS,20200420,10.1000,10.1000,8.0000,8.0000,2600
ACS,20200421,10.2000,10.2000,10.2000,10.2000,100
ACS,20200422,10.9000,10.9000,10.9000,10.9000,100
ACS,20200423,11.9000,11.9000,9.3000,9.3000,1100
ACS,20200424,8.4000,10.9000,8.4000,8.4000,1300
ACS,20200427,10.1000,10.1000,10.1000,10.1000,1200
ACS,20200428,10.5000,10.5000,8.7000,8.7000,200
ACS,20200429,10.5000,10.5000,8.6000,8.6000,800
ACS,20200504,9.6000,9.6000,9.6000,9.6000,0
ACS,20200505,11.0000,11.0000,11.0000,11.0000,100
ACS,20200506,9.5000,9.5000,9.5000,9.5000,100
ACS,20200507,9.5000,9.5000,9.5000,9.5000,0
ACS,20200508,9.5000,9.5000,9.5000,9.5000,0
ACS,20200511,8.2000,9.5000,8.2000,9.5000,200
ACS,20200512,8.9000,8.9000,8.9000,8.9000,0
ACS,20200513,8.9000,8.9000,8.9000,8.9000,0
ACS,20200514,7.7000,7.7000,7.7000,7.7000,100
ACS,20200515,7.7000,7.7000,7.7000,7.7000,0
ACS,20200518,7.7000,7.7000,7.7000,7.7000,0
ACS,20200519,7.7000,7.7000,7.7000,7.7000,0
ACS,20200520,7.7000,7.7000,7.7000,7.7000,0
ACS,20200521,7.7000,7.7000,7.7000,7.7000,0
ACS,20200522,7.7000,7.7000,7.7000,7.7000,0
ACS,20200525,7.7000,7.7000,7.7000,7.7000,0
ACS,20200526,7.7000,7.7000,7.7000,7.7000,0
ACS,20200527,7.7000,7.7000,7.7000,7.7000,0
ACS,20200528,7.7000,7.7000,7.7000,7.7000,0
ACS,20200529,8.8000,8.8000,8.8000,8.8000,100
ACS,20200601,8.8000,8.8000,8.8000,8.8000,0
ACS,20200602,8.8000,8.8000,8.8000,8.8000,0
ACS,20200603,8.8000,8.8000,8.8000,8.8000,0
ACS,20200604,8.8000,8.8000,8.8000,8.8000,0
ACS,20200605,8.8000,8.8000,8.8000,8.8000,0
ACS,20200608,8.8000,8.8000,8.8000,8.8000,0
ACS,20200609,8.8000,8.8000,8.8000,8.8000,0
ACS,20200610,8.8000,8.8000,8.8000,8.8000,0
ACS,20200611,8.8000,8.8000,8.8000,8.8000,0
ACS,20200612,10.1000,10.1000,10.1000,10.1000,100
ACS,20200615,10.1000,10.1000,10.1000,10.1000,0
ACS,20200616,10.1000,10.1000,10.1000,10.1000,0
ACS,20200617,10.1000,10.1000,10.1000,10.1000,0
ACS,20200618,10.1000,10.1000,10.1000,10.1000,0
ACS,20200619,11.6000,11.6000,11.2000,11.2000,200
ACS,20200622,11.4000,11.4000,11.4000,11.4000,0
ACS,20200623,11.4000,11.4000,11.4000,11.4000,0
ACS,20200624,11.4000,11.4000,11.4000,11.4000,0
ACS,20200625,11.4000,11.4000,11.4000,11.4000,0
ACS,20200626,12.9000,12.9000,12.9000,12.9000,100
ACS,20200629,12.9000,12.9000,12.9000,12.9000,0
ACS,20200630,12.9000,12.9000,12.9000,12.9000,0
ACS,20200701,12.9000,12.9000,12.9000,12.9000,0
ACS,20200702,12.9000,12.9000,12.9000,12.9000,0
ACS,20200703,11.0000,11.0000,11.0000,11.0000,200
ACS,20200706,11.0000,11.0000,11.0000,11.0000,0
ACS,20200707,11.0000,11.0000,11.0000,11.0000,0
ACS,20200708,11.0000,11.0000,11.0000,11.0000,0
ACS,20200709,11.0000,11.0000,11.0000,11.0000,0
ACS,20200710,11.0000,11.0000,11.0000,11.0000,0
ACS,20200713,11.0000,11.0000,11.0000,11.0000,0
ACS,20200714,11.0000,11.0000,11.0000,11.0000,0
ACS,20200715,12.6000,12.6000,12.6000,12.6000,100
ACS,20200716,12.6000,12.6000,12.6000,12.6000,0
ACS,20200717,14.0000,14.0000,14.0000,14.0000,100
ACS,20200720,11.9000,11.9000,11.9000,11.9000,1600
ACS,20200721,10.2000,10.2000,10.2000,10.2000,4000
ACS,20200722,10.2000,10.2000,10.2000,10.2000,0
ACS,20200723,10.2000,10.2000,10.2000,10.2000,0
ACS,20200724,10.2000,10.2000,10.2000,10.2000,0
ACS,20200727,10.2000,10.2000,10.2000,10.2000,0
ACS,20200728,10.2000,10.2000,10.2000,10.2000,0
ACS,20200729,10.2000,10.2000,10.2000,10.2000,0
ACS,20200730,10.2000,10.2000,10.2000,10.2000,0
ACS,20200731,10.2000,10.2000,10.2000,10.2000,0
ACS,20200803,10.2000,10.2000,10.2000,10.2000,0
ACS,20200804,11.6000,11.6000,11.6000,11.6000,100
ACS,20200805,11.6000,11.6000,11.6000,11.6000,0
ACS,20200806,11.6000,11.6000,11.6000,11.6000,0
ACS,20200807,11.6000,11.6000,11.6000,11.6000,0
ACS,20200810,11.6000,11.6000,11.6000,11.6000,0
ACS,20200811,13.3000,13.3000,13.3000,13.3000,100
ACS,20200812,13.3000,13.3000,13.3000,13.3000,0
ACS,20200813,13.3000,13.3000,13.3000,13.3000,0
ACS,20200814,13.3000,13.3000,13.3000,13.3000,0
ACS,20200817,13.3000,13.3000,13.3000,13.3000,0
ACS,20200818,13.3000,13.3000,13.3000,13.3000,0
ACS,20200819,13.3000,13.3000,13.3000,13.3000,0
ACS,20200820,13.3000,13.3000,13.3000,13.3000,0
ACS,20200821,13.3000,13.3000,13.3000,13.3000,0
ACS,20200824,13.3000,13.3000,13.3000,13.3000,0
ACS,20200825,13.3000,13.3000,13.3000,13.3000,0
ACS,20200826,11.4000,11.4000,11.4000,11.4000,4000
ACS,20200827,11.4000,11.4000,11.4000,11.4000,0
ACS,20200828,11.4000,11.4000,11.4000,11.4000,0
ACS,20200831,11.4000,11.4000,11.4000,11.4000,0
ACS,20200901,11.4000,11.4000,11.4000,11.4000,0
ACS,20200903,11.4000,11.4000,11.4000,11.4000,0
ACS,20200904,11.4000,11.4000,11.4000,11.4000,0
ACS,20200907,11.4000,11.4000,11.4000,11.4000,0
ACS,20200908,11.4000,11.4000,11.4000,11.4000,0
ACS,20200909,11.4000,11.4000,11.4000,11.4000,0
ACS,20200910,11.4000,11.4000,11.4000,11.4000,0
ACS,20200911,11.4000,11.4000,11.4000,11.4000,0
ACS,20200914,11.4000,11.4000,11.4000,11.4000,0
ACS,20200915,11.4000,11.4000,11.4000,11.4000,0
ACS,20200916,11.4000,11.4000,11.4000,11.4000,0
ACS,20200917,11.4000,11.4000,11.4000,11.4000,0
ACS,20200918,11.4000,11.4000,11.4000,11.4000,0
ACS,20200921,11.4000,11.4000,11.4000,11.4000,0
ACS,20200922,11.4000,11.4000,11.4000,11.4000,0
ACS,20200923,11.4000,11.4000,11.4000,11.4000,0
ACS,20200924,11.4000,11.4000,11.4000,11.4000,0
ACS,20200925,11.4000,11.4000,11.4000,11.4000,0
ACS,20200928,11.4000,11.4000,11.4000,11.4000,0
ACS,20200929,11.5000,11.5000,11.5000,11.5000,500
ACS,20200930,11.5000,11.5000,11.5000,11.5000,0
ACS,20201001,11.5000,11.5000,11.5000,11.5000,0
ACS,20201002,11.5000,11.5000,11.5000,11.5000,0
ACS,20201005,11.5000,11.5000,11.5000,11.5000,0
ACS,20201006,9.9000,9.9000,9.9000,9.9000,100
ACS,20201007,9.9000,9.9000,9.9000,9.9000,0
ACS,20201008,9.9000,9.9000,9.9000,9.9000,0
ACS,20201009,10.7000,10.7000,9.0000,9.0000,1100
ACS,20201012,10.5000,10.5000,10.5000,10.5000,0
ACS,20201013,10.5000,10.5000,10.5000,10.5000,0
ACS,20201014,12.0000,12.0000,12.0000,12.0000,600
ACS,20201015,12.0000,12.0000,12.0000,12.0000,0
ACS,20201016,12.0000,12.0000,12.0000,12.0000,0
ACS,20201019,12.0000,12.0000,12.0000,12.0000,0
ACS,20201020,13.8000,13.8000,13.8000,13.8000,100
ACS,20201021,13.8000,13.8000,13.8000,13.8000,0
ACS,20201022,15.8000,15.8000,15.8000,15.8000,100
ACS,20201023,15.8000,15.8000,15.8000,15.8000,0
ACS,20201026,15.8000,15.8000,15.8000,15.8000,0
ACS,20201027,15.8000,15.8000,15.8000,15.8000,0
ACS,20201028,15.8000,15.8000,15.8000,15.8000,0
ACS,20201029,15.8000,15.8000,15.8000,15.8000,0
ACS,20201030,15.8000,15.8000,15.8000,15.8000,0
ACS,20201102,15.8000,15.8000,15.8000,15.8000,0
ACS,20201103,15.8000,15.8000,15.8000,15.8000,0
ACS,20201104,15.8000,15.8000,15.8000,15.8000,0
ACS,20201105,15.8000,15.8000,15.8000,15.8000,0
ACS,20201106,15.8000,15.8000,15.8000,15.8000,0
ACS,20201109,15.8000,15.8000,15.8000,15.8000,0
ACS,20201110,15.8000,15.8000,15.8000,15.8000,0
ACS,20201111,15.8000,15.8000,15.8000,15.8000,0
ACS,20201112,15.8000,15.8000,15.8000,15.8000,0
ACS,20201113,15.8000,15.8000,15.8000,15.8000,0
ACS,20201116,15.8000,15.8000,15.8000,15.8000,0
ACS,20201117,15.8000,15.8000,15.8000,15.8000,0
ACS,20201118,13.5000,13.5000,13.5000,13.5000,100
ACS,20201119,12.0000,12.0000,12.0000,12.0000,39300
ACS,20201120,12.0000,12.0000,12.0000,12.0000,0
ACS,20201123,12.0000,12.0000,12.0000,12.0000,0
ACS,20201124,12.0000,12.0000,12.0000,12.0000,11600
ACS,20201125,12.0000,12.0000,12.0000,12.0000,0
ACS,20201126,12.0000,12.0000,12.0000,12.0000,0
ACS,20201127,12.0000,12.0000,12.0000,12.0000,0
ACS,20201130,12.0000,12.0000,12.0000,12.0000,0
ACS,20201201,12.0000,12.0000,12.0000,12.0000,0
ACS,20201202,12.0000,12.0000,12.0000,12.0000,0
ACS,20201203,12.0000,12.0000,12.0000,12.0000,0
ACS,20201204,12.0000,12.0000,12.0000,12.0000,0
ACS,20201207,12.0000,12.0000,12.0000,12.0000,0
ACS,20201208,12.0000,12.0000,12.0000,12.0000,0
ACS,20201209,12.0000,12.0000,12.0000,12.0000,0
ACS,20201210,12.0000,12.0000,12.0000,12.0000,0
ACS,20201211,12.0000,12.0000,12.0000,12.0000,0
ACS,20201214,12.0000,12.0000,12.0000,12.0000,0
ACS,20201215,12.0000,12.0000,12.0000,12.0000,0
ACS,20201216,12.0000,12.0000,12.0000,12.0000,0
ACS,20201217,12.0000,12.0000,12.0000,12.0000,0
ACS,20201218,12.0000,12.0000,12.0000,12.0000,0
ACS,20201221,12.0000,12.0000,12.0000,12.0000,0
ACS,20201222,12.0000,12.0000,12.0000,12.0000,0
ACS,20201223,12.0000,12.0000,12.0000,12.0000,0
ACS,20201224,12.0000,12.0000,12.0000,12.0000,0
ACS,20201225,12.0000,12.0000,12.0000,12.0000,0
ACS,20201228,12.0000,12.0000,12.0000,12.0000,0
ACS,20201229,12.0000,12.0000,12.0000,12.0000,0
ACS,20201230,12.0000,12.0000,12.0000,12.0000,0
ACS,20201231,12.0000,12.0000,12.0000,12.0000,0
ACS,20210104,12.0000,12.0000,12.0000,12.0000,0
ACS,20210105,12.0000,12.0000,12.0000,12.0000,0
ACS,20210106,12.0000,12.0000,12.0000,12.0000,0
ACS,20210107,12.0000,12.0000,12.0000,12.0000,0
ACS,20210108,13.4000,13.4000,13.4000,13.4000,100
ACS,20210111,13.4000,13.4000,13.4000,13.4000,0
ACS,20210112,13.4000,13.4000,13.4000,13.4000,0
ACS,20210113,13.4000,13.4000,13.4000,13.4000,0
ACS,20210114,13.4000,13.4000,13.4000,13.4000,0
ACS,20210115,13.4000,13.4000,13.4000,13.4000,0
ACS,20210118,13.4000,13.4000,13.4000,13.4000,0
ACS,20210119,13.4000,13.4000,13.4000,13.4000,0
ACS,20210120,13.4000,13.4000,13.4000,13.4000,0
ACS,20210121,13.4000,13.4000,13.4000,13.4000,0
ACS,20210122,13.4000,13.4000,13.4000,13.4000,0
ACS,20210125,13.4000,13.4000,13.4000,13.4000,0
ACS,20210126,13.4000,13.4000,13.4000,13.4000,0
ACS,20210127,13.4000,13.4000,13.4000,13.4000,0
ACS,20210128,13.4000,13.4000,13.4000,13.4000,0
ACS,20210129,13.4000,13.4000,13.4000,13.4000,0
ACS,20210201,13.4000,13.4000,13.4000,13.4000,0
ACS,20210202,13.4000,13.4000,13.4000,13.4000,0
ACS,20210203,13.4000,13.4000,13.4000,13.4000,0
ACS,20210204,13.4000,13.4000,13.4000,13.4000,0
ACS,20210205,13.4000,13.4000,13.4000,13.4000,500
ACS,20210208,13.4000,13.4000,13.4000,13.4000,0
ACS,20210209,13.5000,13.5000,13.5000,13.5000,2000
ACS,20210217,13.5000,13.5000,13.5000,13.5000,0
ACS,20210218,13.5000,13.5000,13.5000,13.5000,0
ACS,20210219,13.5000,13.5000,13.5000,13.5000,0
ACS,20210222,13.5000,13.5000,13.5000,13.5000,0
ACS,20210223,13.5000,13.5000,13.5000,13.5000,0
ACS,20210224,13.5000,13.5000,13.5000,13.5000,0
ACS,20210225,13.5000,13.5000,13.5000,13.5000,0
ACS,20210226,13.5000,13.5000,13.5000,13.5000,0
ACS,20210301,13.5000,13.5000,13.5000,13.5000,0
ACS,20210302,13.5000,13.5000,13.5000,13.5000,0
ACS,20210303,15.5000,15.5000,15.0000,15.5000,400
ACS,20210304,15.4000,15.4000,15.4000,15.4000,0
ACS,20210305,15.4000,15.4000,15.4000,15.4000,0
ACS,20210308,15.4000,15.4000,15.4000,15.4000,0
ACS,20210309,15.4000,15.4000,15.4000,15.4000,0
ACS,20210310,15.4000,15.4000,15.4000,15.4000,0
ACS,20210311,15.4000,15.4000,15.4000,15.4000,0
ACS,20210312,15.4000,15.4000,15.4000,15.4000,0
ACS,20210315,15.4000,15.4000,15.4000,15.4000,0
ACS,20210316,15.4000,15.4000,15.4000,15.4000,0
ACS,20210317,15.4000,15.5000,15.4000,15.5000,10
ACS,20210318,15.4000,15.4000,15.4000,15.4000,0
ACS,20210319,15.4000,15.4000,15.4000,15.4000,0
ACS,20210322,15.4000,15.4000,15.4000,15.4000,0
ACS,20210323,15.4000,15.4000,15.4000,15.4000,0
ACS,20210324,15.4000,15.4000,15.4000,15.4000,0
ACS,20210325,15.4000,15.4000,15.4000,15.4000,0
ACS,20210326,15.4000,15.4000,15.4000,15.4000,0
ACS,20210329,15.4000,15.4000,15.4000,15.4000,0
ACS,20210330,15.4000,15.4000,15.4000,15.4000,0
ACS,20210331,15.4000,15.4000,15.4000,15.4000,0
ACS,20210401,15.0000,15.0000,15.0000,15.0000,200
ACS,20210402,15.1000,15.3000,15.1000,15.3000,800
ACS,20210405,15.2000,15.2000,15.2000,15.2000,0
ACS,20210406,15.2000,15.2000,15.2000,15.2000,0
ACS,20210407,15.2000,15.2000,15.2000,15.2000,0
ACS,20210408,15.2000,15.2000,15.2000,15.2000,0
ACS,20210409,15.2000,15.2000,15.2000,15.2000,0
ACS,20210412,15.2000,15.2000,15.2000,15.2000,0
ACS,20210413,15.2000,15.2000,15.2000,15.2000,0
ACS,20210414,15.2000,15.2000,15.2000,15.2000,0
ACS,20210415,15.2000,15.2000,15.2000,15.2000,500
ACS,20210416,15.2000,15.2000,15.2000,15.2000,0
ACS,20210419,15.2000,15.2000,15.2000,15.2000,0
ACS,20210420,15.2000,15.2000,15.2000,15.2000,0
ACS,20210422,15.2000,15.2000,15.2000,15.2000,0
ACS,20210423,15.2000,15.2000,15.2000,15.2000,0
ACS,20210426,15.2000,15.2000,15.2000,15.2000,0
ACS,20210427,15.2000,15.2000,15.2000,15.2000,0
ACS,20210428,15.2000,15.2000,15.2000,15.2000,0
ACS,20210429,15.2000,15.2000,15.2000,15.2000,0
ACS,20210504,15.2000,15.2000,15.2000,15.2000,0
ACS,20210505,15.2000,15.2000,15.2000,15.2000,0
ACS,20210506,15.2000,15.2000,15.2000,15.2000,0
ACS,20210507,15.2000,15.2000,15.2000,15.2000,0
ACS,20210510,15.2000,15.2000,13.0000,13.0000,500
ACS,20210511,13.0000,13.0000,13.0000,13.0000,0
ACS,20210512,13.0000,13.0000,13.0000,13.0000,0
ACS,20210513,13.0000,13.0000,13.0000,13.0000,0
ACS,20210514,13.0000,13.0000,13.0000,13.0000,0
ACS,20210517,13.0000,13.0000,13.0000,13.0000,0
ACS,20210518,13.0000,13.0000,13.0000,13.0000,0
ACS,20210519,13.0000,13.0000,13.0000,13.0000,0
ACS,20210520,13.0000,13.0000,13.0000,13.0000,0
ACS,20210521,13.0000,13.0000,13.0000,13.0000,0
ACS,20210524,13.0000,13.0000,13.0000,13.0000,0
ACS,20210525,13.0000,13.0000,13.0000,13.0000,0
ACS,20210526,13.0000,13.0000,13.0000,13.0000,0
ACS,20210527,13.0000,13.0000,13.0000,13.0000,0
ACS,20210528,13.0000,13.0000,13.0000,13.0000,0
ACS,20210531,13.0000,13.0000,13.0000,13.0000,0
ACS,20210601,13.0000,13.0000,13.0000,13.0000,0
ACS,20210602,13.0000,13.0000,13.0000,13.0000,0
ACS,20210603,13.0000,13.0000,13.0000,13.0000,0
ACS,20210604,13.0000,13.0000,13.0000,13.0000,2
ACS,20210607,13.0000,13.0000,13.0000,13.0000,0
ACS,20210608,13.0000,13.0000,13.0000,13.0000,0
ACS,20210609,13.0000,13.0000,13.0000,13.0000,0
ACS,20210610,13.0000,13.0000,13.0000,13.0000,0
ACS,20210611,13.0000,13.0000,13.0000,13.0000,1
ACS,20210614,13.0000,13.0000,13.0000,13.0000,0
ACS,20210615,13.0000,13.0000,13.0000,13.0000,0
ACS,20210616,13.0000,13.0000,13.0000,13.0000,0
ACS,20210617,13.0000,13.0000,13.0000,13.0000,0
ACS,20210618,12.0000,12.0000,11.1000,11.1000,10000
ACS,20210621,11.1000,12.0000,11.1000,12.0000,0
ACS,20210622,12.0000,12.0000,12.0000,12.0000,0
ACS,20210623,12.2000,12.2000,10.3000,10.3000,600
ACS,20210624,11.6000,11.6000,11.6000,11.6000,0
ACS,20210625,10.0000,10.0000,10.0000,10.0000,300
ACS,20210628,11.5000,11.5000,11.5000,11.5000,200
ACS,20210629,13.2000,13.2000,11.5000,11.5000,5500
ACS,20210630,13.1000,13.1000,13.1000,13.1000,300
ACS,20210701,11.5000,11.5000,11.5000,11.5000,100
ACS,20210702,11.5000,12.0000,11.5000,12.0000,1600
ACS,20210705,11.7000,11.7000,11.7000,11.7000,1500
ACS,20210706,11.7000,11.7000,11.7000,11.7000,800
ACS,20210707,11.7000,11.7000,11.7000,11.7000,0
ACS,20210708,11.7000,11.7000,11.7000,11.7000,0
ACS,20210709,11.8000,11.8000,11.7000,11.7000,1000
ACS,20210712,11.8000,11.8000,10.2000,10.2000,1200
ACS,20210713,11.5000,11.5000,11.5000,11.5000,0
ACS,20210714,9.8000,9.8000,9.8000,9.8000,1000
ACS,20210715,11.2000,11.2000,11.2000,11.2000,700
ACS,20210716,12.0000,12.0000,12.0000,12.0000,500
ACS,20210719,11.8000,11.8000,11.8000,11.8000,300
ACS,20210720,11.0000,11.0000,11.0000,11.0000,100
ACS,20210721,11.0000,11.0000,11.0000,11.0000,0
ACS,20210722,11.0000,11.0000,11.0000,11.0000,0
ACS,20210723,11.0000,11.0000,11.0000,11.0000,0
ACS,20210726,11.0000,11.0000,11.0000,11.0000,0
ACS,20210727,11.0000,11.0000,11.0000,11.0000,0
ACS,20210728,11.0000,11.0000,11.0000,11.0000,0
ACS,20210729,11.0000,11.0000,11.0000,11.0000,0
ACS,20210730,11.1000,11.1000,11.1000,11.1000,900
ACS,20210802,11.1000,11.1000,11.1000,11.1000,0
ACS,20210803,11.1000,11.1000,11.1000,11.1000,0
ACS,20210804,11.1000,11.1000,11.1000,11.1000,0
ACS,20210805,11.1000,11.1000,11.1000,11.1000,0
ACS,20210806,11.1000,11.1000,11.1000,11.1000,100
ACS,20210809,11.1000,11.1000,11.1000,11.1000,0
ACS,20210810,11.1000,11.1000,11.1000,11.1000,0
ACS,20210811,11.1000,11.1000,11.1000,11.1000,0
ACS,20210812,11.1000,11.1000,11.1000,11.1000,0
ACS,20210813,11.1000,11.1000,11.1000,11.1000,0
ACS,20210816,11.1000,11.1000,11.1000,11.1000,0
ACS,20210817,11.1000,11.1000,11.1000,11.1000,0
ACS,20210818,11.1000,11.1000,11.1000,11.1000,0
ACS,20210819,11.1000,11.1000,11.1000,11.1000,0
ACS,20210820,11.1000,11.1000,10.1000,10.1000,100
ACS,20210823,10.1000,10.1000,10.1000,10.1000,0
ACS,20210824,10.1000,10.1000,10.1000,10.1000,0
ACS,20210825,10.1000,10.1000,10.1000,10.1000,0
ACS,20210826,10.1000,10.1000,10.1000,10.1000,0
ACS,20210827,10.1000,10.1000,10.1000,10.1000,0
ACS,20210830,10.1000,10.1000,10.1000,10.1000,0
ACS,20210831,10.1000,10.1000,10.1000,10.1000,0
ACS,20210901,10.1000,10.1000,10.1000,10.1000,0
ACS,20210906,10.1000,10.1000,10.1000,10.1000,0
ACS,20210907,10.1000,10.1000,10.1000,10.1000,0
ACS,20210908,10.1000,10.1000,10.1000,10.1000,0
ACS,20210909,10.1000,10.1000,10.1000,10.1000,0
ACS,20210910,11.6000,11.6000,11.6000,11.6000,100
ACS,20210913,11.6000,11.6000,11.6000,11.6000,0
ACS,20210914,11.6000,11.6000,11.6000,11.6000,0
ACS,20210915,11.6000,11.6000,11.6000,11.6000,0
ACS,20210916,11.6000,11.6000,11.6000,11.6000,0
ACS,20210917,13.0000,13.3000,13.0000,13.3000,200
ACS,20210920,13.2000,13.2000,13.2000,13.2000,0
ACS,20210921,13.2000,13.2000,13.2000,13.2000,0
ACS,20210922,13.2000,13.2000,13.2000,13.2000,0
ACS,20210923,13.2000,13.2000,13.2000,13.2000,0
ACS,20210924,13.2000,13.2000,13.2000,13.2000,0
ACS,20210927,13.2000,13.2000,13.2000,13.2000,0
ACS,20210928,13.2000,13.2000,13.2000,13.2000,0
ACS,20210929,13.2000,13.2000,13.2000,13.2000,0
ACS,20210930,13.2000,13.2000,13.2000,13.2000,0
ACS,20211001,13.5000,13.5000,11.4000,11.4000,1400
ACS,20211004,13.4000,13.4000,13.4000,13.4000,0
ACS,20211005,13.4000,13.4000,13.4000,13.4000,0
ACS,20211006,13.4000,13.4000,13.4000,13.4000,0
ACS,20211007,13.4000,13.4000,13.4000,13.4000,0
ACS,20211008,11.4000,11.4000,11.4000,11.4000,500
ACS,20211011,11.4000,11.4000,11.4000,11.4000,0
ACS,20211012,11.4000,11.4000,11.4000,11.4000,0
ACS,20211013,11.4000,11.4000,11.4000,11.4000,0
ACS,20211014,11.4000,11.4000,11.4000,11.4000,0
ACS,20211015,13.0000,13.0000,10.3000,10.3000,200
ACS,20211018,10.3000,11.7000,10.3000,11.7000,0
ACS,20211019,10.4000,10.4000,10.4000,10.4000,100
ACS,20211020,11.0000,11.5000,11.0000,11.1000,48000
ACS,20211021,12.8000,12.8000,12.8000,12.8000,100
ACS,20211022,11.5000,11.5000,11.1000,11.1000,200
ACS,20211025,11.1000,11.3000,11.1000,11.3000,0
ACS,20211026,12.5000,12.5000,11.4000,11.4000,700
ACS,20211027,13.1000,13.1000,12.0000,12.0000,500
ACS,20211028,12.0000,12.3000,12.0000,12.3000,0
ACS,20211029,12.9000,13.0000,12.9000,13.0000,901
ACS,20211101,13.2000,13.2000,12.0000,13.2000,259
ACS,20211102,13.0000,13.2000,13.0000,13.0000,2000
ACS,20211103,13.1000,13.1000,13.1000,13.1000,0
ACS,20211104,13.1000,13.1000,13.1000,13.1000,1559
ACS,20211105,13.1000,13.1000,13.1000,13.1000,0
ACS,20211108,11.2000,14.0000,11.2000,12.1000,2300
ACS,20211109,12.1000,12.8000,12.1000,12.8000,0
ACS,20211110,12.8000,12.8000,12.8000,12.8000,0
ACS,20211111,13.5000,13.5000,13.5000,13.5000,3600
ACS,20211112,13.5000,15.5000,12.0000,15.5000,83558
ACS,20211115,17.0000,17.0000,17.0000,17.0000,15101
ACS,20211116,19.2000,19.5000,16.9000,19.0000,7200
ACS,20211117,15.2000,18.2000,15.2000,17.9000,40500
ACS,20211118,17.5000,17.5000,17.0000,17.5000,19300
ACS,20211119,17.3000,17.3000,16.7000,16.7000,22600
ACS,20211122,16.7000,16.9000,16.0000,16.1000,6400
ACS,20211123,16.1000,16.4000,16.0000,16.3000,3100
ACS,20211124,16.4000,16.9000,16.0000,16.9000,2600
ACS,20211125,17.1000,17.1000,16.9000,16.9000,1900
ACS,20211126,16.5000,16.5000,16.5000,16.5000,600
ACS,20211129,14.3000,16.3000,14.3000,16.3000,5000
ACS,20211130,15.3000,15.6000,15.2000,15.6000,2100
ACS,20211201,16.7000,16.7000,16.7000,16.7000,100
ACS,20211202,16.6000,16.6000,16.6000,16.6000,1900
ACS,20211203,16.6000,16.6000,14.2000,16.6000,500
ACS,20211206,16.6000,16.6000,16.6000,16.6000,0
ACS,20211207,16.0000,16.6000,16.0000,16.6000,500
ACS,20211208,16.6000,16.6000,16.5000,16.5000,0
ACS,20211209,16.5000,16.5000,16.0000,16.5000,100
ACS,20211210,14.7000,14.9000,14.7000,14.8000,500
ACS,20211213,14.9000,14.9000,14.9000,14.9000,500
ACS,20211214,14.9000,14.9000,14.9000,14.9000,0
ACS,20211215,15.0000,15.0000,15.0000,15.0000,1100
ACS,20211216,15.5000,15.5000,15.1000,15.2000,900
ACS,20211217,15.2000,15.6000,15.2000,15.6000,700
ACS,20211220,15.6000,15.6000,15.6000,15.6000,1200
ACS,20211221,15.6000,15.6000,15.6000,15.6000,0
ACS,20211222,14.5000,14.6000,14.5000,14.6000,1200
ACS,20211223,12.4000,14.5000,12.4000,14.5000,2800
ACS,20211224,13.6000,13.6000,13.6000,13.6000,0
ACS,20211227,13.6000,13.6000,13.6000,13.6000,0
ACS,20211228,13.6000,13.6000,13.6000,13.6000,500
ACS,20211229,13.6000,13.6000,13.6000,13.6000,0
ACS,20211230,13.6000,14.0000,13.6000,14.0000,1209
ACS,20211231,13.9000,13.9000,13.9000,13.9000,1400
ACS,20220104,15.8000,15.8000,15.4000,15.4000,1100
ACS,20220105,15.5000,15.5000,13.7000,13.7000,3800
ACS,20220106,15.4000,15.4000,15.4000,15.4000,1000
ACS,20220107,14.1000,14.1000,14.1000,14.1000,100
ACS,20220110,14.1000,14.1000,14.1000,14.1000,0
ACS,20220111,14.1000,14.1000,14.1000,14.1000,0
ACS,20220112,14.1000,14.1000,14.1000,14.1000,3200
ACS,20220113,14.1000,14.1000,14.1000,14.1000,100
ACS,20220114,14.1000,14.1000,14.1000,14.1000,0
ACS,20220117,14.1000,14.1000,14.1000,14.1000,0
ACS,20220118,14.1000,14.1000,14.1000,14.1000,0
ACS,20220119,14.1000,14.1000,14.1000,14.1000,0
ACS,20220120,12.1000,14.0000,12.0000,14.0000,1100
ACS,20220121,12.2000,12.2000,12.2000,12.2000,0
ACS,20220124,11.4000,13.2000,11.1000,13.2000,400
ACS,20220125,13.3000,13.3000,13.2000,13.3000,800
ACS,20220126,13.8000,13.8000,13.8000,13.8000,100
ACS,20220127,13.8000,13.8000,13.8000,13.8000,0
ACS,20220128,13.0000,13.0000,13.0000,13.0000,200
ACS,20220207,13.8000,13.8000,13.8000,13.8000,100
ACS,20220208,14.2000,14.2000,14.2000,14.2000,100
ACS,20220209,14.2000,14.2000,14.2000,14.2000,0
ACS,20220210,14.8000,14.8000,13.5000,14.0000,3900
ACS,20220211,13.1000,13.1000,13.0000,13.0000,500
ACS,20220214,13.1000,13.7000,13.1000,13.7000,700
ACS,20220215,13.6000,13.6000,13.6000,13.6000,800
ACS,20220216,13.5000,13.5000,13.5000,13.5000,1100
ACS,20220217,13.8000,15.0000,13.8000,14.0000,8400
ACS,20220218,14.5000,14.5000,14.5000,14.5000,100
ACS,20220221,14.5000,14.5000,14.5000,14.5000,0
ACS,20220222,14.5000,14.5000,14.5000,14.5000,0
ACS,20220223,13.5000,13.5000,13.5000,13.5000,1100
ACS,20220224,13.5000,13.5000,13.5000,13.5000,0
ACS,20220225,13.5000,13.5000,13.5000,13.5000,400
ACS,20220228,13.5000,13.5000,13.5000,13.5000,1000
ACS,20220301,13.5000,13.5000,13.5000,13.5000,0
ACS,20220302,13.5000,13.5000,13.5000,13.5000,0
ACS,20220303,13.8000,13.8000,13.8000,13.8000,1000
ACS,20220304,13.1000,13.8000,13.1000,13.8000,900
ACS,20220307,13.3000,13.3000,13.3000,13.3000,300
ACS,20220308,13.3000,13.3000,13.3000,13.3000,500
ACS,20220309,13.3000,14.0000,13.3000,14.0000,1000
ACS,20220310,13.5000,13.5000,13.5000,13.5000,2800
ACS,20220311,13.6000,13.8000,13.6000,13.8000,600
ACS,20220314,13.3000,14.4000,13.3000,14.4000,3000
ACS,20220315,14.0000,14.0000,14.0000,14.0000,0
ACS,20220316,14.0000,14.0000,14.0000,14.0000,0
ACS,20220317,14.0000,14.0000,14.0000,14.0000,0
ACS,20220318,14.0000,14.0000,14.0000,14.0000,2000
ACS,20220321,14.0000,14.0000,13.1000,14.0000,1000
ACS,20220322,14.0000,14.0000,13.5000,14.0000,5200
ACS,20220323,13.7000,13.7000,13.7000,13.7000,0
ACS,20220324,13.7000,13.7000,13.7000,13.7000,0
ACS,20220325,13.7000,13.7000,13.7000,13.7000,0
ACS,20220328,13.5000,13.5000,13.5000,13.5000,100
ACS,20220329,13.5000,13.5000,13.0000,13.0000,7800
ACS,20220330,13.1000,13.1000,13.1000,13.1000,1300
ACS,20220331,13.1000,13.1000,13.1000,13.1000,0
ACS,20220401,12.0000,14.0000,12.0000,13.9000,3900
ACS,20220404,13.2000,13.2000,13.2000,13.2000,100
ACS,20220405,13.2000,13.2000,13.2000,13.2000,0
ACS,20220406,13.0000,13.2000,13.0000,13.2000,100
ACS,20220407,13.0000,13.0000,13.0000,13.0000,0
ACS,20220408,13.0000,13.0000,13.0000,13.0000,0
ACS,20220412,13.0000,13.0000,13.0000,13.0000,0
ACS,20220413,13.0000,13.0000,13.0000,13.0000,0
ACS,20220414,13.0000,13.0000,13.0000,13.0000,0
ACS,20220415,13.0000,13.0000,13.0000,13.0000,0
ACS,20220418,13.0000,13.0000,13.0000,13.0000,0
ACS,20220419,13.0000,13.0000,13.0000,13.0000,0
ACS,20220420,11.3000,11.3000,11.3000,11.3000,2100
ACS,20220421,12.9000,12.9000,9.7000,9.7000,200
ACS,20220422,12.9000,12.9000,9.8000,12.9000,3800
ACS,20220425,11.5000,11.5000,11.5000,11.5000,1100
ACS,20220426,11.5000,11.5000,11.5000,11.5000,0
ACS,20220427,13.0000,13.0000,12.9000,12.9000,2700
ACS,20220428,13.0000,13.0000,13.0000,13.0000,0
ACS,20220429,12.7000,12.7000,12.6000,12.6000,300
ACS,20220504,12.7000,12.7000,12.7000,12.7000,0
ACS,20220505,12.7000,12.7000,12.7000,12.7000,0
ACS,20220506,12.7000,12.7000,12.7000,12.7000,0
ACS,20220509,12.7000,12.7000,12.7000,12.7000,0
ACS,20220510,12.7000,12.7000,12.7000,12.7000,0
ACS,20220511,12.7000,12.7000,12.7000,12.7000,0
ACS,20220512,13.5000,13.5000,13.2000,13.3000,1200
ACS,20220513,13.5000,13.5000,13.5000,13.5000,0
ACS,20220516,13.5000,13.5000,13.5000,13.5000,0
ACS,20220517,13.5000,13.5000,13.5000,13.5000,0
ACS,20220518,13.5000,13.5000,13.5000,13.5000,0
ACS,20220519,13.5000,13.5000,13.5000,13.5000,0
ACS,20220520,13.5000,13.5000,13.5000,13.5000,1000
ACS,20220523,13.5000,13.5000,13.5000,13.5000,1000
ACS,20220524,13.5000,13.5000,13.5000,13.5000,0
ACS,20220525,13.5000,13.5000,13.5000,13.5000,0
ACS,20220526,13.5000,13.5000,13.5000,13.5000,0
ACS,20220527,13.5000,13.5000,13.5000,13.5000,0
ACS,20220530,13.5000,13.5000,13.5000,13.5000,0
ACS,20220531,13.5000,13.5000,13.5000,13.5000,0
ACS,20220601,13.5000,13.5000,13.5000,13.5000,0
ACS,20220602,13.5000,13.5000,13.5000,13.5000,0
ACS,20220603,13.5000,13.5000,13.5000,13.5000,0
ACS,20220606,13.5000,13.5000,13.5000,13.5000,0
ACS,20220607,13.5000,13.5000,13.5000,13.5000,0
ACS,20220608,13.5000,13.5000,13.5000,13.5000,0
ACS,20220609,13.5000,13.5000,13.5000,13.5000,0
ACS,20220610,13.5000,13.5000,13.5000,13.5000,1
ACS,20220613,13.5000,13.5000,13.5000,13.5000,0
ACS,20220614,13.5000,13.5000,13.5000,13.5000,0
ACS,20220615,13.5000,13.5000,13.5000,13.5000,0
ACS,20220616,13.5000,13.5000,13.5000,13.5000,0
ACS,20220617,13.5000,13.5000,13.5000,13.5000,100
ACS,20220620,13.5000,13.5000,13.5000,13.5000,0
ACS,20220621,13.5000,13.5000,13.5000,13.5000,0
ACS,20220622,13.5000,13.5000,13.5000,13.5000,0
ACS,20220623,13.5000,13.5000,13.5000,13.5000,0
ACS,20220624,13.5000,13.5000,13.5000,13.5000,0
ACS,20220627,13.5000,13.5000,13.5000,13.5000,0
ACS,20220628,13.5000,13.5000,13.5000,13.5000,0
ACS,20220629,13.5000,13.5000,13.5000,13.5000,0
ACS,20220630,13.5000,13.5000,13.5000,13.5000,0
ACS,20220701,13.5000,13.5000,13.5000,13.5000,0
ACS,20220704,13.5000,13.5000,13.5000,13.5000,0
ACS,20220705,13.5000,13.5000,13.5000,13.5000,0
ACS,20220706,13.5000,13.5000,13.5000,13.5000,0
ACS,20220707,13.5000,13.5000,13.5000,13.5000,0
ACS,20220708,13.5000,13.5000,13.5000,13.5000,0
ACS,20220711,13.5000,13.5000,13.5000,13.5000,0
ACS,20220712,13.5000,13.5000,13.5000,13.5000,0
ACS,20220713,13.5000,13.5000,13.5000,13.5000,0
ACS,20220714,13.5000,13.5000,13.5000,13.5000,0
ACS,20220715,13.5000,13.5000,13.5000,13.5000,0
ACS,20220718,13.5000,13.5000,13.5000,13.5000,0
ACS,20220719,13.5000,13.5000,13.5000,13.5000,0
ACS,20220720,11.5000,12.0000,11.5000,12.0000,1100
ACS,20220721,9.9000,9.9000,9.8000,9.8000,1400
ACS,20220722,8.5000,8.5000,8.5000,8.5000,500
ACS,20220725,8.5000,8.5000,8.5000,8.5000,0
ACS,20220726,8.5000,8.5000,8.5000,8.5000,0
ACS,20220727,8.5000,8.5000,8.5000,8.5000,0
ACS,20220728,8.5000,8.5000,8.5000,8.5000,0
ACS,20220729,8.5000,8.5000,8.5000,8.5000,0
ACS,20220801,8.0000,9.7000,8.0000,9.7000,2500
ACS,20220802,8.1000,8.1000,8.1000,8.1000,0
ACS,20220803,9.0000,9.3000,9.0000,9.3000,500
ACS,20220804,9.1000,9.1000,9.1000,9.1000,0
ACS,20220805,10.0000,10.0000,10.0000,10.0000,800
ACS,20220808,10.0000,10.0000,10.0000,10.0000,0
ACS,20220809,10.0000,10.0000,10.0000,10.0000,0
ACS,20220810,10.0000,10.0000,10.0000,10.0000,0
ACS,20220811,10.0000,10.0000,10.0000,10.0000,0
ACS,20220812,10.0000,10.0000,10.0000,10.0000,2200
ACS,20220815,10.0000,10.0000,10.0000,10.0000,0
ACS,20220816,10.0000,10.0000,10.0000,10.0000,0
ACS,20220817,10.0000,10.0000,10.0000,10.0000,0
ACS,20220818,10.0000,10.0000,10.0000,10.0000,0
ACS,20220819,10.0000,10.0000,10.0000,10.0000,100
ACS,20220822,10.0000,10.0000,10.0000,10.0000,0
ACS,20220823,10.0000,10.0000,10.0000,10.0000,0
ACS,20220824,10.0000,10.0000,10.0000,10.0000,0
ACS,20220825,10.0000,10.0000,10.0000,10.0000,0
ACS,20220826,10.0000,10.0000,10.0000,10.0000,0
ACS,20220829,8.5000,8.5000,8.5000,8.5000,100
ACS,20220830,8.5000,8.5000,8.5000,8.5000,0
ACS,20220831,7.4000,7.4000,7.4000,7.4000,100
ACS,20220905,8.5000,8.5000,8.5000,8.5000,1800
ACS,20220906,8.5000,8.5000,8.5000,8.5000,0
ACS,20220907,8.5000,8.5000,8.5000,8.5000,0
ACS,20220908,8.5000,8.5000,8.5000,8.5000,0
ACS,20220909,9.7000,9.7000,9.7000,9.7000,1000
ACS,20220912,9.7000,9.7000,9.7000,9.7000,0
ACS,20220913,9.7000,9.7000,9.7000,9.7000,0
ACS,20220914,9.7000,9.7000,9.7000,9.7000,0
ACS,20220915,8.6000,8.6000,8.6000,8.6000,100
ACS,20220916,8.6000,8.6000,8.6000,8.6000,0
ACS,20220919,8.6000,8.6000,8.6000,8.6000,0
ACS,20220920,8.6000,8.6000,8.6000,8.6000,0
ACS,20220921,8.6000,8.6000,8.6000,8.6000,0
ACS,20220922,9.8000,9.8000,9.0000,9.0000,800
ACS,20220923,9.1000,9.1000,9.1000,9.1000,0
ACS,20220926,9.1000,9.1000,9.1000,9.1000,0
ACS,20220927,9.1000,9.1000,9.1000,9.1000,0
ACS,20220928,9.1000,9.1000,9.1000,9.1000,0
ACS,20220929,9.1000,9.1000,9.1000,9.1000,0
ACS,20220930,9.1000,9.1000,9.1000,9.1000,0
ACS,20221003,7.8000,7.8000,7.8000,7.8000,100
ACS,20221004,7.8000,7.8000,7.8000,7.8000,0
ACS,20221005,7.8000,7.8000,7.8000,7.8000,0
ACS,20221006,7.8000,7.8000,7.8000,7.8000,0
ACS,20221007,7.8000,7.8000,7.8000,7.8000,0
ACS,20221010,7.8000,7.8000,7.8000,7.8000,0
ACS,20221011,8.9000,8.9000,8.9000,8.9000,100
ACS,20221012,8.9000,8.9000,8.9000,8.9000,0
ACS,20221013,7.6000,7.6000,7.6000,7.6000,100
ACS,20221014,7.6000,7.6000,7.6000,7.6000,0
ACS,20221017,7.6000,7.6000,7.6000,7.6000,0
ACS,20221018,7.6000,7.6000,7.6000,7.6000,0
ACS,20221019,7.6000,7.6000,7.6000,7.6000,0
ACS,20221020,7.6000,7.6000,7.6000,7.6000,0
ACS,20221021,7.6000,7.6000,7.6000,7.6000,0
ACS,20221024,7.6000,7.6000,7.6000,7.6000,0
ACS,20221025,7.6000,7.6000,7.6000,7.6000,0
ACS,20221026,7.6000,7.6000,7.6000,7.6000,0
ACS,20221027,7.6000,7.6000,7.6000,7.6000,0
ACS,20221028,7.6000,7.6000,7.6000,7.6000,0
ACS,20221031,7.6000,7.6000,7.6000,7.6000,0
ACS,20221101,7.6000,7.6000,7.6000,7.6000,0
ACS,20221102,7.6000,7.6000,7.6000,7.6000,0
ACS,20221103,7.6000,7.6000,7.6000,7.6000,0
ACS,20221104,7.6000,7.6000,7.6000,7.6000,0
ACS,20221107,6.5000,7.6000,6.5000,7.6000,6000
ACS,20221108,7.4000,7.4000,7.4000,7.4000,0
ACS,20221109,7.4000,7.4000,7.4000,7.4000,0
ACS,20221110,7.4000,7.4000,7.4000,7.4000,1100
ACS,20221111,7.4000,7.4000,7.4000,7.4000,0
ACS,20221114,7.4000,7.4000,7.4000,7.4000,0
ACS,20221115,6.5000,6.5000,6.3000,6.3000,6800
ACS,20221116,6.3000,6.3000,6.3000,6.3000,100
ACS,20221117,6.3000,6.3000,6.3000,6.3000,3000
ACS,20221118,6.3000,6.3000,6.3000,6.3000,0
ACS,20221121,5.5000,5.5000,5.5000,5.5000,100
ACS,20221122,5.7000,5.7000,5.7000,5.7000,6600
ACS,20221123,5.7000,5.7000,5.7000,5.7000,0
ACS,20221124,5.7000,5.7000,5.7000,5.7000,0
ACS,20221125,5.7000,5.7000,5.7000,5.7000,0
ACS,20221128,6.5000,6.5000,6.5000,6.5000,400
ACS,20221129,7.4000,7.4000,7.4000,7.4000,100
ACS,20221130,8.5000,8.5000,8.5000,8.5000,100
ACS,20221201,9.5000,9.5000,9.5000,9.5000,100
ACS,20221202,9.5000,9.5000,9.5000,9.5000,0
ACS,20221205,9.5000,9.5000,9.5000,9.5000,0
ACS,20221206,9.5000,9.5000,9.5000,9.5000,0
ACS,20221207,9.5000,9.5000,9.5000,9.5000,0
ACS,20221208,10.9000,10.9000,10.9000,10.9000,100
ACS,20221209,10.9000,10.9000,10.9000,10.9000,0
ACS,20221212,10.9000,10.9000,10.9000,10.9000,0
ACS,20221213,12.4000,12.4000,12.4000,12.4000,100
ACS,20221214,12.4000,12.4000,12.4000,12.4000,0
ACS,20221215,12.4000,12.4000,12.4000,12.4000,0
ACS,20221216,12.4000,12.4000,12.4000,12.4000,0
ACS,20221219,12.4000,12.4000,12.4000,12.4000,0
ACS,20221220,12.4000,12.4000,12.4000,12.4000,0
ACS,20221221,14.2000,14.2000,14.2000,14.2000,100
ACS,20221222,14.2000,14.2000,14.2000,14.2000,0
ACS,20221223,14.2000,14.2000,14.2000,14.2000,0
ACS,20221226,14.2000,14.2000,14.2000,14.2000,0
ACS,20221227,14.2000,14.2000,14.2000,14.2000,0
ACS,20221228,15.5000,15.5000,15.5000,15.5000,100
ACS,20221229,15.5000,15.5000,15.5000,15.5000,0
ACS,20221230,15.5000,15.5000,15.5000,15.5000,0
ACS,20230103,15.5000,15.5000,15.5000,15.5000,0
ACS,20230104,15.5000,15.5000,15.5000,15.5000,0
ACS,20230105,15.5000,15.5000,15.5000,15.5000,0
ACS,20230106,15.5000,15.5000,15.5000,15.5000,0
ACS,20230109,15.5000,15.5000,13.5000,13.5000,1000
ACS,20230110,14.5000,14.5000,14.5000,14.5000,0
ACS,20230111,14.5000,14.5000,14.5000,14.5000,0
ACS,20230112,14.5000,14.5000,14.5000,14.5000,0
ACS,20230113,14.5000,14.5000,14.5000,14.5000,0
ACS,20230116,14.5000,14.5000,14.5000,14.5000,0
ACS,20230117,14.5000,14.5000,14.5000,14.5000,0
ACS,20230118,14.5000,14.5000,14.5000,14.5000,0
ACS,20230119,14.5000,14.5000,14.5000,14.5000,0