SON,20180105,14.5000,14.5000,14.5000,14.5000,0
SON,20180108,14.5000,14.5000,14.5000,14.5000,0
SON,20180109,14.5000,14.5000,14.5000,14.5000,0
SON,20180110,14.5000,14.5000,14.5000,14.5000,0
SON,20180111,14.5000,14.5000,14.5000,14.5000,0
SON,20180112,14.5000,14.5000,14.5000,14.5000,0
SON,20180115,14.5000,14.5000,14.5000,14.5000,0
SON,20180116,14.5000,14.5000,14.5000,14.5000,0
SON,20180117,14.5000,14.5000,14.5000,14.5000,0
SON,20180118,14.5000,14.5000,14.5000,14.5000,0
SON,20180119,14.5000,14.5000,14.5000,14.5000,0
SON,20180122,14.5000,14.5000,14.5000,14.5000,0
SON,20180123,14.5000,14.5000,14.5000,14.5000,0
SON,20180124,14.5000,14.5000,14.5000,14.5000,0
SON,20180125,14.5000,14.5000,14.5000,14.5000,0
SON,20180126,14.5000,14.5000,14.5000,14.5000,0
SON,20180129,14.5000,14.5000,14.5000,14.5000,0
SON,20180130,14.5000,14.5000,14.5000,14.5000,0
SON,20180131,14.5000,14.5000,14.5000,14.5000,0
SON,20180201,14.5000,14.5000,14.5000,14.5000,0
SON,20180202,14.5000,14.5000,14.5000,14.5000,0
SON,20180205,14.5000,14.5000,14.5000,14.5000,0
SON,20180206,14.5000,14.5000,14.5000,14.5000,0
SON,20180207,14.5000,14.5000,14.5000,14.5000,0
SON,20180208,14.5000,14.5000,14.5000,14.5000,0
SON,20180209,14.5000,14.5000,14.5000,14.5000,0
SON,20180212,14.5000,14.5000,14.5000,14.5000,0
SON,20180213,14.5000,14.5000,14.5000,14.5000,0
SON,20180221,14.5000,14.5000,14.5000,14.5000,0
SON,20180222,14.5000,14.5000,14.5000,14.5000,0
SON,20180223,14.5000,14.5000,14.5000,14.5000,0
SON,20180226,14.5000,14.5000,14.5000,14.5000,0
SON,20180227,14.5000,14.5000,14.5000,14.5000,0
SON,20180228,14.5000,14.5000,14.5000,14.5000,0
SON,20180301,14.5000,14.5000,14.5000,14.5000,0
SON,20180302,14.5000,14.5000,14.5000,14.5000,0
SON,20180305,14.5000,14.5000,14.5000,14.5000,0
SON,20180306,14.5000,14.5000,14.5000,14.5000,0
SON,20180307,14.5000,14.5000,14.5000,14.5000,0
SON,20180308,14.5000,14.5000,14.5000,14.5000,0
SON,20180309,14.5000,14.5000,14.5000,14.5000,0
SON,20180312,14.5000,14.5000,14.5000,14.5000,0
SON,20180313,14.5000,14.5000,14.5000,14.5000,0
SON,20180314,8.7000,8.7000,8.7000,8.7000,3500
SON,20180315,8.7000,8.7000,8.7000,8.7000,0
SON,20180316,7.4000,7.4000,7.4000,7.4000,400
SON,20180319,8.3000,8.5000,8.3000,8.5000,3000
SON,20180320,8.5000,8.5000,8.5000,8.5000,800
SON,20180321,8.5000,8.5000,8.5000,8.5000,0
SON,20180322,7.3000,8.5000,7.3000,8.5000,1300
SON,20180323,8.2000,8.2000,8.2000,8.2000,0
SON,20180326,8.0000,8.0000,8.0000,8.0000,500
SON,20180327,8.2000,8.2000,8.2000,8.2000,200
SON,20180328,8.2000,8.2000,8.2000,8.2000,800
SON,20180329,8.2000,8.2000,8.2000,8.2000,0
SON,20180330,8.2000,8.2000,8.2000,8.2000,0
SON,20180402,8.2000,8.2000,8.2000,8.2000,0
SON,20180403,8.2000,8.2000,8.2000,8.2000,0
SON,20180404,8.2000,8.2000,8.2000,8.2000,0
SON,20180405,8.0000,8.0000,8.0000,8.0000,500
SON,20180406,8.0000,8.0000,8.0000,8.0000,0
SON,20180409,8.0000,8.0000,8.0000,8.0000,0
SON,20180410,8.0000,8.0000,8.0000,8.0000,0
SON,20180411,8.0000,8.0000,8.0000,8.0000,0
SON,20180412,8.0000,8.0000,8.0000,8.0000,0
SON,20180413,8.0000,8.0000,8.0000,8.0000,0
SON,20180416,8.0000,8.0000,8.0000,8.0000,0
SON,20180417,8.0000,8.0000,8.0000,8.0000,0
SON,20180418,8.0000,8.0000,8.0000,8.0000,0
SON,20180419,8.0000,8.0000,8.0000,8.0000,0
SON,20180420,8.0000,8.0000,8.0000,8.0000,0
SON,20180423,8.0000,8.0000,8.0000,8.0000,0
SON,20180424,8.0000,8.0000,8.0000,8.0000,0
SON,20180426,8.0000,8.0000,8.0000,8.0000,0
SON,20180427,8.0000,8.0000,8.0000,8.0000,0
SON,20180502,8.0000,8.0000,8.0000,8.0000,0
SON,20180503,8.0000,8.0000,8.0000,8.0000,0
SON,20180504,8.0000,8.0000,8.0000,8.0000,0
SON,20180507,8.0000,8.0000,8.0000,8.0000,0
SON,20180508,8.0000,8.0000,8.0000,8.0000,0
SON,20180509,8.0000,8.0000,8.0000,8.0000,0
SON,20180510,8.0000,8.0000,8.0000,8.0000,500
SON,20180511,8.0000,8.0000,8.0000,8.0000,0
SON,20180514,8.0000,8.0000,8.0000,8.0000,0
SON,20180515,8.0000,8.0000,8.0000,8.0000,0
SON,20180516,8.0000,8.0000,8.0000,8.0000,0
SON,20180517,8.0000,8.0000,8.0000,8.0000,0
SON,20180518,8.0000,8.0000,8.0000,8.0000,0
SON,20180521,8.0000,8.0000,8.0000,8.0000,0
SON,20180522,8.0000,8.0000,8.0000,8.0000,0
SON,20180523,8.0000,8.0000,8.0000,8.0000,0
SON,20180524,8.0000,8.0000,8.0000,8.0000,0
SON,20180525,8.0000,8.0000,8.0000,8.0000,0
SON,20180528,8.0000,8.0000,8.0000,8.0000,0
SON,20180529,8.0000,8.0000,8.0000,8.0000,0
SON,20180530,8.0000,8.0000,8.0000,8.0000,0
SON,20180531,8.0000,8.0000,8.0000,8.0000,0
SON,20180601,8.0000,8.0000,8.0000,8.0000,0
SON,20180604,8.0000,8.0000,8.0000,8.0000,0
SON,20180605,8.0000,8.0000,8.0000,8.0000,0
SON,20180606,8.0000,8.0000,8.0000,8.0000,0
SON,20180607,8.0000,8.0000,8.0000,8.0000,0
SON,20180608,8.0000,8.0000,8.0000,8.0000,0
SON,20180611,8.0000,8.0000,8.0000,8.0000,0
SON,20180612,8.0000,8.0000,8.0000,8.0000,0
SON,20180613,8.0000,8.0000,8.0000,8.0000,0
SON,20180614,8.0000,8.0000,8.0000,8.0000,0
SON,20180615,8.0000,8.0000,8.0000,8.0000,0
SON,20180618,8.0000,8.0000,8.0000,8.0000,0
SON,20180619,8.0000,8.0000,8.0000,8.0000,0
SON,20180620,8.0000,8.0000,8.0000,8.0000,0
SON,20180621,8.0000,8.0000,8.0000,8.0000,0
SON,20180622,8.0000,8.0000,8.0000,8.0000,0
SON,20180625,8.0000,8.0000,8.0000,8.0000,0
SON,20180626,8.0000,8.0000,8.0000,8.0000,0
SON,20180627,8.0000,8.0000,8.0000,8.0000,0
SON,20180628,8.0000,8.0000,8.0000,8.0000,0
SON,20180629,8.0000,8.0000,8.0000,8.0000,0
SON,20180702,8.0000,8.0000,8.0000,8.0000,0
SON,20180703,8.0000,8.0000,8.0000,8.0000,0
SON,20180704,8.0000,8.0000,8.0000,8.0000,0
SON,20180705,8.0000,8.0000,8.0000,8.0000,0
SON,20180706,8.0000,8.0000,8.0000,8.0000,0
SON,20180709,8.0000,8.0000,8.0000,8.0000,0
SON,20180710,8.0000,8.0000,8.0000,8.0000,0
SON,20180711,8.0000,8.0000,8.0000,8.0000,0
SON,20180712,8.0000,8.0000,8.0000,8.0000,0
SON,20180713,8.0000,8.0000,8.0000,8.0000,0
SON,20180716,8.0000,8.0000,8.0000,8.0000,0
SON,20180717,8.0000,8.0000,8.0000,8.0000,0
SON,20180718,8.0000,8.0000,8.0000,8.0000,0
SON,20180719,8.0000,8.0000,8.0000,8.0000,0
SON,20180720,8.0000,8.0000,8.0000,8.0000,0
SON,20180723,8.0000,8.0000,8.0000,8.0000,0
SON,20180724,8.0000,8.0000,8.0000,8.0000,0
SON,20180725,8.0000,8.0000,8.0000,8.0000,0
SON,20180726,8.0000,8.0000,8.0000,8.0000,0
SON,20180727,8.0000,8.0000,8.0000,8.0000,0
SON,20180730,8.0000,8.0000,8.0000,8.0000,0
SON,20180731,8.0000,8.0000,8.0000,8.0000,0
SON,20180801,8.0000,8.0000,8.0000,8.0000,0
SON,20180802,8.0000,8.0000,8.0000,8.0000,0
SON,20180803,8.0000,8.0000,8.0000,8.0000,0
SON,20180806,8.0000,8.0000,8.0000,8.0000,0
SON,20180807,8.0000,8.0000,8.0000,8.0000,0
SON,20180808,8.0000,8.0000,8.0000,8.0000,0
SON,20180809,8.0000,8.0000,8.0000,8.0000,0
SON,20180810,8.0000,8.0000,8.0000,8.0000,0
SON,20180813,8.0000,8.0000,8.0000,8.0000,0
SON,20180814,8.0000,8.0000,8.0000,8.0000,0
SON,20180815,8.0000,8.0000,8.0000,8.0000,0
SON,20180816,8.0000,8.0000,8.0000,8.0000,0
SON,20180817,8.0000,8.0000,8.0000,8.0000,0
SON,20180820,8.0000,8.0000,8.0000,8.0000,0
SON,20180821,8.0000,8.0000,8.0000,8.0000,0
SON,20180822,8.0000,8.0000,8.0000,8.0000,0
SON,20180823,8.0000,8.0000,8.0000,8.0000,0
SON,20180824,8.0000,8.0000,8.0000,8.0000,0
SON,20180827,8.0000,8.0000,8.0000,8.0000,0
SON,20180828,8.0000,8.0000,8.0000,8.0000,0
SON,20180829,8.0000,8.0000,8.0000,8.0000,0
SON,20180830,8.0000,8.0000,8.0000,8.0000,0
SON,20180831,8.0000,8.0000,8.0000,8.0000,0
SON,20180904,8.0000,8.0000,8.0000,8.0000,0
SON,20180905,8.0000,8.0000,8.0000,8.0000,0
SON,20180906,8.0000,8.0000,8.0000,8.0000,0
SON,20180907,8.0000,8.0000,8.0000,8.0000,0
SON,20180910,8.0000,8.0000,8.0000,8.0000,0
SON,20180911,8.0000,8.0000,8.0000,8.0000,0
SON,20180912,8.0000,8.0000,8.0000,8.0000,0
SON,20180913,8.0000,8.0000,8.0000,8.0000,0
SON,20180914,8.0000,8.0000,8.0000,8.0000,0
SON,20180917,8.0000,8.0000,8.0000,8.0000,0
SON,20180918,8.0000,8.0000,8.0000,8.0000,0
SON,20180919,8.0000,8.0000,8.0000,8.0000,0
SON,20180920,8.0000,8.0000,8.0000,8.0000,0
SON,20180921,8.0000,8.0000,8.0000,8.0000,0
SON,20180924,8.0000,8.0000,8.0000,8.0000,0
SON,20180925,8.0000,8.0000,8.0000,8.0000,0
SON,20180926,8.0000,8.0000,8.0000,8.0000,0
SON,20180927,8.0000,8.0000,8.0000,8.0000,0
SON,20180928,8.0000,8.0000,8.0000,8.0000,0
SON,20181001,8.0000,8.0000,8.0000,8.0000,0
SON,20181002,8.0000,8.0000,8.0000,8.0000,0
SON,20181003,8.0000,8.0000,8.0000,8.0000,0
SON,20181004,8.0000,8.0000,8.0000,8.0000,0
SON,20181005,8.0000,8.0000,8.0000,8.0000,0
SON,20181008,8.0000,8.0000,8.0000,8.0000,0
SON,20181009,8.0000,8.0000,8.0000,8.0000,0
SON,20181010,8.0000,8.0000,8.0000,8.0000,0
SON,20181011,8.0000,8.0000,8.0000,8.0000,0
SON,20181012,8.0000,8.0000,8.0000,8.0000,0
SON,20181015,8.0000,8.0000,8.0000,8.0000,0
SON,20181016,8.0000,8.0000,8.0000,8.0000,0
SON,20181017,8.0000,8.0000,8.0000,8.0000,0
SON,20181018,8.0000,8.0000,8.0000,8.0000,0
SON,20181019,8.0000,8.0000,8.0000,8.0000,0
SON,20181022,8.0000,8.0000,8.0000,8.0000,0
SON,20181023,8.0000,8.0000,8.0000,8.0000,0
SON,20181024,8.0000,8.0000,8.0000,8.0000,0
SON,20181025,8.0000,8.0000,8.0000,8.0000,0
SON,20181026,8.0000,8.0000,8.0000,8.0000,0
SON,20181029,8.0000,8.0000,8.0000,8.0000,0
SON,20181030,8.0000,8.0000,8.0000,8.0000,0
SON,20181031,8.0000,8.0000,8.0000,8.0000,0
SON,20181101,8.0000,8.0000,8.0000,8.0000,0
SON,20181102,8.0000,8.0000,8.0000,8.0000,0
SON,20181105,8.0000,8.0000,8.0000,8.0000,0
SON,20181106,8.0000,8.0000,8.0000,8.0000,0
SON,20181107,8.0000,8.0000,8.0000,8.0000,0
SON,20181108,8.0000,8.0000,8.0000,8.0000,0
SON,20181109,8.0000,8.0000,8.0000,8.0000,0
SON,20181112,8.0000,8.0000,8.0000,8.0000,0
SON,20181113,8.0000,8.0000,8.0000,8.0000,0
SON,20181114,8.0000,8.0000,8.0000,8.0000,0
SON,20181115,8.0000,8.0000,8.0000,8.0000,0
SON,20181116,8.0000,8.0000,8.0000,8.0000,0
SON,20181119,8.0000,8.0000,8.0000,8.0000,0
SON,20181120,8.0000,8.0000,8.0000,8.0000,0
SON,20181121,8.0000,8.0000,8.0000,8.0000,0
SON,20181122,8.0000,8.0000,8.0000,8.0000,0
SON,20181123,8.0000,8.0000,8.0000,8.0000,0
SON,20181126,8.0000,8.0000,8.0000,8.0000,0
SON,20181127,8.0000,8.0000,8.0000,8.0000,0
SON,20181128,8.0000,8.0000,8.0000,8.0000,0
SON,20181129,8.0000,8.0000,8.0000,8.0000,0
SON,20181130,8.0000,8.0000,8.0000,8.0000,0
SON,20181203,8.0000,8.0000,8.0000,8.0000,0
SON,20181204,8.0000,8.0000,8.0000,8.0000,0
SON,20181205,8.0000,8.0000,8.0000,8.0000,0
SON,20181206,8.0000,8.0000,8.0000,8.0000,0
SON,20181207,8.0000,8.0000,8.0000,8.0000,0
SON,20181210,8.0000,8.0000,8.0000,8.0000,0
SON,20181211,8.0000,8.0000,8.0000,8.0000,0
SON,20181212,8.0000,8.0000,8.0000,8.0000,0
SON,20181213,8.0000,8.0000,8.0000,8.0000,0
SON,20181214,8.0000,8.0000,8.0000,8.0000,0
SON,20181217,8.0000,8.0000,8.0000,8.0000,0
SON,20181218,8.0000,8.0000,8.0000,8.0000,0
SON,20181219,8.0000,8.0000,8.0000,8.0000,0
SON,20181220,8.0000,8.0000,8.0000,8.0000,0
SON,20181221,8.0000,8.0000,8.0000,8.0000,0
SON,20181224,8.0000,8.0000,8.0000,8.0000,0
SON,20181225,8.0000,8.0000,8.0000,8.0000,0
SON,20181226,8.0000,8.0000,8.0000,8.0000,0
SON,20181227,8.0000,8.0000,8.0000,8.0000,0
SON,20181228,8.0000,8.0000,8.0000,8.0000,0
SON,20190102,8.0000,8.0000,8.0000,8.0000,0
SON,20190103,8.0000,8.0000,8.0000,8.0000,0
SON,20190104,8.0000,8.0000,8.0000,8.0000,0
SON,20190107,8.0000,8.0000,8.0000,8.0000,0
SON,20190108,8.0000,8.0000,8.0000,8.0000,0
SON,20190109,8.0000,8.0000,8.0000,8.0000,0
SON,20190110,8.0000,8.0000,8.0000,8.0000,0
SON,20190111,8.0000,8.0000,8.0000,8.0000,0
SON,20190114,8.0000,8.0000,8.0000,8.0000,0
SON,20190115,8.0000,8.0000,8.0000,8.0000,0
SON,20190116,8.0000,8.0000,8.0000,8.0000,0
SON,20190117,8.0000,8.0000,8.0000,8.0000,0
SON,20190118,8.0000,8.0000,8.0000,8.0000,0
SON,20190121,8.0000,8.0000,8.0000,8.0000,0
SON,20190122,8.0000,8.0000,8.0000,8.0000,0
SON,20190123,8.0000,8.0000,8.0000,8.0000,0
SON,20190124,8.0000,8.0000,8.0000,8.0000,0
SON,20190125,8.0000,8.0000,8.0000,8.0000,0
SON,20190128,8.0000,8.0000,8.0000,8.0000,0
SON,20190129,8.0000,8.0000,8.0000,8.0000,0
SON,20190130,8.0000,8.0000,8.0000,8.0000,0
SON,20190131,8.0000,8.0000,8.0000,8.0000,0
SON,20190201,8.0000,8.0000,8.0000,8.0000,0
SON,20190211,8.0000,8.0000,8.0000,8.0000,0
SON,20190212,8.0000,8.0000,8.0000,8.0000,0
SON,20190213,8.0000,8.0000,8.0000,8.0000,0
SON,20190214,9.1000,9.1000,9.1000,9.1000,200
SON,20190215,9.1000,9.1000,9.1000,9.1000,0
SON,20190218,9.1000,9.1000,9.1000,9.1000,0
SON,20190219,9.1000,9.1000,9.1000,9.1000,0
SON,20190220,9.1000,9.1000,9.1000,9.1000,0
SON,20190221,9.1000,9.1000,9.1000,9.1000,0
SON,20190222,9.1000,9.1000,9.1000,9.1000,0
SON,20190225,9.1000,9.1000,9.1000,9.1000,0
SON,20190226,9.1000,9.1000,9.1000,9.1000,0
SON,20190227,9.1000,9.1000,9.1000,9.1000,0
SON,20190228,9.1000,9.1000,9.1000,9.1000,0
SON,20190301,9.1000,9.1000,9.1000,9.1000,0
SON,20190304,9.1000,9.1000,9.1000,9.1000,0
SON,20190305,9.1000,9.1000,9.1000,9.1000,0
SON,20190306,9.1000,9.1000,9.1000,9.1000,0
SON,20190307,10.1000,10.1000,10.1000,10.1000,600
SON,20190308,10.1000,10.1000,10.1000,10.1000,0
SON,20190311,10.1000,10.1000,10.1000,10.1000,0
SON,20190312,10.1000,10.1000,10.1000,10.1000,0
SON,20190313,10.1000,10.1000,10.1000,10.1000,0
SON,20190314,10.1000,10.1000,10.1000,10.1000,0
SON,20190315,10.1000,10.1000,10.1000,10.1000,0
SON,20190318,10.1000,10.1000,10.1000,10.1000,0
SON,20190319,10.1000,10.1000,10.1000,10.1000,0
SON,20190320,10.1000,10.1000,10.1000,10.1000,0
SON,20190321,10.1000,10.1000,10.1000,10.1000,0
SON,20190322,10.1000,10.1000,10.1000,10.1000,0
SON,20190325,10.1000,10.1000,10.1000,10.1000,0
SON,20190326,10.1000,10.1000,10.1000,10.1000,0
SON,20190327,10.1000,10.1000,10.1000,10.1000,0
SON,20190328,10.1000,10.1000,10.1000,10.1000,0
SON,20190329,10.1000,10.1000,10.1000,10.1000,0
SON,20190401,10.1000,10.1000,10.1000,10.1000,0
SON,20190402,10.1000,10.1000,10.1000,10.1000,0
SON,20190403,10.1000,10.1000,10.1000,10.1000,0
SON,20190404,10.1000,10.1000,10.1000,10.1000,0
SON,20190405,10.1000,10.1000,10.1000,10.1000,0
SON,20190408,10.1000,10.1000,10.1000,10.1000,0
SON,20190409,10.1000,10.1000,10.1000,10.1000,0
SON,20190410,10.1000,10.1000,10.1000,10.1000,0
SON,20190411,10.1000,10.1000,10.1000,10.1000,0
SON,20190412,10.1000,10.1000,10.1000,10.1000,0
SON,20190416,10.1000,10.1000,10.1000,10.1000,0
SON,20190417,10.1000,10.1000,10.1000,10.1000,0
SON,20190418,10.1000,10.1000,10.1000,10.1000,0
SON,20190419,10.1000,10.1000,10.1000,10.1000,0
SON,20190422,10.1000,10.1000,10.1000,10.1000,0
SON,20190423,10.1000,10.1000,10.1000,10.1000,0
SON,20190424,10.1000,10.1000,10.1000,10.1000,0
SON,20190425,10.1000,10.1000,10.1000,10.1000,0
SON,20190426,10.1000,10.1000,10.1000,10.1000,0
SON,20190502,10.1000,10.1000,10.1000,10.1000,0
SON,20190503,10.1000,10.1000,10.1000,10.1000,0
SON,20190506,10.1000,10.1000,10.1000,10.1000,0
SON,20190507,10.1000,10.1000,10.1000,10.1000,0
SON,20190508,10.1000,10.1000,10.1000,10.1000,0
SON,20190509,10.1000,10.1000,10.1000,10.1000,0
SON,20190510,10.1000,10.1000,10.1000,10.1000,0
SON,20190513,10.1000,10.1000,10.1000,10.1000,0
SON,20190514,10.1000,10.1000,10.1000,10.1000,0
SON,20190515,10.1000,10.1000,10.1000,10.1000,0
SON,20190516,10.1000,10.1000,10.1000,10.1000,0
SON,20190517,10.1000,10.1000,10.1000,10.1000,0
SON,20190520,10.1000,10.1000,10.1000,10.1000,0
SON,20190521,10.1000,10.1000,10.1000,10.1000,0
SON,20190522,10.1000,10.1000,10.1000,10.1000,0
SON,20190523,10.1000,10.1000,10.1000,10.1000,0
SON,20190524,10.1000,10.1000,10.1000,10.1000,0
SON,20190527,10.1000,10.1000,10.1000,10.1000,0
SON,20190528,10.1000,10.1000,10.1000,10.1000,0
SON,20190529,10.1000,10.1000,10.1000,10.1000,0
SON,20190530,10.1000,10.1000,10.1000,10.1000,0
SON,20190531,10.1000,10.1000,10.1000,10.1000,0
SON,20190603,10.1000,10.1000,10.1000,10.1000,0
SON,20190604,10.1000,10.1000,10.1000,10.1000,0
SON,20190605,10.1000,10.1000,10.1000,10.1000,0
SON,20190606,10.1000,10.1000,10.1000,10.1000,0
SON,20190607,10.1000,10.1000,10.1000,10.1000,0
SON,20190610,10.1000,10.1000,10.1000,10.1000,0
SON,20190611,10.1000,10.1000,10.1000,10.1000,0
SON,20190612,10.1000,10.1000,10.1000,10.1000,0
SON,20190613,10.1000,10.1000,10.1000,10.1000,0
SON,20190614,10.1000,10.1000,10.1000,10.1000,0
SON,20190617,10.1000,10.1000,10.1000,10.1000,0
SON,20190618,10.1000,10.1000,10.1000,10.1000,0
SON,20190619,10.1000,10.1000,10.1000,10.1000,0
SON,20190620,10.1000,10.1000,10.1000,10.1000,0
SON,20190621,10.1000,10.1000,10.1000,10.1000,0
SON,20190624,10.1000,10.1000,10.1000,10.1000,0
SON,20190625,10.1000,10.1000,10.1000,10.1000,0
SON,20190626,10.1000,10.1000,10.1000,10.1000,0
SON,20190627,10.1000,10.1000,10.1000,10.1000,0
SON,20190628,10.1000,10.1000,10.1000,10.1000,0
SON,20190701,10.1000,10.1000,10.1000,10.1000,0
SON,20190702,10.1000,10.1000,10.1000,10.1000,0
SON,20190703,10.1000,10.1000,10.1000,10.1000,0
SON,20190704,10.1000,10.1000,10.1000,10.1000,0
SON,20190705,10.1000,10.1000,10.1000,10.1000,0
SON,20190708,10.1000,10.1000,10.1000,10.1000,0
SON,20190709,10.1000,10.1000,10.1000,10.1000,0
SON,20190710,10.1000,10.1000,10.1000,10.1000,0
SON,20190711,10.1000,10.1000,10.1000,10.1000,0
SON,20190712,10.1000,10.1000,10.1000,10.1000,0
SON,20190715,10.1000,10.1000,10.1000,10.1000,0
SON,20190716,10.1000,10.1000,10.1000,10.1000,0
SON,20190717,10.1000,10.1000,10.1000,10.1000,0
SON,20190718,10.1000,10.1000,10.1000,10.1000,0
SON,20190719,10.1000,10.1000,10.1000,10.1000,0
SON,20190722,10.1000,10.1000,10.1000,10.1000,0
SON,20190723,10.1000,10.1000,10.1000,10.1000,0
SON,20190724,10.1000,10.1000,10.1000,10.1000,0
SON,20190725,10.1000,10.1000,10.1000,10.1000,0
SON,20190726,10.1000,10.1000,10.1000,10.1000,0
SON,20190729,10.1000,10.1000,10.1000,10.1000,0
SON,20190730,10.1000,10.1000,10.1000,10.1000,0
SON,20190731,10.1000,10.1000,10.1000,10.1000,0
SON,20190801,10.1000,10.1000,10.1000,10.1000,0
SON,20190802,10.1000,10.1000,10.1000,10.1000,0
SON,20190805,10.1000,10.1000,10.1000,10.1000,0
SON,20190806,10.1000,10.1000,10.1000,10.1000,0
SON,20190807,10.1000,10.1000,10.1000,10.1000,0
SON,20190808,10.1000,10.1000,10.1000,10.1000,0
SON,20190809,10.1000,10.1000,10.1000,10.1000,0
SON,20190812,10.1000,10.1000,10.1000,10.1000,0
SON,20190813,10.1000,10.1000,10.1000,10.1000,0
SON,20190814,10.1000,10.1000,10.1000,10.1000,0
SON,20190815,10.1000,10.1000,10.1000,10.1000,0
SON,20190816,10.1000,10.1000,10.1000,10.1000,0
SON,20190819,10.1000,10.1000,10.1000,10.1000,0
SON,20190820,10.1000,10.1000,10.1000,10.1000,0
SON,20190821,10.1000,10.1000,10.1000,10.1000,0
SON,20190822,10.1000,10.1000,10.1000,10.1000,0
SON,20190823,10.1000,10.1000,10.1000,10.1000,0
SON,20190826,10.1000,10.1000,10.1000,10.1000,0
SON,20190827,10.1000,10.1000,10.1000,10.1000,0
SON,20190828,10.1000,10.1000,10.1000,10.1000,0
SON,20190829,10.1000,10.1000,10.1000,10.1000,0
SON,20190830,10.1000,10.1000,10.1000,10.1000,0
SON,20190903,10.1000,10.1000,10.1000,10.1000,0
SON,20190904,10.1000,10.1000,10.1000,10.1000,0
SON,20190905,10.1000,10.1000,10.1000,10.1000,0
SON,20190906,10.1000,10.1000,10.1000,10.1000,0
SON,20190909,10.1000,10.1000,10.1000,10.1000,0
SON,20190910,10.1000,10.1000,10.1000,10.1000,0
SON,20190911,10.1000,10.1000,10.1000,10.1000,0
SON,20190912,10.1000,10.1000,10.1000,10.1000,0
SON,20190913,10.1000,10.1000,10.1000,10.1000,0
SON,20190916,10.1000,10.1000,10.1000,10.1000,0
SON,20190917,10.1000,10.1000,10.1000,10.1000,0
SON,20190918,10.1000,10.1000,10.1000,10.1000,0
SON,20190919,10.1000,10.1000,10.1000,10.1000,0
SON,20190920,10.1000,10.1000,10.1000,10.1000,0
SON,20190923,10.1000,10.1000,10.1000,10.1000,0
SON,20190924,10.1000,10.1000,10.1000,10.1000,0
SON,20190925,10.1000,10.1000,10.1000,10.1000,0
SON,20190926,10.1000,10.1000,10.1000,10.1000,0
SON,20190927,10.1000,10.1000,10.1000,10.1000,0
SON,20190930,10.1000,10.1000,10.1000,10.1000,0
SON,20191001,10.1000,10.1000,10.1000,10.1000,0
SON,20191002,10.1000,10.1000,10.1000,10.1000,0
SON,20191003,10.1000,10.1000,10.1000,10.1000,0
SON,20191004,10.1000,10.1000,10.1000,10.1000,0
SON,20191007,10.1000,10.1000,10.1000,10.1000,0
SON,20191008,10.1000,10.1000,10.1000,10.1000,0
SON,20191009,10.1000,10.1000,10.1000,10.1000,0
SON,20191010,10.1000,10.1000,10.1000,10.1000,0
SON,20191011,10.1000,10.1000,10.1000,10.1000,0
SON,20191014,10.1000,10.1000,10.1000,10.1000,0
SON,20191015,10.1000,10.1000,10.1000,10.1000,0
SON,20191016,10.1000,10.1000,10.1000,10.1000,0
SON,20191017,10.1000,10.1000,10.1000,10.1000,0
SON,20191018,10.1000,10.1000,10.1000,10.1000,0
SON,20191021,10.1000,10.1000,10.1000,10.1000,0
SON,20191022,10.1000,10.1000,10.1000,10.1000,0
SON,20191023,10.1000,10.1000,10.1000,10.1000,0
SON,20191024,10.1000,10.1000,10.1000,10.1000,0
SON,20191025,10.1000,10.1000,10.1000,10.1000,0
SON,20191028,10.1000,10.1000,10.1000,10.1000,0
SON,20191029,10.1000,10.1000,10.1000,10.1000,0
SON,20191030,10.1000,10.1000,10.1000,10.1000,0
SON,20191031,10.1000,10.1000,10.1000,10.1000,0
SON,20191101,10.1000,10.1000,10.1000,10.1000,0
SON,20191104,10.1000,10.1000,10.1000,10.1000,0
SON,20191105,10.1000,10.1000,10.1000,10.1000,0
SON,20191106,10.1000,10.1000,10.1000,10.1000,0
SON,20191107,10.1000,10.1000,10.1000,10.1000,0
SON,20191108,10.1000,10.1000,10.1000,10.1000,0
SON,20191111,10.1000,10.1000,10.1000,10.1000,0
SON,20191112,10.1000,10.1000,10.1000,10.1000,0
SON,20191113,10.1000,10.1000,10.1000,10.1000,0
SON,20191114,10.1000,10.1000,10.1000,10.1000,0
SON,20191115,10.1000,10.1000,10.1000,10.1000,0
SON,20191118,10.1000,10.1000,10.1000,10.1000,0
SON,20191119,10.1000,10.1000,10.1000,10.1000,0
SON,20191120,10.1000,10.1000,10.1000,10.1000,0
SON,20191121,10.1000,10.1000,10.1000,10.1000,0
SON,20191122,10.1000,10.1000,10.1000,10.1000,0
SON,20191125,10.1000,10.1000,10.1000,10.1000,0
SON,20191126,10.1000,10.1000,10.1000,10.1000,0
SON,20191127,10.1000,10.1000,10.1000,10.1000,0
SON,20191128,10.1000,10.1000,10.1000,10.1000,0
SON,20191129,10.1000,10.1000,10.1000,10.1000,0
SON,20191202,10.1000,10.1000,10.1000,10.1000,0
SON,20191203,10.1000,10.1000,10.1000,10.1000,0
SON,20191204,10.1000,10.1000,10.1000,10.1000,0
SON,20191205,10.1000,10.1000,10.1000,10.1000,0
SON,20191206,10.1000,10.1000,10.1000,10.1000,0
SON,20191209,10.1000,10.1000,10.1000,10.1000,0
SON,20191210,10.1000,10.1000,10.1000,10.1000,0
SON,20191211,10.1000,10.1000,10.1000,10.1000,0
SON,20191212,10.1000,10.1000,10.1000,10.1000,0
SON,20191213,10.1000,10.1000,10.1000,10.1000,0
SON,20191216,10.1000,10.1000,10.1000,10.1000,0
SON,20191217,10.1000,10.1000,10.1000,10.1000,0
SON,20191218,10.1000,10.1000,10.1000,10.1000,0
SON,20191219,10.1000,10.1000,10.1000,10.1000,0
SON,20191220,10.1000,10.1000,10.1000,10.1000,0
SON,20191223,10.1000,10.1000,10.1000,10.1000,0
SON,20191224,10.1000,10.1000,10.1000,10.1000,0
SON,20191225,10.1000,10.1000,10.1000,10.1000,0
SON,20191226,10.1000,10.1000,10.1000,10.1000,0
SON,20191227,10.1000,10.1000,10.1000,10.1000,0
SON,20191230,10.1000,10.1000,10.1000,10.1000,0
SON,20191231,10.1000,10.1000,10.1000,10.1000,0
SON,20200102,10.1000,10.1000,10.1000,10.1000,0
SON,20200103,10.1000,10.1000,10.1000,10.1000,0
SON,20200106,10.1000,10.1000,10.1000,10.1000,0
SON,20200107,10.1000,10.1000,10.1000,10.1000,0
SON,20200108,10.1000,10.1000,10.1000,10.1000,0
SON,20200109,10.1000,10.1000,10.1000,10.1000,0
SON,20200110,10.1000,10.1000,10.1000,10.1000,0
SON,20200113,10.1000,10.1000,10.1000,10.1000,0
SON,20200114,10.1000,10.1000,10.1000,10.1000,0
SON,20200115,10.1000,10.1000,10.1000,10.1000,0
SON,20200116,10.1000,10.1000,10.1000,10.1000,0
SON,20200117,10.1000,10.1000,10.1000,10.1000,0
SON,20200120,10.1000,10.1000,10.1000,10.1000,0
SON,20200121,10.1000,10.1000,10.1000,10.1000,0
SON,20200122,10.1000,10.1000,10.1000,10.1000,0
SON,20200130,10.1000,10.1000,10.1000,10.1000,0
SON,20200131,10.1000,10.1000,10.1000,10.1000,0
SON,20200203,10.1000,10.1000,10.1000,10.1000,0
SON,20200204,10.1000,10.1000,10.1000,10.1000,0
SON,20200205,10.1000,10.1000,10.1000,10.1000,0
SON,20200206,10.1000,10.1000,10.1000,10.1000,0
SON,20200207,10.1000,10.1000,10.1000,10.1000,0
SON,20200210,10.1000,10.1000,10.1000,10.1000,0
SON,20200211,10.1000,10.1000,10.1000,10.1000,0
SON,20200212,10.1000,10.1000,10.1000,10.1000,0
SON,20200213,10.1000,10.1000,10.1000,10.1000,0
SON,20200214,10.1000,10.1000,10.1000,10.1000,0
SON,20200217,10.1000,10.1000,10.1000,10.1000,0
SON,20200218,10.1000,10.1000,10.1000,10.1000,0
SON,20200219,10.1000,10.1000,10.1000,10.1000,0
SON,20200220,10.1000,10.1000,10.1000,10.1000,0
SON,20200221,10.1000,10.1000,10.1000,10.1000,0
SON,20200224,10.1000,10.1000,10.1000,10.1000,0
SON,20200225,10.1000,10.1000,10.1000,10.1000,0
SON,20200226,10.1000,10.1000,10.1000,10.1000,0
SON,20200227,10.1000,10.1000,10.1000,10.1000,0
SON,20200228,10.1000,10.1000,10.1000,10.1000,0
SON,20200302,10.1000,10.1000,10.1000,10.1000,0
SON,20200303,10.1000,10.1000,10.1000,10.1000,0
SON,20200304,10.1000,10.1000,10.1000,10.1000,0
SON,20200305,10.1000,10.1000,10.1000,10.1000,0
SON,20200306,10.1000,10.1000,10.1000,10.1000,0
SON,20200309,10.1000,10.1000,10.1000,10.1000,0
SON,20200310,10.1000,10.1000,10.1000,10.1000,0
SON,20200311,10.1000,10.1000,10.1000,10.1000,0
SON,20200312,10.1000,10.1000,10.1000,10.1000,0
SON,20200313,10.1000,10.1000,10.1000,10.1000,0
SON,20200316,10.1000,10.1000,10.1000,10.1000,0
SON,20200317,10.1000,10.1000,10.1000,10.1000,0
SON,20200318,10.1000,10.1000,10.1000,10.1000,0
SON,20200319,10.1000,10.1000,10.1000,10.1000,0
SON,20200320,10.1000,10.1000,10.1000,10.1000,0
SON,20200323,10.1000,10.1000,10.1000,10.1000,0
SON,20200324,10.1000,10.1000,10.1000,10.1000,0
SON,20200325,10.1000,10.1000,10.1000,10.1000,0
SON,20200326,10.1000,10.1000,10.1000,10.1000,0
SON,20200327,10.1000,10.1000,10.1000,10.1000,0
SON,20200330,10.1000,10.1000,10.1000,10.1000,0
SON,20200331,10.1000,10.1000,10.1000,10.1000,0
SON,20200401,10.1000,10.1000,10.1000,10.1000,0
SON,20200403,10.1000,10.1000,10.1000,10.1000,0
SON,20200406,10.1000,10.1000,10.1000,10.1000,0
SON,20200407,10.1000,10.1000,10.1000,10.1000,0
SON,20200408,10.1000,10.1000,10.1000,10.1000,0
SON,20200409,10.1000,10.1000,10.1000,10.1000,0
SON,20200410,10.1000,10.1000,10.1000,10.1000,0
SON,20200413,10.1000,10.1000,10.1000,10.1000,0
SON,20200414,10.1000,10.1000,10.1000,10.1000,0
SON,20200415,10.1000,10.1000,10.1000,10.1000,0
SON,20200416,10.1000,10.1000,10.1000,10.1000,0
SON,20200417,10.1000,10.1000,10.1000,10.1000,0
SON,20200420,10.1000,10.1000,10.1000,10.1000,0
SON,20200421,10.1000,10.1000,10.1000,10.1000,0
SON,20200422,10.1000,10.1000,10.1000,10.1000,0
SON,20200423,10.1000,10.1000,10.1000,10.1000,0
SON,20200424,10.1000,10.1000,10.1000,10.1000,0
SON,20200427,10.1000,10.1000,10.1000,10.1000,0
SON,20200428,10.1000,10.1000,10.1000,10.1000,0
SON,20200429,10.1000,10.1000,10.1000,10.1000,0
SON,20200504,10.1000,10.1000,10.1000,10.1000,0
SON,20200505,10.1000,10.1000,10.1000,10.1000,0
SON,20200506,10.1000,10.1000,10.1000,10.1000,0
SON,20200507,10.1000,10.1000,10.1000,10.1000,0
SON,20200508,10.1000,10.1000,10.1000,10.1000,0
SON,20200511,10.1000,10.1000,10.1000,10.1000,0
SON,20200512,10.1000,10.1000,10.1000,10.1000,0
SON,20200513,10.1000,10.1000,10.1000,10.1000,0
SON,20200514,10.1000,10.1000,10.1000,10.1000,0
SON,20200515,10.1000,10.1000,10.1000,10.1000,0
SON,20200518,10.1000,10.1000,10.1000,10.1000,0
SON,20200519,10.1000,10.1000,10.1000,10.1000,0
SON,20200520,10.1000,10.1000,10.1000,10.1000,0
SON,20200521,10.1000,10.1000,10.1000,10.1000,0
SON,20200522,10.1000,10.1000,10.1000,10.1000,0
SON,20200525,10.1000,10.1000,10.1000,10.1000,0
SON,20200526,10.1000,10.1000,10.1000,10.1000,0
SON,20200527,10.1000,10.1000,10.1000,10.1000,0
SON,20200528,10.1000,10.1000,10.1000,10.1000,0
SON,20200529,10.1000,10.1000,10.1000,10.1000,0
SON,20200601,10.1000,10.1000,10.1000,10.1000,0
SON,20200602,10.1000,10.1000,10.1000,10.1000,0
SON,20200603,10.1000,10.1000,10.1000,10.1000,0
SON,20200604,10.1000,10.1000,10.1000,10.1000,0
SON,20200605,10.1000,10.1000,10.1000,10.1000,0
SON,20200608,10.1000,10.1000,10.1000,10.1000,0
SON,20200609,10.1000,10.1000,10.1000,10.1000,0
SON,20200610,10.1000,10.1000,10.1000,10.1000,0
SON,20200611,10.1000,10.1000,10.1000,10.1000,0
SON,20200612,10.1000,10.1000,10.1000,10.1000,0
SON,20200615,10.1000,10.1000,10.1000,10.1000,0
SON,20200616,10.1000,10.1000,10.1000,10.1000,0
SON,20200617,10.1000,10.1000,10.1000,10.1000,0
SON,20200618,10.1000,10.1000,10.1000,10.1000,0
SON,20200619,10.1000,10.1000,10.1000,10.1000,0
SON,20200622,10.1000,10.1000,10.1000,10.1000,0
SON,20200623,10.1000,10.1000,10.1000,10.1000,0
SON,20200624,10.1000,10.1000,10.1000,10.1000,0
SON,20200625,10.1000,10.1000,10.1000,10.1000,0
SON,20200626,10.1000,10.1000,10.1000,10.1000,0
SON,20200629,10.3000,10.3000,10.3000,10.3000,2400
SON,20200630,10.3000,10.3000,10.3000,10.3000,0
SON,20200701,10.3000,10.3000,10.3000,10.3000,0
SON,20200702,10.3000,10.3000,10.3000,10.3000,0
SON,20200703,10.3000,10.3000,10.3000,10.3000,0
SON,20200706,10.3000,10.3000,10.3000,10.3000,0
SON,20200707,10.3000,10.3000,10.3000,10.3000,0
SON,20200708,10.3000,10.3000,10.3000,10.3000,0
SON,20200709,10.3000,10.3000,10.3000,10.3000,0
SON,20200710,10.4000,10.4000,10.4000,10.4000,2400
SON,20200713,10.4000,10.4000,10.4000,10.4000,0
SON,20200714,10.4000,10.4000,10.4000,10.4000,0
SON,20200715,10.4000,10.4000,10.4000,10.4000,0
SON,20200716,10.4000,10.4000,10.4000,10.4000,0
SON,20200717,10.5000,10.5000,10.5000,10.5000,500
SON,20200720,10.5000,10.5000,10.5000,10.5000,0
SON,20200721,10.5000,10.5000,10.5000,10.5000,0
SON,20200722,10.0000,10.0000,10.0000,10.0000,1400
SON,20200723,10.0000,10.0000,10.0000,10.0000,0
SON,20200724,10.0000,10.0000,10.0000,10.0000,0
SON,20200727,10.0000,10.0000,10.0000,10.0000,0
SON,20200728,10.5000,10.5000,10.5000,10.5000,1000
SON,20200729,10.5000,10.5000,10.5000,10.5000,0
SON,20200730,10.5000,10.5000,10.5000,10.5000,0
SON,20200731,10.5000,10.5000,10.5000,10.5000,0
SON,20200803,10.5000,10.5000,10.5000,10.5000,0
SON,20200804,10.5000,10.5000,10.5000,10.5000,0
SON,20200805,10.5000,10.5000,10.5000,10.5000,0
SON,20200806,10.5000,10.5000,10.5000,10.5000,0
SON,20200807,10.5000,10.5000,10.5000,10.5000,0
SON,20200810,10.5000,10.5000,10.5000,10.5000,0
SON,20200811,10.5000,10.5000,10.5000,10.5000,0
SON,20200812,10.5000,10.5000,10.5000,10.5000,0
SON,20200813,10.5000,10.5000,10.5000,10.5000,0
SON,20200814,10.5000,10.5000,10.5000,10.5000,0
SON,20200817,10.5000,10.5000,10.5000,10.5000,0
SON,20200818,10.5000,10.5000,10.5000,10.5000,0
SON,20200819,10.5000,10.5000,10.5000,10.5000,0
SON,20200820,10.5000,10.5000,10.5000,10.5000,0
SON,20200821,10.5000,10.5000,10.5000,10.5000,0
SON,20200824,10.5000,10.5000,10.5000,10.5000,0
SON,20200825,10.5000,10.5000,10.5000,10.5000,0
SON,20200826,10.5000,10.5000,10.5000,10.5000,0
SON,20200827,10.5000,10.5000,10.5000,10.5000,0
SON,20200828,10.5000,10.5000,10.5000,10.5000,0
SON,20200831,10.5000,10.5000,10.5000,10.5000,0
SON,20200901,10.5000,10.5000,10.5000,10.5000,0
SON,20200903,10.5000,10.5000,10.5000,10.5000,0
SON,20200904,10.5000,10.5000,10.5000,10.5000,0
SON,20200907,10.5000,10.5000,10.5000,10.5000,0
SON,20200908,10.5000,10.5000,10.5000,10.5000,0
SON,20200909,10.5000,10.5000,10.5000,10.5000,0
SON,20200910,10.5000,10.5000,10.5000,10.5000,0
SON,20200911,10.5000,10.5000,10.5000,10.5000,0
SON,20200914,10.5000,10.5000,10.5000,10.5000,0
SON,20200915,10.5000,10.5000,10.5000,10.5000,0
SON,20200916,10.5000,10.5000,10.5000,10.5000,0
SON,20200917,10.5000,10.5000,10.5000,10.5000,0
SON,20200918,10.5000,10.5000,10.5000,10.5000,0
SON,20200921,10.5000,10.5000,10.5000,10.5000,0
SON,20200922,10.5000,10.5000,10.5000,10.5000,0
SON,20200923,10.5000,10.5000,10.5000,10.5000,0
SON,20200924,10.5000,10.5000,10.5000,10.5000,0
SON,20200925,10.5000,10.5000,10.5000,10.5000,0
SON,20200928,10.5000,10.5000,10.5000,10.5000,0
SON,20200929,10.5000,10.5000,10.5000,10.5000,0
SON,20200930,10.5000,10.5000,10.5000,10.5000,0
SON,20201001,10.5000,10.5000,10.5000,10.5000,0
SON,20201002,10.5000,10.5000,10.5000,10.5000,0
SON,20201005,10.5000,10.5000,10.5000,10.5000,0
SON,20201006,10.5000,10.5000,10.5000,10.5000,0
SON,20201007,10.5000,10.5000,10.5000,10.5000,0
SON,20201008,10.5000,10.5000,10.5000,10.5000,0
SON,20201009,10.5000,10.5000,10.5000,10.5000,0
SON,20201012,10.5000,10.5000,10.5000,10.5000,0
SON,20201013,10.5000,10.5000,10.5000,10.5000,0
SON,20201014,10.5000,10.5000,10.5000,10.5000,0
SON,20201015,10.5000,10.5000,10.5000,10.5000,0
SON,20201016,10.5000,10.5000,10.5000,10.5000,0
SON,20201019,10.5000,10.5000,10.5000,10.5000,0
SON,20201020,10.5000,10.5000,10.5000,10.5000,0
SON,20201021,12.0000,12.0000,12.0000,12.0000,100
SON,20201022,12.0000,12.0000,12.0000,12.0000,0
SON,20201023,12.0000,12.0000,12.0000,12.0000,0
SON,20201026,12.0000,12.0000,12.0000,12.0000,0
SON,20201027,12.0000,12.0000,12.0000,12.0000,0
SON,20201028,12.0000,12.0000,12.0000,12.0000,0
SON,20201029,12.0000,12.0000,12.0000,12.0000,0
SON,20201030,12.0000,12.0000,12.0000,12.0000,0
SON,20201102,12.0000,12.0000,12.0000,12.0000,0
SON,20201103,12.0000,12.0000,12.0000,12.0000,0
SON,20201104,12.0000,12.0000,12.0000,12.0000,0
SON,20201105,12.0000,12.0000,12.0000,12.0000,0
SON,20201106,12.0000,12.0000,12.0000,12.0000,0
SON,20201109,12.0000,12.0000,12.0000,12.0000,0
SON,20201110,12.0000,12.0000,12.0000,12.0000,0
SON,20201111,12.0000,12.0000,12.0000,12.0000,0
SON,20201112,12.0000,12.0000,12.0000,12.0000,0
SON,20201113,12.0000,12.0000,12.0000,12.0000,0
SON,20201116,12.0000,12.0000,12.0000,12.0000,0
SON,20201117,12.0000,12.0000,12.0000,12.0000,0
SON,20201118,12.0000,12.0000,12.0000,12.0000,0
SON,20201119,12.0000,12.0000,12.0000,12.0000,0
SON,20201120,12.0000,12.0000,12.0000,12.0000,0
SON,20201123,12.0000,12.0000,12.0000,12.0000,0
SON,20201124,12.0000,12.0000,12.0000,12.0000,0
SON,20201125,12.0000,12.0000,12.0000,12.0000,0
SON,20201126,12.0000,12.0000,12.0000,12.0000,0
SON,20201127,12.0000,12.0000,12.0000,12.0000,0
SON,20201130,12.0000,12.0000,12.0000,12.0000,0
SON,20201201,12.0000,12.0000,12.0000,12.0000,0
SON,20201202,12.0000,12.0000,12.0000,12.0000,0
SON,20201203,12.0000,12.0000,12.0000,12.0000,0
SON,20201204,12.0000,12.0000,12.0000,12.0000,0
SON,20201207,12.0000,12.0000,12.0000,12.0000,0
SON,20201208,12.0000,12.0000,12.0000,12.0000,0
SON,20201209,12.0000,12.0000,12.0000,12.0000,0
SON,20201210,12.0000,12.0000,12.0000,12.0000,0
SON,20201211,12.0000,12.0000,12.0000,12.0000,0
SON,20201214,12.0000,12.0000,12.0000,12.0000,0
SON,20201215,12.0000,12.0000,12.0000,12.0000,0
SON,20201216,12.0000,12.0000,12.0000,12.0000,0
SON,20201217,12.0000,12.0000,12.0000,12.0000,0
SON,20201218,12.0000,12.0000,12.0000,12.0000,0
SON,20201221,12.0000,12.0000,12.0000,12.0000,0
SON,20201222,12.0000,12.0000,12.0000,12.0000,0
SON,20201223,12.0000,12.0000,12.0000,12.0000,0
SON,20201224,12.0000,12.0000,12.0000,12.0000,0
SON,20201225,12.0000,12.0000,12.0000,12.0000,0
SON,20201228,12.0000,12.0000,12.0000,12.0000,0
SON,20201229,12.0000,12.0000,12.0000,12.0000,0
SON,20201230,12.0000,12.0000,12.0000,12.0000,0
SON,20201231,12.0000,12.0000,12.0000,12.0000,0
SON,20210104,12.0000,12.0000,12.0000,12.0000,0
SON,20210105,12.0000,12.0000,12.0000,12.0000,0
SON,20210106,12.0000,12.0000,12.0000,12.0000,0
SON,20210107,12.0000,12.0000,12.0000,12.0000,0
SON,20210108,12.0000,12.0000,12.0000,12.0000,0
SON,20210111,12.0000,12.0000,12.0000,12.0000,0
SON,20210112,12.0000,12.0000,12.0000,12.0000,0
SON,20210113,12.0000,12.0000,12.0000,12.0000,0
SON,20210114,12.0000,12.0000,12.0000,12.0000,0
SON,20210115,13.0000,13.0000,12.0000,12.0000,600
SON,20210118,12.8000,12.8000,12.8000,12.8000,0
SON,20210119,12.8000,12.8000,12.8000,12.8000,0
SON,20210120,12.8000,12.8000,12.8000,12.8000,0
SON,20210121,12.8000,12.8000,12.8000,12.8000,0
SON,20210122,12.8000,12.8000,12.8000,12.8000,0
SON,20210125,12.8000,12.8000,12.8000,12.8000,0
SON,20210126,12.8000,12.8000,12.8000,12.8000,0
SON,20210127,12.8000,12.8000,12.8000,12.8000,0
SON,20210128,12.8000,12.8000,12.8000,12.8000,0
SON,20210129,10.9000,10.9000,10.9000,10.9000,300
SON,20210201,10.9000,10.9000,10.9000,10.9000,0
SON,20210202,10.9000,10.9000,10.9000,10.9000,0
SON,20210203,10.9000,10.9000,10.9000,10.9000,0
SON,20210204,10.9000,10.9000,10.9000,10.9000,0
SON,20210205,10.9000,10.9000,10.9000,10.9000,0
SON,20210208,10.9000,10.9000,10.9000,10.9000,0
SON,20210209,10.9000,10.9000,10.9000,10.9000,0
SON,20210217,10.9000,10.9000,10.9000,10.9000,0
SON,20210218,10.9000,10.9000,10.9000,10.9000,0
SON,20210219,10.9000,10.9000,10.9000,10.9000,0
SON,20210222,10.9000,10.9000,10.9000,10.9000,0
SON,20210223,10.9000,10.9000,10.9000,10.9000,0
SON,20210224,10.9000,10.9000,10.9000,10.9000,0
SON,20210225,10.9000,10.9000,10.9000,10.9000,0
SON,20210226,10.9000,10.9000,10.9000,10.9000,0
SON,20210301,10.9000,10.9000,10.9000,10.9000,0
SON,20210302,10.9000,10.9000,10.9000,10.9000,0
SON,20210303,10.9000,10.9000,10.9000,10.9000,0
SON,20210304,10.9000,10.9000,10.9000,10.9000,0
SON,20210305,10.9000,10.9000,10.9000,10.9000,0
SON,20210308,10.9000,10.9000,10.9000,10.9000,0
SON,20210309,10.9000,10.9000,10.9000,10.9000,0
SON,20210310,10.9000,10.9000,10.9000,10.9000,0
SON,20210311,10.9000,10.9000,10.9000,10.9000,0
SON,20210312,10.9000,10.9000,10.9000,10.9000,0
SON,20210315,10.9000,10.9000,10.9000,10.9000,0
SON,20210316,10.9000,10.9000,10.9000,10.9000,0
SON,20210317,10.9000,10.9000,10.9000,10.9000,0
SON,20210318,10.9000,10.9000,10.9000,10.9000,0
SON,20210319,10.9000,10.9000,10.9000,10.9000,0
SON,20210322,10.9000,10.9000,10.9000,10.9000,0
SON,20210323,10.9000,10.9000,10.9000,10.9000,0
SON,20210324,10.9000,10.9000,10.9000,10.9000,0
SON,20210325,10.9000,10.9000,10.9000,10.9000,0
SON,20210326,10.9000,10.9000,10.9000,10.9000,0
SON,20210329,10.9000,10.9000,10.9000,10.9000,0
SON,20210330,10.9000,10.9000,10.9000,10.9000,0
SON,20210331,6.6000,6.6000,6.6000,6.6000,400
SON,20210401,6.6000,6.6000,6.6000,6.6000,0
SON,20210402,6.6000,6.6000,6.6000,6.6000,0
SON,20210405,6.6000,6.6000,6.6000,6.6000,0
SON,20210406,7.5000,7.5000,7.5000,7.5000,100
SON,20210407,8.6000,8.6000,8.6000,8.6000,100
SON,20210408,9.8000,9.8000,9.8000,9.8000,200
SON,20210409,9.8000,9.8000,9.8000,9.8000,0
SON,20210412,9.8000,9.8000,9.8000,9.8000,0
SON,20210413,9.8000,9.8000,9.8000,9.8000,0
SON,20210414,9.8000,9.8000,9.8000,9.8000,0
SON,20210415,9.8000,9.8000,9.8000,9.8000,0
SON,20210416,9.8000,9.8000,9.8000,9.8000,0
SON,20210419,11.2000,11.2000,11.2000,11.2000,200
SON,20210420,11.2000,11.2000,11.2000,11.2000,0
SON,20210422,11.2000,11.2000,11.2000,11.2000,0
SON,20210423,11.2000,11.2000,11.2000,11.2000,0
SON,20210426,11.2000,11.2000,11.2000,11.2000,0
SON,20210427,11.2000,11.2000,11.2000,11.2000,0
SON,20210428,11.2000,11.2000,11.2000,11.2000,0
SON,20210429,11.2000,11.2000,11.2000,11.2000,0
SON,20210504,11.2000,11.2000,11.2000,11.2000,0
SON,20210505,11.2000,11.2000,11.2000,11.2000,0
SON,20210506,11.2000,11.2000,11.2000,11.2000,0
SON,20210507,11.2000,11.2000,11.2000,11.2000,0
SON,20210510,11.2000,11.2000,11.2000,11.2000,0
SON,20210511,11.2000,11.2000,11.2000,11.2000,0
SON,20210512,11.2000,11.2000,11.2000,11.2000,0
SON,20210513,11.2000,11.2000,11.2000,11.2000,0
SON,20210514,11.2000,11.2000,11.2000,11.2000,0
SON,20210517,11.2000,11.2000,11.2000,11.2000,0
SON,20210518,11.2000,11.2000,11.2000,11.2000,0
SON,20210519,11.2000,11.2000,11.2000,11.2000,0
SON,20210520,11.2000,11.2000,11.2000,11.2000,0
SON,20210521,11.2000,11.2000,11.2000,11.2000,0
SON,20210524,11.2000,11.2000,11.2000,11.2000,0
SON,20210525,11.2000,11.2000,11.2000,11.2000,0
SON,20210526,11.2000,11.2000,11.2000,11.2000,0
SON,20210527,11.2000,11.2000,11.2000,11.2000,0
SON,20210528,11.2000,11.2000,11.2000,11.2000,0
SON,20210531,11.2000,11.2000,11.2000,11.2000,0
SON,20210601,11.2000,11.2000,11.2000,11.2000,0
SON,20210602,11.2000,11.2000,11.2000,11.2000,0
SON,20210603,11.2000,11.2000,11.2000,11.2000,0
SON,20210604,6.8000,6.8000,6.8000,6.8000,100
SON,20210607,6.8000,6.8000,6.8000,6.8000,0
SON,20210608,6.8000,6.8000,6.8000,6.8000,0
SON,20210609,6.8000,6.8000,6.8000,6.8000,0
SON,20210610,6.8000,6.8000,6.8000,6.8000,0
SON,20210611,5.8000,5.8000,5.8000,5.8000,300
SON,20210614,5.0000,5.6000,5.0000,5.0000,1000
SON,20210615,5.1000,5.1000,5.1000,5.1000,0
SON,20210616,5.1000,5.1000,5.1000,5.1000,0
SON,20210617,5.1000,5.2000,5.1000,5.2000,200
SON,20210618,5.4000,5.4000,5.4000,5.4000,100
SON,20210621,5.4000,5.4000,4.6000,4.6000,100
SON,20210622,4.3000,4.3000,4.3000,4.3000,200
SON,20210623,4.3000,4.3000,4.3000,4.3000,0
SON,20210624,4.3000,4.3000,4.3000,4.3000,0
SON,20210625,4.3000,4.3000,4.3000,4.3000,0
SON,20210628,4.3000,4.3000,4.3000,4.3000,0
SON,20210629,4.3000,4.3000,4.3000,4.3000,0
SON,20210630,4.3000,4.3000,4.3000,4.3000,0
SON,20210701,4.3000,4.3000,4.3000,4.3000,0
SON,20210702,3.7000,3.7000,3.7000,3.7000,400
SON,20210705,3.7000,3.7000,3.7000,3.7000,0
SON,20210706,3.7000,3.7000,3.7000,3.7000,0
SON,20210707,3.7000,3.7000,3.7000,3.7000,0
SON,20210708,3.7000,3.7000,3.7000,3.7000,0
SON,20210709,3.7000,3.7000,3.7000,3.7000,200
SON,20210712,3.7000,3.7000,3.7000,3.7000,0
SON,20210713,3.7000,3.7000,3.7000,3.7000,0
SON,20210714,3.7000,3.7000,3.7000,3.7000,0
SON,20210715,3.7000,3.7000,3.7000,3.7000,0
SON,20210716,3.7000,3.7000,3.7000,3.7000,0
SON,20210719,3.7000,3.7000,3.7000,3.7000,0
SON,20210720,3.7000,3.7000,3.7000,3.7000,0
SON,20210721,3.7000,3.7000,3.7000,3.7000,0
SON,20210722,3.7000,3.7000,3.7000,3.7000,0
SON,20210723,3.7000,3.7000,3.7000,3.7000,0
SON,20210726,3.7000,3.7000,3.7000,3.7000,0
SON,20210727,3.7000,3.7000,3.7000,3.7000,0
SON,20210728,3.7000,3.7000,3.7000,3.7000,0
SON,20210729,3.7000,3.7000,3.7000,3.7000,0
SON,20210730,3.7000,3.7000,3.2000,3.2000,400
SON,20210802,3.2000,3.2000,3.2000,3.2000,0
SON,20210803,3.2000,3.2000,3.2000,3.2000,0
SON,20210804,3.2000,3.2000,3.2000,3.2000,0
SON,20210805,3.2000,3.2000,3.2000,3.2000,0
SON,20210806,3.2000,3.2000,3.2000,3.2000,0
SON,20210809,3.2000,3.2000,3.2000,3.2000,0
SON,20210810,3.2000,3.2000,3.2000,3.2000,0
SON,20210811,3.2000,3.2000,3.2000,3.2000,0
SON,20210812,3.2000,3.2000,3.2000,3.2000,0
SON,20210813,3.2000,3.2000,3.2000,3.2000,0
SON,20210816,3.2000,3.2000,3.2000,3.2000,0
SON,20210817,3.2000,3.2000,3.2000,3.2000,0
SON,20210818,3.2000,3.2000,3.2000,3.2000,0
SON,20210819,3.2000,3.2000,3.2000,3.2000,0
SON,20210820,3.2000,3.2000,3.2000,3.2000,0
SON,20210823,3.2000,3.2000,3.2000,3.2000,0
SON,20210824,3.2000,3.2000,3.2000,3.2000,0
SON,20210825,3.2000,3.2000,3.2000,3.2000,0
SON,20210826,3.2000,3.2000,3.2000,3.2000,0
SON,20210827,3.6000,3.6000,3.6000,3.6000,100
SON,20210830,3.6000,3.6000,3.6000,3.6000,0
SON,20210831,3.6000,3.6000,3.6000,3.6000,0
SON,20210901,3.6000,3.6000,3.6000,3.6000,0
SON,20210906,3.6000,3.6000,3.6000,3.6000,0
SON,20210907,3.6000,3.6000,3.6000,3.6000,0
SON,20210908,3.6000,3.6000,3.6000,3.6000,0
SON,20210909,3.6000,3.6000,3.6000,3.6000,0
SON,20210910,3.6000,3.6000,3.6000,3.6000,0
SON,20210913,3.6000,3.6000,3.6000,3.6000,0
SON,20210914,3.6000,3.6000,3.6000,3.6000,0
SON,20210915,3.6000,3.6000,3.6000,3.6000,0
SON,20210916,4.1000,4.1000,4.1000,4.1000,100
SON,20210917,4.1000,4.1000,4.1000,4.1000,0
SON,20210920,4.1000,4.1000,4.1000,4.1000,0
SON,20210921,4.7000,4.7000,4.7000,4.7000,100
SON,20210922,4.7000,4.7000,4.7000,4.7000,0
SON,20210923,4.7000,4.7000,4.7000,4.7000,0
SON,20210924,5.4000,5.4000,5.4000,5.4000,100
SON,20210927,5.4000,5.4000,5.4000,5.4000,0
SON,20210928,5.4000,5.4000,5.4000,5.4000,0
SON,20210929,5.4000,5.4000,5.4000,5.4000,0
SON,20210930,5.4000,5.4000,5.4000,5.4000,0
SON,20211001,5.4000,5.4000,5.4000,5.4000,0
SON,20211004,5.4000,5.4000,5.4000,5.4000,0
SON,20211005,5.4000,5.4000,5.4000,5.4000,0
SON,20211006,6.2000,6.2000,6.2000,6.2000,100
SON,20211007,7.1000,7.1000,7.1000,7.1000,5300
SON,20211008,7.5000,8.0000,7.5000,8.0000,500
SON,20211011,8.0000,9.0000,8.0000,9.0000,800
SON,20211012,8.2000,8.2000,8.1000,8.1000,500
SON,20211013,9.0000,9.4000,9.0000,9.4000,3100
SON,20211014,10.8000,10.8000,10.8000,10.8000,100
SON,20211015,12.4000,12.4000,12.4000,12.4000,400
SON,20211018,14.2000,14.2000,14.2000,14.2000,2100
SON,20211019,16.3000,16.3000,16.3000,16.3000,3100
SON,20211020,18.7000,18.7000,18.7000,18.7000,3500
SON,20211021,21.5000,21.5000,19.0000,19.0000,900
SON,20211022,19.0000,19.0000,17.4000,17.4000,1600
SON,20211025,15.9000,15.9000,15.9000,15.9000,1300
SON,20211026,13.6000,13.6000,13.6000,13.6000,9700
SON,20211027,13.6000,13.6000,12.5000,12.5000,500
SON,20211028,11.4000,11.7000,11.4000,11.7000,700
SON,20211029,10.1000,13.3000,10.1000,13.3000,7500
SON,20211101,12.3000,12.3000,12.3000,12.3000,100
SON,20211102,14.1000,14.1000,14.1000,14.1000,400
SON,20211103,16.2000,16.2000,14.1000,16.2000,5900
SON,20211104,16.2000,16.2000,16.2000,16.2000,0
SON,20211105,16.2000,16.2000,16.2000,16.2000,0
SON,20211108,16.2000,16.2000,16.2000,16.2000,0
SON,20211109,13.8000,15.0000,13.8000,15.0000,3800
SON,20211110,16.0000,16.0000,14.0000,16.0000,5900
SON,20211111,14.3000,16.2000,14.3000,16.2000,300
SON,20211112,13.1000,13.1000,13.1000,13.1000,100
SON,20211115,14.0000,14.0000,13.8000,13.8000,400
SON,20211116,14.0000,14.0000,14.0000,14.0000,0
SON,20211117,14.0000,14.0000,14.0000,14.0000,0
SON,20211118,14.0000,14.0000,14.0000,14.0000,0
SON,20211119,14.0000,14.0000,14.0000,14.0000,0
SON,20211122,14.0000,14.0000,14.0000,14.0000,0
SON,20211123,11.9000,12.9000,11.9000,12.9000,700
SON,20211124,12.9000,14.3000,12.9000,14.3000,700
SON,20211125,12.9000,12.9000,12.7000,12.7000,800
SON,20211126,14.7000,14.7000,14.7000,14.7000,100
SON,20211129,14.7000,14.7000,14.7000,14.7000,0
SON,20211130,14.7000,14.7000,14.7000,14.7000,0
SON,20211201,14.7000,14.7000,14.7000,14.7000,0
SON,20211202,12.5000,13.0000,12.5000,13.0000,1900
SON,20211203,12.8000,12.8000,12.8000,12.8000,0
SON,20211206,12.8000,12.8000,12.8000,12.8000,0
SON,20211207,12.8000,12.8000,12.8000,12.8000,300
SON,20211208,12.8000,12.8000,12.8000,12.8000,0
SON,20211209,12.8000,12.8000,12.8000,12.8000,0
SON,20211210,12.8000,12.8000,12.8000,12.8000,0
SON,20211213,12.8000,12.8000,12.8000,12.8000,0
SON,20211214,12.8000,12.8000,12.8000,12.8000,0
SON,20211215,12.8000,12.8000,12.8000,12.8000,0
SON,20211216,12.8000,12.8000,12.8000,12.8000,0
SON,20211217,12.8000,12.8000,12.8000,12.8000,0
SON,20211220,12.8000,12.8000,12.8000,12.8000,0
SON,20211221,12.8000,12.8000,12.8000,12.8000,0
SON,20211222,10.9000,10.9000,10.9000,10.9000,100
SON,20211223,10.9000,10.9000,10.9000,10.9000,0
SON,20211224,9.3000,9.3000,9.3000,9.3000,1500
SON,20211227,9.3000,9.3000,9.3000,9.3000,0
SON,20211228,10.5000,10.6000,10.0000,10.6000,1300
SON,20211229,11.0000,11.0000,11.0000,11.0000,5700
SON,20211230,11.0000,11.0000,11.0000,11.0000,0
SON,20211231,9.5000,9.5000,9.5000,9.5000,100
SON,20220104,10.0000,10.0000,10.0000,10.0000,2600
SON,20220105,10.0000,10.0000,10.0000,10.0000,0
SON,20220106,10.0000,10.0000,10.0000,10.0000,0
SON,20220107,8.8000,8.8000,8.8000,8.8000,500
SON,20220110,10.0000,10.1000,10.0000,10.1000,2000
SON,20220111,10.1000,10.1000,10.1000,10.1000,0
SON,20220112,8.7000,8.7000,8.7000,8.7000,2500
SON,20220113,8.7000,8.7000,8.7000,8.7000,0
SON,20220114,8.7000,8.7000,8.7000,8.7000,0
SON,20220117,8.7000,8.7000,8.7000,8.7000,0
SON,20220118,8.7000,8.7000,8.7000,8.7000,0
SON,20220119,8.7000,8.7000,8.7000,8.7000,0
SON,20220120,8.7000,8.7000,8.7000,8.7000,0
SON,20220121,8.7000,8.7000,8.7000,8.7000,0
SON,20220124,8.7000,8.7000,8.7000,8.7000,0
SON,20220125,8.7000,8.7000,8.7000,8.7000,0
SON,20220126,8.7000,8.7000,8.7000,8.7000,0
SON,20220127,8.7000,8.7000,8.7000,8.7000,0
SON,20220128,8.7000,8.7000,8.7000,8.7000,0
SON,20220207,8.7000,8.7000,8.7000,8.7000,0
SON,20220208,9.7000,9.9000,9.7000,9.9000,200
SON,20220209,9.8000,9.8000,9.8000,9.8000,0
SON,20220210,9.8000,9.8000,9.8000,9.8000,0
SON,20220211,8.4000,8.4000,8.4000,8.4000,100
SON,20220214,8.4000,8.4000,8.4000,8.4000,0
SON,20220215,8.4000,8.4000,8.4000,8.4000,0
SON,20220216,8.4000,8.4000,8.4000,8.4000,0
SON,20220217,8.4000,8.4000,8.4000,8.4000,0
SON,20220218,8.4000,8.4000,8.4000,8.4000,0
SON,20220221,8.4000,8.4000,8.4000,8.4000,0
SON,20220222,8.4000,8.4000,8.4000,8.4000,0
SON,20220223,9.1000,9.1000,9.1000,9.1000,100
SON,20220224,9.1000,9.1000,9.1000,9.1000,0
SON,20220225,9.1000,9.1000,9.1000,9.1000,0
SON,20220228,9.1000,9.1000,9.1000,9.1000,0
SON,20220301,9.1000,9.1000,9.1000,9.1000,0
SON,20220302,9.1000,9.1000,9.1000,9.1000,0
SON,20220303,9.1000,9.1000,9.1000,9.1000,0
SON,20220304,8.2000,8.2000,8.1000,8.1000,400
SON,20220307,8.1000,8.1000,8.1000,8.1000,0
SON,20220308,8.1000,8.1000,8.1000,8.1000,0
SON,20220309,8.9000,8.9000,8.9000,8.9000,200
SON,20220310,8.9000,8.9000,8.9000,8.9000,0
SON,20220311,8.9000,8.9000,8.9000,8.9000,0
SON,20220314,8.0000,8.1000,8.0000,8.1000,1200
SON,20220315,8.0000,8.0000,8.0000,8.0000,0
SON,20220316,8.0000,8.0000,8.0000,8.0000,0
SON,20220317,8.8000,8.8000,8.8000,8.8000,300
SON,20220318,8.7000,8.7000,8.5000,8.6000,2000
SON,20220321,9.5000,9.8000,9.5000,9.8000,3000
SON,20220322,11.2000,11.2000,11.2000,11.2000,1200
SON,20220323,12.8000,12.8000,10.0000,12.8000,12000
SON,20220324,12.8000,14.3000,10.7000,10.8000,8200
SON,20220325,9.4000,9.5000,9.3000,9.3000,9100
SON,20220328,8.1000,8.5000,8.1000,8.4000,11300
SON,20220329,8.4000,8.6000,8.4000,8.5000,7300
SON,20220330,8.5000,9.5000,8.5000,8.5000,13100
SON,20220331,8.8000,9.4000,8.4000,9.4000,5900
SON,20220401,9.3000,9.3000,8.8000,9.3000,5300
SON,20220404,9.0000,10.3000,7.9000,10.1000,11200
SON,20220405,9.0000,9.0000,8.7000,8.7000,2600
SON,20220406,9.0000,9.0000,8.8000,8.8000,2200
SON,20220407,9.7000,9.7000,8.5000,8.5000,8200
SON,20220408,7.7000,9.0000,7.4000,7.5000,24600
SON,20220412,7.5000,8.6000,7.5000,8.6000,0
SON,20220413,8.6000,8.6000,8.6000,8.6000,0
SON,20220414,8.6000,8.6000,8.6000,8.6000,0
SON,20220415,8.6000,8.6000,8.6000,8.6000,0
SON,20220418,8.6000,8.6000,8.6000,8.6000,0
SON,20220419,8.6000,8.6000,8.6000,8.6000,0
SON,20220420,8.6000,8.6000,8.6000,8.6000,0
SON,20220421,8.6000,8.6000,8.6000,8.6000,0
SON,20220422,8.6000,8.6000,8.6000,8.6000,0
SON,20220425,8.6000,8.6000,8.6000,8.6000,0
SON,20220426,8.6000,8.6000,8.6000,8.6000,0
SON,20220427,8.6000,8.6000,8.6000,8.6000,0
SON,20220428,8.6000,8.6000,8.6000,8.6000,0
SON,20220429,8.6000,8.6000,8.6000,8.6000,0
SON,20220504,8.6000,8.6000,8.6000,8.6000,0
SON,20220505,8.6000,8.6000,8.6000,8.6000,0
SON,20220506,8.6000,8.6000,8.6000,8.6000,0
SON,20220509,8.6000,8.6000,8.6000,8.6000,0
SON,20220510,8.6000,8.6000,8.6000,8.6000,0
SON,20220511,8.6000,8.6000,8.6000,8.6000,0
SON,20220512,8.6000,8.6000,8.6000,8.6000,0
SON,20220513,8.6000,8.6000,8.6000,8.6000,0
SON,20220516,8.6000,8.6000,8.6000,8.6000,0
SON,20220517,8.6000,8.6000,8.6000,8.6000,0
SON,20220518,8.6000,8.6000,8.6000,8.6000,0
SON,20220519,8.6000,8.6000,8.6000,8.6000,0
SON,20220520,8.6000,8.6000,8.6000,8.6000,0
SON,20220523,8.6000,8.6000,8.6000,8.6000,0
SON,20220524,8.6000,8.6000,8.6000,8.6000,0
SON,20220525,8.6000,8.6000,8.6000,8.6000,0
SON,20220526,8.6000,8.6000,8.6000,8.6000,0
SON,20220527,8.6000,8.6000,8.6000,8.6000,0
SON,20220530,8.6000,8.6000,8.6000,8.6000,0
SON,20220531,8.6000,8.6000,8.6000,8.6000,0
SON,20220601,8.6000,8.6000,8.6000,8.6000,0
SON,20220602,8.6000,8.6000,8.6000,8.6000,0
SON,20220603,8.6000,8.6000,8.6000,8.6000,0
SON,20220606,8.6000,8.6000,8.6000,8.6000,0
SON,20220607,8.6000,8.6000,8.6000,8.6000,0
SON,20220608,8.6000,8.6000,8.6000,8.6000,0
SON,20220609,8.6000,8.6000,8.6000,8.6000,0
SON,20220610,8.6000,8.6000,8.6000,8.6000,0
SON,20220613,8.6000,8.6000,8.6000,8.6000,0
SON,20220614,8.6000,8.6000,8.6000,8.6000,0
SON,20220615,8.6000,8.6000,8.6000,8.6000,0
SON,20220616,8.6000,8.6000,8.6000,8.6000,0
SON,20220617,8.6000,8.6000,8.6000,8.6000,0
SON,20220620,8.6000,8.6000,8.6000,8.6000,0
SON,20220621,8.6000,8.6000,8.6000,8.6000,0
SON,20220622,8.6000,8.6000,8.6000,8.6000,0
SON,20220623,8.6000,8.6000,8.6000,8.6000,0
SON,20220624,8.6000,8.6000,8.6000,8.6000,0
SON,20220627,8.6000,8.6000,8.6000,8.6000,0
SON,20220628,8.6000,8.6000,8.6000,8.6000,0
SON,20220629,8.6000,8.6000,8.6000,8.6000,0
SON,20220630,8.6000,8.6000,8.6000,8.6000,0
SON,20220701,8.6000,8.6000,8.6000,8.6000,0
SON,20220704,8.6000,8.6000,8.6000,8.6000,0
SON,20220705,8.6000,8.6000,8.6000,8.6000,0
SON,20220706,8.6000,8.6000,8.6000,8.6000,0
SON,20220707,8.6000,8.6000,8.6000,8.6000,0
SON,20220708,8.6000,8.6000,8.6000,8.6000,0
SON,20220711,8.6000,8.6000,8.6000,8.6000,0
SON,20220712,8.6000,8.6000,8.6000,8.6000,0
SON,20220713,8.6000,8.6000,8.6000,8.6000,0
SON,20220815,0.0000,0.0000,0.0000,0.0000,0
SON,20220816,8.6000,8.6000,8.6000,8.6000,0
SON,20220817,8.6000,8.6000,8.6000,8.6000,0
SON,20220818,8.6000,8.6000,8.6000,8.6000,0
SON,20220819,8.6000,8.6000,8.6000,8.6000,0
SON,20220822,8.6000,8.6000,8.6000,8.6000,0
SON,20220823,8.6000,8.6000,8.6000,8.6000,0
SON,20220824,8.6000,8.6000,8.6000,8.6000,0
SON,20220825,8.6000,8.6000,8.6000,8.6000,0
SON,20220826,8.6000,8.6000,8.6000,8.6000,0
SON,20220829,8.6000,8.6000,8.6000,8.6000,0
SON,20220830,8.6000,8.6000,8.6000,8.6000,0
SON,20220831,8.6000,8.6000,8.6000,8.6000,0
SON,20220905,8.6000,8.6000,8.6000,8.6000,0
SON,20220906,8.6000,8.6000,8.6000,8.6000,0
SON,20220907,8.6000,8.6000,8.6000,8.6000,0
SON,20220908,8.6000,8.6000,8.6000,8.6000,0
SON,20220909,8.6000,8.6000,8.6000,8.6000,0
SON,20220912,8.6000,8.6000,8.6000,8.6000,0
SON,20220913,8.6000,8.6000,8.6000,8.6000,0
SON,20220914,8.6000,8.6000,8.6000,8.6000,0
SON,20220915,8.6000,8.6000,8.6000,8.6000,0
SON,20220916,8.6000,8.6000,8.6000,8.6000,0
SON,20220919,8.6000,8.6000,8.6000,8.6000,0
SON,20220920,8.6000,8.6000,8.6000,8.6000,0
SON,20220921,8.6000,8.6000,8.6000,8.6000,0
SON,20220922,8.6000,8.6000,8.6000,8.6000,0
SON,20220923,8.6000,8.6000,8.6000,8.6000,0
SON,20220926,8.6000,8.6000,8.6000,8.6000,0
SON,20220927,8.6000,8.6000,8.6000,8.6000,0
SON,20220928,8.6000,8.6000,8.6000,8.6000,0
SON,20220929,8.6000,8.6000,8.6000,8.6000,0
SON,20220930,8.6000,8.6000,8.6000,8.6000,0
SON,20221003,8.6000,8.6000,8.6000,8.6000,0
SON,20221004,8.6000,8.6000,8.6000,8.6000,0
SON,20221005,8.6000,8.6000,8.6000,8.6000,0
SON,20221006,8.6000,8.6000,8.6000,8.6000,0
SON,20221007,8.6000,8.6000,8.6000,8.6000,0