M10,20180110,31.9000,31.9000,31.9000,31.9000,100
M10,20180111,36.6000,36.6000,36.6000,36.6000,170
M10,20180112,42.0000,42.0000,42.0000,42.0000,8600
M10,20180115,48.3000,48.3000,38.1000,43.0000,7100
M10,20180116,42.0000,42.0000,36.3000,40.0000,5000
M10,20180117,34.6000,36.0000,34.5000,35.0000,4811
M10,20180118,39.8000,39.9000,39.8000,39.9000,609
M10,20180119,39.9000,39.9000,39.9000,39.9000,200
M10,20180122,39.9000,39.9000,38.0000,38.0000,400
M10,20180123,35.0000,39.0000,35.0000,37.0000,3988
M10,20180124,37.5000,37.5000,37.5000,37.5000,100
M10,20180125,36.0000,36.0000,36.0000,36.0000,200
M10,20180126,36.0000,36.1000,36.0000,36.1000,300
M10,20180129,36.0000,36.0000,34.5000,34.5000,968
M10,20180130,35.0000,35.0000,35.0000,35.0000,200
M10,20180131,35.0000,35.0000,30.0000,35.0000,1900
M10,20180201,31.6000,31.6000,31.6000,31.6000,0
M10,20180202,31.6000,31.6000,31.6000,31.6000,0
M10,20180205,32.3000,32.3000,32.3000,32.3000,900
M10,20180206,27.5000,27.5000,27.5000,27.5000,1600
M10,20180207,26.0000,26.0000,26.0000,26.0000,100
M10,20180208,29.9000,29.9000,29.9000,29.9000,1000
M10,20180209,34.3000,34.3000,34.3000,34.3000,100
M10,20180212,34.3000,34.3000,34.3000,34.3000,0
M10,20180213,34.3000,34.3000,34.3000,34.3000,600
M10,20180221,38.3000,38.3000,38.3000,38.3000,100
M10,20180222,38.3000,38.3000,38.3000,38.3000,0
M10,20180223,34.1000,34.2000,34.1000,34.2000,720
M10,20180226,34.1000,34.1000,34.1000,34.1000,0
M10,20180227,34.1000,34.1000,34.1000,34.1000,0
M10,20180228,34.1000,34.1000,34.1000,34.1000,0
M10,20180301,35.0000,36.0000,35.0000,36.0000,300
M10,20180302,33.0000,37.0000,33.0000,37.0000,200
M10,20180305,39.9000,39.9000,39.9000,39.9000,100
M10,20180306,36.0000,36.0000,35.0000,35.0000,600
M10,20180307,35.2000,35.2000,35.2000,35.2000,200
M10,20180308,35.2000,35.2000,35.2000,35.2000,0
M10,20180309,35.2000,35.2000,35.2000,35.2000,0
M10,20180312,35.0000,35.0000,35.0000,35.0000,100
M10,20180313,35.0000,35.0000,35.0000,35.0000,0
M10,20180314,35.0000,35.0000,35.0000,35.0000,0
M10,20180315,35.0000,35.0000,35.0000,35.0000,0
M10,20180316,35.0000,35.0000,35.0000,35.0000,0
M10,20180319,35.0000,35.0000,35.0000,35.0000,0
M10,20180320,35.0000,38.0000,35.0000,38.0000,500
M10,20180321,36.8000,36.8000,36.8000,36.8000,0
M10,20180322,36.8000,36.8000,36.8000,36.8000,0
M10,20180323,36.8000,36.8000,32.0000,32.0000,400
M10,20180326,36.6000,36.6000,33.6000,33.6000,2700
M10,20180327,34.5000,37.8000,34.5000,37.8000,2500
M10,20180328,37.0000,37.0000,37.0000,37.0000,3800
M10,20180329,37.0000,37.0000,37.0000,37.0000,800
M10,20180330,37.0000,37.0000,37.0000,37.0000,0
M10,20180402,37.0000,37.0000,37.0000,37.0000,0
M10,20180403,37.0000,37.0000,37.0000,37.0000,0
M10,20180404,36.0000,38.0000,36.0000,37.0000,3500
M10,20180405,36.0000,36.0000,36.0000,36.0000,2400
M10,20180406,36.2000,36.2000,36.0000,36.0000,5400
M10,20180409,35.0000,36.0000,35.0000,36.0000,600
M10,20180410,35.8000,35.8000,35.8000,35.8000,0
M10,20180411,35.8000,35.8000,35.8000,35.8000,0
M10,20180412,35.0000,35.0000,35.0000,35.0000,400
M10,20180413,35.0000,35.0000,35.0000,35.0000,0
M10,20180416,35.0000,35.0000,35.0000,35.0000,0
M10,20180417,35.0000,35.0000,35.0000,35.0000,0
M10,20180418,35.0000,35.0000,35.0000,35.0000,0
M10,20180419,35.0000,35.0000,35.0000,35.0000,0
M10,20180420,37.7000,37.7000,37.7000,37.7000,100
M10,20180423,42.5000,42.5000,42.5000,42.5000,110
M10,20180424,42.5000,42.5000,42.5000,42.5000,0
M10,20180426,42.5000,42.5000,42.5000,42.5000,0
M10,20180427,42.5000,42.5000,42.5000,42.5000,0
M10,20180502,42.5000,42.5000,42.5000,42.5000,0
M10,20180503,42.5000,42.5000,42.5000,42.5000,0
M10,20180504,42.5000,42.5000,42.5000,42.5000,0
M10,20180507,42.5000,42.5000,42.5000,42.5000,10
M10,20180508,42.5000,42.5000,42.5000,42.5000,0
M10,20180509,42.5000,42.5000,42.5000,42.5000,0
M10,20180510,42.5000,42.5000,42.5000,42.5000,0
M10,20180511,38.0000,38.0000,38.0000,38.0000,100
M10,20180514,38.0000,38.0000,38.0000,38.0000,0
M10,20180515,17.3672,17.3672,17.3672,17.3672,0
M10,20180516,17.3672,17.3672,17.3672,17.3672,0
M10,20180517,17.3672,17.3672,17.3672,17.3672,0
M10,20180518,16.3117,16.3117,16.3117,16.3117,1000
M10,20180521,16.3117,16.3117,16.3117,16.3117,0
M10,20180522,16.3117,16.3117,16.3117,16.3117,0
M10,20180523,16.3117,16.3117,16.3117,16.3117,0
M10,20180524,16.3117,16.3117,16.3117,16.3117,0
M10,20180525,15.3522,15.3522,15.3522,15.3522,100
M10,20180528,14.3927,14.3927,13.9129,13.9129,500
M10,20180529,15.8320,15.8320,15.8320,15.8320,100
M10,20180530,18.1828,18.1828,18.1828,18.1828,100
M10,20180531,16.7915,18.2308,16.7915,18.2308,2200
M10,20180601,16.9354,16.9354,16.9354,16.9354,0
M10,20180604,16.9354,16.9354,16.9354,16.9354,0
M10,20180605,19.3822,19.3822,19.3822,19.3822,100
M10,20180606,19.3822,19.3822,19.3822,19.3822,0
M10,20180607,19.3822,19.3822,19.3822,19.3822,0
M10,20180608,19.3822,19.3822,19.3822,19.3822,0
M10,20180611,19.3822,19.3822,19.3822,19.3822,0
M10,20180612,19.3822,19.3822,19.3822,19.3822,0
M10,20180613,16.5516,17.7510,16.5516,17.7510,1000
M10,20180614,16.6955,16.6955,16.6955,16.6955,0
M10,20180615,16.6955,16.6955,16.6955,16.6955,0
M10,20180618,17.7510,17.7510,17.7510,17.7510,100
M10,20180619,17.7510,17.7510,17.7510,17.7510,0
M10,20180620,17.7510,17.7510,17.7510,17.7510,0
M10,20180621,17.7510,17.7510,17.7510,17.7510,0
M10,20180622,17.7510,17.7510,17.7510,17.7510,0
M10,20180625,17.7510,17.7510,17.7510,17.7510,0
M10,20180626,17.7510,17.7510,17.7510,17.7510,0
M10,20180627,17.7510,17.7510,17.7510,17.7510,0
M10,20180628,17.7510,17.7510,17.7510,17.7510,0
M10,20180629,17.7510,17.7510,17.7510,17.7510,0
M10,20180702,17.7510,17.7510,17.7510,17.7510,0
M10,20180703,17.7510,17.7510,17.7510,17.7510,0
M10,20180704,17.7510,17.7510,17.7510,17.7510,0
M10,20180705,17.7510,17.7510,17.7510,17.7510,0
M10,20180706,17.7510,17.7510,17.7510,17.7510,0
M10,20180709,17.7510,17.7510,17.7510,17.7510,0
M10,20180710,17.7510,17.7510,17.7510,17.7510,0
M10,20180711,17.7510,17.7510,17.7510,17.7510,0
M10,20180712,17.7510,17.7510,17.7510,17.7510,0
M10,20180713,17.7510,17.7510,17.7510,17.7510,0
M10,20180716,17.7510,17.7510,17.7510,17.7510,0
M10,20180717,17.7510,17.7510,17.7510,17.7510,0
M10,20180718,17.7510,17.7510,17.7510,17.7510,0
M10,20180719,17.7510,17.7510,17.7510,17.7510,0
M10,20180720,16.7435,16.7435,16.7435,16.7435,100
M10,20180723,16.7435,16.7435,16.7435,16.7435,0
M10,20180724,16.7435,16.7435,16.7435,16.7435,0
M10,20180725,16.7435,16.7435,16.7435,16.7435,0
M10,20180726,16.7435,16.7435,16.7435,16.7435,0
M10,20180727,16.7435,16.7435,16.7435,16.7435,0
M10,20180730,16.7435,16.7435,16.7435,16.7435,0
M10,20180731,16.7435,16.7435,16.7435,16.7435,0
M10,20180801,16.7435,16.7435,16.7435,16.7435,0
M10,20180802,16.7435,16.7435,16.7435,16.7435,0
M10,20180803,16.7435,16.7435,16.7435,16.7435,0
M10,20180806,16.7435,16.7435,16.7435,16.7435,0
M10,20180807,16.7435,16.7435,16.7435,16.7435,0
M10,20180808,16.7435,16.7435,16.7435,16.7435,0
M10,20180809,16.3117,16.3117,16.3117,16.3117,100
M10,20180810,16.3117,16.3117,16.3117,16.3117,0
M10,20180813,16.3117,16.3117,16.3117,16.3117,0
M10,20180814,14.4887,14.4887,14.4887,14.4887,1600
M10,20180815,14.4887,14.4887,14.4887,14.4887,100
M10,20180816,14.3927,14.3927,14.0089,14.0089,300
M10,20180817,16.2638,16.2638,16.2638,16.2638,100
M10,20180820,16.7915,18.6625,16.2638,18.6625,19908
M10,20180821,18.6625,21.2532,18.6625,20.1978,14238
M10,20180822,20.3897,23.4121,20.3897,21.3492,6000
M10,20180823,21.8289,21.8289,19.3342,19.3342,3950
M10,20180824,20.7255,20.7255,20.5720,20.5720,2330
M10,20180827,20.5720,20.7255,20.5720,20.6488,1400
M10,20180828,17.8086,17.8086,17.8086,17.8086,238
M10,20180829,18.5762,18.8065,18.5762,18.6530,500
M10,20180830,18.6530,18.6530,18.6530,18.6530,0
M10,20180831,18.8065,18.9600,18.8065,18.9600,538
M10,20180904,18.9600,18.9600,18.9600,18.9600,0
M10,20180905,19.1903,19.1903,19.1903,19.1903,100
M10,20180906,19.1903,19.1903,19.1903,19.1903,0
M10,20180907,19.1903,19.1903,19.1903,19.1903,200
M10,20180910,19.1903,19.1903,19.1903,19.1903,0
M10,20180911,19.1903,19.1903,19.1903,19.1903,0
M10,20180912,19.1903,19.1903,19.1903,19.1903,0
M10,20180913,19.1903,19.1903,19.1903,19.1903,18
M10,20180914,19.1903,19.1903,19.1903,19.1903,0
M10,20180917,19.1903,19.1903,19.1903,19.1903,0
M10,20180918,18.0389,18.0389,18.0389,18.0389,1600
M10,20180919,18.0389,19.1903,18.0389,19.1136,6403
M10,20180920,19.1903,19.1903,19.1903,19.1903,900
M10,20180921,19.5741,19.5741,19.5741,19.5741,800
M10,20180924,19.5741,19.5741,19.5741,19.5741,0
M10,20180925,18.4227,18.4227,18.4227,18.4227,2000
M10,20180926,18.2692,18.2692,18.2692,18.2692,700
M10,20180927,18.2692,18.2692,18.2692,18.2692,0
M10,20180928,18.8065,18.8065,18.8065,18.8065,347
M10,20181001,17.2713,17.2713,17.2713,17.2713,250
M10,20181002,17.6551,17.6551,17.6551,17.6551,1000
M10,20181003,17.6551,17.6551,17.6551,17.6551,50
M10,20181004,17.6551,17.6551,17.6551,17.6551,0
M10,20181005,17.6551,17.6551,17.6551,17.6551,0
M10,20181008,17.6551,17.6551,17.6551,17.6551,0
M10,20181009,16.8875,16.8875,16.8875,16.8875,100
M10,20181010,17.6551,17.6551,17.6551,17.6551,200
M10,20181011,17.6551,17.6551,17.6551,17.6551,0
M10,20181012,15.3523,16.8875,15.3523,16.8875,5500
M10,20181015,17.6551,17.6551,17.6551,17.6551,100
M10,20181016,17.6551,17.6551,17.6551,17.6551,0
M10,20181017,17.6551,17.6551,17.6551,17.6551,0
M10,20181018,17.0410,17.6551,17.0410,17.6551,1001
M10,20181019,17.2713,17.2713,17.2713,17.2713,99
M10,20181022,17.2713,17.2713,17.2713,17.2713,0
M10,20181023,17.2713,17.2713,17.2713,17.2713,0
M10,20181024,17.1945,18.0389,17.1945,18.0389,910
M10,20181025,17.6551,17.6551,17.6551,17.6551,0
M10,20181026,15.1220,15.3523,15.1220,15.1220,1189
M10,20181029,15.1220,15.1220,15.1220,15.1220,500
M10,20181030,15.1220,15.1220,15.1220,15.1220,50
M10,20181031,14.9685,14.9685,14.5846,14.9685,400
M10,20181101,14.2008,14.2008,14.2008,14.2008,360
M10,20181102,15.3523,15.3523,15.3523,15.3523,260
M10,20181105,15.3523,15.3523,15.3523,15.3523,79
M10,20181106,15.2755,15.3523,15.1987,15.2755,760
M10,20181107,15.2755,15.2755,15.2755,15.2755,0
M10,20181108,15.1987,15.1987,14.5846,15.1987,560
M10,20181109,13.2797,13.2797,13.2797,13.2797,300
M10,20181112,13.2797,13.2797,13.2797,13.2797,60
M10,20181113,14.5846,14.5846,14.5846,14.5846,200
M10,20181114,14.5846,14.5846,14.5079,14.5079,1600
M10,20181115,14.5846,14.5846,14.5846,14.5846,300
M10,20181116,13.4332,13.8170,13.4332,13.8170,200
M10,20181119,13.6635,13.6635,13.6635,13.6635,0
M10,20181120,13.6635,13.6635,13.6635,13.6635,20
M10,20181121,13.4332,13.4332,13.4332,13.4332,100
M10,20181122,14.5846,14.5846,13.8170,13.8170,760
M10,20181123,13.4332,13.4332,13.4332,13.4332,100
M10,20181126,13.4332,13.4332,13.4332,13.4332,0
M10,20181127,14.2008,14.2008,14.2008,14.2008,100
M10,20181128,14.2008,14.2008,14.2008,14.2008,0
M10,20181129,14.2008,14.2008,14.2008,14.2008,0
M10,20181130,14.2008,14.2008,14.2008,14.2008,0
M10,20181203,14.5846,14.5846,14.5846,14.5846,800
M10,20181204,14.5846,15.3523,14.5846,15.1987,1912
M10,20181205,14.9685,14.9685,14.9685,14.9685,50
M10,20181206,14.9685,14.9685,14.9685,14.9685,0
M10,20181207,14.9685,14.9685,14.9685,14.9685,0
M10,20181210,14.9685,14.9685,14.9685,14.9685,10
M10,20181211,14.9685,14.9685,14.9685,14.9685,0
M10,20181212,14.9685,14.9685,14.9685,14.9685,0
M10,20181213,14.9685,14.9685,14.9685,14.9685,2
M10,20181214,14.9685,14.9685,14.9685,14.9685,0
M10,20181217,14.9685,14.9685,14.9685,14.9685,0
M10,20181218,14.9685,14.9685,14.9685,14.9685,0
M10,20181219,14.9685,14.9685,14.9685,14.9685,0
M10,20181220,13.4332,13.4332,13.3565,13.4332,2541
M10,20181221,14.5846,15.4290,14.5846,15.4290,1300
M10,20181224,14.8917,14.8917,14.8917,14.8917,0
M10,20181225,13.5100,13.6635,13.5100,13.6635,600
M10,20181226,13.8170,13.8170,13.8170,13.8170,160
M10,20181227,13.8170,13.8170,13.8170,13.8170,0
M10,20181228,13.5100,13.5100,13.0494,13.0494,5000
M10,20190102,13.2797,13.2797,13.2797,13.2797,0
M10,20190103,13.2797,13.2797,13.2797,13.2797,0
M10,20190104,13.2797,13.2797,13.2797,13.2797,0
M10,20190107,15.1220,15.1220,15.1220,15.1220,100
M10,20190108,16.7340,16.7340,16.7340,16.7340,100
M10,20190109,14.2776,14.2776,14.2776,14.2776,2678
M10,20190110,14.2776,14.2776,14.2776,14.2776,1200
M10,20190111,13.2029,13.2029,13.2029,13.2029,110
M10,20190114,15.1220,15.1220,15.1220,15.1220,415
M10,20190115,15.1220,15.1220,15.1220,15.1220,0
M10,20190116,15.1220,15.1220,15.1220,15.1220,0
M10,20190117,17.1945,17.1945,17.1945,17.1945,100
M10,20190118,17.1945,17.1945,17.1945,17.1945,0
M10,20190121,17.1945,17.1945,17.1945,17.1945,10
M10,20190122,17.1945,17.1945,17.1945,17.1945,0
M10,20190123,17.1945,17.1945,17.1945,17.1945,0
M10,20190124,17.1945,17.1945,17.1945,17.1945,0
M10,20190125,17.1945,17.1945,17.1945,17.1945,60
M10,20190128,17.1945,17.1945,17.1945,17.1945,10
M10,20190129,17.1945,17.1945,17.1945,17.1945,0
M10,20190130,17.1945,17.1945,17.1945,17.1945,0
M10,20190131,14.6614,14.6614,14.6614,14.6614,100
M10,20190201,14.6614,14.6614,14.6614,14.6614,0
M10,20190211,14.6614,14.6614,14.6614,14.6614,16
M10,20190212,14.6614,14.6614,14.6614,14.6614,0
M10,20190213,14.6614,14.6614,14.5846,14.5846,1110
M10,20190214,14.5846,14.5846,14.5846,14.5846,0
M10,20190215,14.5846,14.5846,14.5846,14.5846,0
M10,20190218,15.3523,15.3523,13.8170,13.8170,1918
M10,20190219,15.3523,15.3523,15.3523,15.3523,116
M10,20190220,15.3523,15.3523,15.3523,15.3523,1281
M10,20190221,15.3523,15.3523,15.3523,15.3523,300
M10,20190222,15.3523,15.3523,15.3523,15.3523,1300
M10,20190225,15.3523,15.3523,15.3523,15.3523,1
M10,20190226,14.6614,14.6614,14.6614,14.6614,3000
M10,20190227,14.6614,14.6614,14.6614,14.6614,0
M10,20190228,14.6614,14.6614,14.6614,14.6614,0
M10,20190301,14.2008,15.5058,14.2008,15.5058,2420
M10,20190304,15.0452,15.1987,14.9685,15.1987,1640
M10,20190305,15.1987,15.3523,15.1987,15.3523,2000
M10,20190306,14.5846,15.3523,14.5846,15.3523,1900
M10,20190307,16.1199,16.1199,16.1199,16.1199,730
M10,20190308,16.1199,16.1199,16.1199,16.1199,0
M10,20190311,16.1199,16.1199,16.1199,16.1199,0
M10,20190312,16.1199,16.1199,16.1199,16.1199,20
M10,20190313,16.1199,16.5037,15.3523,16.5037,1500
M10,20190314,15.6593,15.6593,15.6593,15.6593,0
M10,20190315,15.6593,15.6593,15.6593,15.6593,60
M10,20190318,15.6593,15.6593,15.6593,15.6593,0
M10,20190319,15.6593,15.6593,15.6593,15.6593,2
M10,20190320,15.6593,15.6593,15.6593,15.6593,24
M10,20190321,15.6593,15.6593,15.6593,15.6593,120
M10,20190322,15.6593,15.6593,15.6593,15.6593,0
M10,20190325,15.6593,15.6593,15.6593,15.6593,1
M10,20190326,15.6593,15.6593,15.6593,15.6593,0
M10,20190327,15.6593,15.6593,15.6593,15.6593,100
M10,20190328,15.6593,15.6593,15.6593,15.6593,500
M10,20190329,15.6593,15.6593,15.6593,15.6593,30
M10,20190401,14.5846,14.5846,14.5846,14.5846,130
M10,20190402,15.7361,15.7361,15.7361,15.7361,1000
M10,20190403,15.7361,15.7361,15.7361,15.7361,60
M10,20190404,15.4290,15.4290,15.4290,15.4290,100
M10,20190405,15.4290,15.4290,15.4290,15.4290,0
M10,20190408,15.4290,15.4290,15.4290,15.4290,0
M10,20190409,15.4290,15.5825,15.4290,15.5825,800
M10,20190410,15.5058,15.5058,15.5058,15.5058,0
M10,20190411,14.7382,15.2755,14.7382,15.2755,2000
M10,20190412,15.0452,15.0452,15.0452,15.0452,0
M10,20190416,15.0452,15.0452,15.0452,15.0452,40
M10,20190417,14.6614,15.1987,13.4332,15.1987,3100
M10,20190418,14.5846,14.5846,14.5846,14.5846,0
M10,20190419,14.5846,14.5846,14.5846,14.5846,400
M10,20190422,14.5846,14.5846,14.5846,14.5846,1000
M10,20190423,14.5846,14.5846,14.5846,14.5846,0
M10,20190424,14.5846,14.5846,14.5846,14.5846,0
M10,20190425,14.5846,14.5846,14.5846,14.5846,0
M10,20190426,14.8917,14.8917,14.8917,14.8917,800
M10,20190502,14.8917,14.8917,14.8917,14.8917,0
M10,20190503,14.8917,14.8917,14.8917,14.8917,0
M10,20190506,14.8917,14.8917,14.8917,14.8917,0
M10,20190507,14.8917,14.8917,14.8917,14.8917,4
M10,20190508,14.8917,14.8917,14.8917,14.8917,0
M10,20190509,15.0452,15.0452,14.5846,14.5846,900
M10,20190510,14.7382,14.7382,14.7382,14.7382,0
M10,20190513,14.7382,14.7382,14.7382,14.7382,0
M10,20190514,14.7382,14.7382,14.7382,14.7382,2100
M10,20190515,14.2008,14.5846,13.4332,13.4332,1080
M10,20190516,14.5846,14.5846,14.2776,14.5846,600
M10,20190517,14.5079,14.5079,13.8170,13.8170,600
M10,20190520,14.5846,14.5846,14.5846,14.5846,500
M10,20190521,13.8938,14.5846,13.8938,14.5846,200
M10,20190522,14.9685,14.9685,14.9685,14.9685,600
M10,20190523,15.0452,15.0452,15.0452,15.0452,180
M10,20190524,14.9685,14.9685,14.9685,14.9685,200
M10,20190527,14.9683,14.9683,14.9683,14.9683,0
M10,20190528,14.9683,14.9683,14.9683,14.9683,0
M10,20190529,14.9683,14.9683,14.9683,14.9683,0
M10,20190530,14.9683,14.9683,14.9683,14.9683,0
M10,20190531,14.9683,14.9683,14.9683,14.9683,0
M10,20190603,14.9683,14.9683,14.9683,14.9683,0
M10,20190604,14.9683,14.9683,14.9683,14.9683,0
M10,20190605,14.7230,14.7230,14.7230,14.7230,900
M10,20190606,14.7230,14.7230,14.7230,14.7230,0
M10,20190607,14.7230,14.7230,14.7230,14.7230,0
M10,20190610,14.7230,14.7230,14.7230,14.7230,0
M10,20190611,14.7230,14.7230,14.7230,14.7230,1400
M10,20190612,14.7230,14.7230,14.7230,14.7230,0
M10,20190613,14.7230,14.7230,14.7230,14.7230,90
M10,20190614,14.7230,14.7230,14.7230,14.7230,0
M10,20190617,14.7230,14.7230,14.7230,14.7230,0
M10,20190618,14.7230,14.7230,14.7230,14.7230,0
M10,20190619,13.9050,13.9050,13.9050,13.9050,300
M10,20190620,13.9050,13.9050,13.9050,13.9050,0
M10,20190621,13.9050,13.9050,13.9050,13.9050,0
M10,20190624,13.9050,13.9050,13.9050,13.9050,0
M10,20190625,13.9050,13.9050,13.9050,13.9050,20
M10,20190626,13.9050,13.9050,13.9050,13.9050,100
M10,20190627,13.9050,13.9050,13.9050,13.9050,4
M10,20190628,13.9050,13.9050,13.9050,13.9050,0
M10,20190701,14.2322,14.7230,14.2322,14.3958,3180
M10,20190702,14.3958,14.3958,14.3958,14.3958,0
M10,20190703,14.6412,14.6412,14.6412,14.6412,400
M10,20190704,14.6412,14.6412,14.6412,14.6412,610
M10,20190705,14.8866,15.1319,14.8866,15.1319,300
M10,20190708,14.9683,14.9683,14.9683,14.9683,0
M10,20190709,14.9683,14.9683,14.9683,14.9683,0
M10,20190710,14.9683,14.9683,14.9683,14.9683,0
M10,20190711,14.9683,14.9683,14.9683,14.9683,60
M10,20190712,14.9683,14.9683,14.9683,14.9683,0
M10,20190715,14.9683,14.9683,14.9683,14.9683,0
M10,20190716,14.9683,14.9683,14.9683,14.9683,30
M10,20190717,15.3773,15.3773,13.9050,13.9050,200
M10,20190718,14.9683,14.9683,14.9683,14.9683,1027
M10,20190719,14.9683,14.9683,14.9683,14.9683,25
M10,20190722,13.9050,13.9050,13.9050,13.9050,320
M10,20190723,13.9050,13.9050,13.9050,13.9050,0
M10,20190724,13.9050,13.9050,13.9050,13.9050,0
M10,20190725,13.9050,13.9050,13.9050,13.9050,0
M10,20190726,13.9050,13.9050,13.9050,13.9050,0
M10,20190729,13.9050,13.9050,13.9050,13.9050,5
M10,20190730,13.9050,13.9050,13.9050,13.9050,0
M10,20190731,13.9050,13.9050,13.9050,13.9050,20
M10,20190801,13.9050,13.9050,13.9050,13.9050,0
M10,20190802,13.9050,13.9050,13.9050,13.9050,0
M10,20190805,13.9050,13.9050,13.9050,13.9050,0
M10,20190806,13.9050,13.9050,13.9050,13.9050,0
M10,20190807,13.9050,13.9050,13.9050,13.9050,0
M10,20190808,13.9050,13.9050,13.9050,13.9050,0
M10,20190809,13.9050,13.9050,13.9050,13.9050,0
M10,20190812,13.9868,13.9868,13.9868,13.9868,370
M10,20190813,15.2955,15.2955,15.2955,15.2955,300
M10,20190814,15.2955,15.2955,15.2955,15.2955,0
M10,20190815,15.2955,15.2955,15.2955,15.2955,0
M10,20190816,15.2955,15.2955,15.2955,15.2955,0
M10,20190819,13.4960,13.4960,13.4960,13.4960,20625
M10,20190820,13.1689,13.1689,13.0871,13.0871,700
M10,20190821,13.0871,13.0871,13.0871,13.0871,0
M10,20190822,13.0871,13.0871,13.0871,13.0871,0
M10,20190823,14.6412,14.7230,14.6412,14.7230,600
M10,20190826,14.7230,14.7230,14.7230,14.7230,0
M10,20190827,13.9050,13.9050,13.9050,13.9050,600
M10,20190828,13.9050,13.9050,13.9050,13.9050,0
M10,20190829,13.9050,13.9050,13.9050,13.9050,0
M10,20190830,13.9050,13.9050,13.9050,13.9050,0
M10,20190903,13.9050,13.9050,13.9050,13.9050,100
M10,20190904,13.9050,13.9050,13.9050,13.9050,0
M10,20190905,13.9050,13.9050,13.9050,13.9050,0
M10,20190906,13.9050,13.9050,13.9050,13.9050,0
M10,20190909,13.9050,13.9050,13.9050,13.9050,0
M10,20190910,13.9050,13.9050,13.9050,13.9050,0
M10,20190911,13.9050,13.9050,13.9050,13.9050,0
M10,20190912,13.9050,13.9050,13.9050,13.9050,0
M10,20190913,13.9050,13.9050,13.9050,13.9050,0
M10,20190916,13.9050,13.9050,13.9050,13.9050,0
M10,20190917,13.9050,13.9050,13.9050,13.9050,0
M10,20190918,13.9050,13.9050,13.9050,13.9050,0
M10,20190919,13.9050,13.9050,13.9050,13.9050,4
M10,20190920,13.9050,13.9050,13.9050,13.9050,0
M10,20190923,13.9050,13.9050,13.9050,13.9050,0
M10,20190924,13.9050,13.9050,13.9050,13.9050,0
M10,20190925,13.9050,13.9050,13.9050,13.9050,0
M10,20190926,13.9050,13.9050,13.9050,13.9050,0
M10,20190927,13.9050,13.9050,13.9050,13.9050,25
M10,20190930,14.7230,14.7230,14.7230,14.7230,17100
M10,20191001,14.7230,14.7230,14.7230,14.7230,40
M10,20191002,14.7230,14.7230,14.7230,14.7230,0
M10,20191003,14.7230,14.7230,14.7230,14.7230,0
M10,20191004,14.7230,14.7230,14.7230,14.7230,0
M10,20191007,14.7230,14.7230,14.7230,14.7230,0
M10,20191008,14.7230,14.7230,14.7230,14.7230,0
M10,20191009,14.7230,14.7230,14.7230,14.7230,0
M10,20191010,14.7230,14.7230,14.7230,14.7230,0
M10,20191011,14.7230,14.7230,14.7230,14.7230,800
M10,20191014,14.7230,14.7230,14.7230,14.7230,0
M10,20191015,14.7230,14.7230,14.7230,14.7230,4400
M10,20191016,14.7230,14.7230,14.7230,14.7230,135
M10,20191017,14.7230,14.7230,14.7230,14.7230,10000
M10,20191018,14.7230,14.7230,14.7230,14.7230,10400
M10,20191021,14.7230,14.7230,14.7230,14.7230,0
M10,20191022,14.7230,14.7230,14.7230,14.7230,0
M10,20191023,14.7230,14.7230,14.7230,14.7230,0
M10,20191024,14.7230,14.7230,14.7230,14.7230,0
M10,20191025,14.7230,14.7230,14.7230,14.7230,0
M10,20191028,14.7230,14.7230,14.7230,14.7230,600
M10,20191029,14.7230,14.7230,14.7230,14.7230,24
M10,20191030,14.7230,14.7230,14.7230,14.7230,0
M10,20191031,14.7230,14.7230,14.7230,14.7230,3500
M10,20191101,14.7230,14.7230,14.7230,14.7230,100
M10,20191104,14.7230,14.7230,14.7230,14.7230,5000
M10,20191105,14.7230,14.7230,14.7230,14.7230,0
M10,20191106,14.7230,14.7230,14.7230,14.7230,0
M10,20191107,14.7230,14.7230,14.7230,14.7230,12000
M10,20191108,14.3140,14.3140,14.3140,14.3140,3500
M10,20191111,14.3140,14.3140,14.3140,14.3140,3042
M10,20191112,14.7230,14.8866,14.7230,14.7230,20110
M10,20191113,14.7230,14.7230,14.7230,14.7230,10100
M10,20191114,14.7230,14.7230,14.7230,14.7230,0
M10,20191115,14.7230,14.7230,14.7230,14.7230,0
M10,20191118,14.7230,14.7230,14.7230,14.7230,0
M10,20191119,14.7230,14.7230,14.7230,14.7230,0
M10,20191120,14.7230,14.7230,14.7230,14.7230,98
M10,20191121,14.7230,14.7230,14.7230,14.7230,0
M10,20191122,14.7230,14.7230,14.7230,14.7230,0
M10,20191125,14.3140,14.3140,14.3140,14.3140,100
M10,20191126,14.3140,14.3140,14.3140,14.3140,0
M10,20191127,14.3140,14.3140,14.3140,14.3140,0
M10,20191128,14.3140,14.3140,14.3140,14.3140,0
M10,20191129,15.0501,15.0501,15.0501,15.0501,2300
M10,20191202,15.0501,15.0501,15.0501,15.0501,0
M10,20191203,15.0501,15.0501,15.0501,15.0501,0
M10,20191204,15.0501,15.0501,15.0501,15.0501,0
M10,20191205,15.0501,15.0501,15.0501,15.0501,0
M10,20191206,15.0501,15.0501,15.0501,15.0501,0
M10,20191209,15.0501,15.0501,15.0501,15.0501,0
M10,20191210,15.0501,15.0501,15.0501,15.0501,0
M10,20191211,14.7230,14.7230,14.7230,14.7230,29800
M10,20191212,14.7230,14.7230,14.7230,14.7230,0
M10,20191213,14.7230,14.7230,14.7230,14.7230,800
M10,20191216,14.7230,14.7230,14.7230,14.7230,2320
M10,20191217,14.7230,14.7230,14.7230,14.7230,17008
M10,20191218,14.3140,14.3140,14.3140,14.3140,1000
M10,20191219,14.3140,14.3140,14.3140,14.3140,0
M10,20191220,14.3140,14.3140,14.3140,14.3140,0
M10,20191223,14.7230,14.7230,14.7230,14.7230,500
M10,20191224,14.7230,14.7230,14.7230,14.7230,0
M10,20191225,14.7230,14.7230,14.7230,14.7230,31
M10,20191226,14.7230,14.7230,14.7230,14.7230,4600
M10,20191227,13.4960,13.4960,13.4960,13.4960,400
M10,20191230,14.7230,14.7230,14.7230,14.7230,3000
M10,20191231,14.7230,14.7230,14.7230,14.7230,0
M10,20200102,14.7230,14.7230,14.7230,14.7230,0
M10,20200103,14.7230,14.7230,14.7230,14.7230,0
M10,20200106,14.7230,14.7230,14.7230,14.7230,0
M10,20200107,14.7230,14.7230,14.7230,14.7230,0
M10,20200108,14.7230,14.7230,14.7230,14.7230,0
M10,20200109,14.7230,14.7230,14.7230,14.7230,0
M10,20200110,14.7230,14.7230,14.7230,14.7230,0
M10,20200113,14.7230,14.7230,14.7230,14.7230,0
M10,20200114,14.7230,14.7230,14.7230,14.7230,0
M10,20200115,15.0501,15.0501,15.0501,15.0501,100
M10,20200116,15.0501,15.0501,15.0501,15.0501,0
M10,20200117,15.0501,15.0501,15.0501,15.0501,0
M10,20200120,15.0501,15.0501,15.0501,15.0501,0
M10,20200121,15.0501,15.0501,15.0501,15.0501,0
M10,20200122,15.0501,15.0501,15.0501,15.0501,0
M10,20200130,15.0501,15.0501,15.0501,15.0501,0
M10,20200131,15.0501,15.0501,15.0501,15.0501,0
M10,20200203,15.0501,15.0501,15.0501,15.0501,300
M10,20200204,16.3588,16.3588,16.3588,16.3588,100
M10,20200205,16.3588,16.3588,16.3588,16.3588,0
M10,20200206,16.3588,16.3588,16.3588,16.3588,0
M10,20200207,14.7230,14.7230,14.7230,14.7230,3240
M10,20200210,14.7230,14.7230,14.7230,14.7230,0
M10,20200211,16.3588,16.3588,16.3588,16.3588,110
M10,20200212,16.3588,16.3588,16.3588,16.3588,0
M10,20200213,16.3588,16.3588,16.3588,16.3588,0
M10,20200214,15.5409,15.5409,15.5409,15.5409,100
M10,20200217,15.5409,15.5409,15.5409,15.5409,0
M10,20200218,16.3588,16.3588,16.3588,16.3588,200
M10,20200219,16.3588,16.3588,16.3588,16.3588,0
M10,20200220,16.3588,16.3588,16.3588,16.3588,0
M10,20200221,16.3588,16.3588,16.3588,16.3588,0
M10,20200224,16.3588,16.3588,16.3588,16.3588,0
M10,20200225,17.9129,17.9129,17.9129,17.9129,200
M10,20200226,17.9129,17.9129,17.9129,17.9129,0
M10,20200227,17.9129,17.9129,17.9129,17.9129,0
M10,20200228,17.9129,17.9129,17.9129,17.9129,0
M10,20200302,15.2955,15.2955,15.2955,15.2955,200
M10,20200303,16.2771,16.2771,16.2771,16.2771,100
M10,20200304,16.2771,16.2771,16.2771,16.2771,0
M10,20200305,16.5224,16.6860,16.3588,16.6860,7600
M10,20200306,15.6227,16.6860,15.5409,16.6860,5100
M10,20200309,15.2137,15.2137,15.2137,15.2137,2000
M10,20200310,15.2137,15.2137,15.2137,15.2137,0
M10,20200311,16.7678,16.7678,15.2137,15.2137,200
M10,20200312,16.0317,16.0317,16.0317,16.0317,0
M10,20200313,15.2137,15.2137,15.1319,15.1319,4100
M10,20200316,12.9235,15.9499,12.9235,15.9499,200
M10,20200317,14.7230,14.7230,14.7230,14.7230,7300
M10,20200318,14.7230,14.7230,14.7230,14.7230,0
M10,20200319,15.5409,15.5409,15.5409,15.5409,2400
M10,20200320,14.7230,14.7230,13.9050,13.9050,4700
M10,20200323,14.3958,14.3958,14.3958,14.3958,0
M10,20200324,14.7230,14.7230,14.7230,14.7230,400
M10,20200325,14.7230,14.7230,14.7230,14.7230,0
M10,20200326,15.1319,15.1319,15.1319,15.1319,600
M10,20200327,15.1319,15.1319,15.1319,15.1319,0
M10,20200330,15.1319,15.1319,15.1319,15.1319,0
M10,20200331,15.1319,15.1319,15.1319,15.1319,0
M10,20200401,15.1319,15.1319,15.1319,15.1319,0
M10,20200403,15.8681,15.8681,15.8681,15.8681,100
M10,20200406,15.5409,15.5409,14.7230,14.7230,26000
M10,20200407,15.2137,15.2137,15.2137,15.2137,0
M10,20200408,15.5409,17.1768,15.5409,16.4406,50760
M10,20200409,15.9499,18.4855,15.9499,18.4855,110540
M10,20200410,20.3668,20.3668,20.3668,20.3668,256298
M10,20200413,23.3114,23.3932,20.3668,22.4934,166400
M10,20200414,22.4934,22.9024,19.4670,20.9393,93100
M10,20200415,20.8575,20.8575,18.8127,19.3852,92380
M10,20200416,19.7942,22.3298,19.7942,20.7757,94940
M10,20200417,20.9393,20.9393,19.2216,19.3034,73400
M10,20200420,19.6306,20.7757,18.2401,19.0581,104900
M10,20200421,18.8127,18.8127,16.3588,16.6042,71620
M10,20200422,15.7045,17.9947,15.1319,17.9947,52180
M10,20200423,18.1583,18.1583,16.4406,16.5224,34000
M10,20200424,16.7678,16.7678,16.3588,16.5224,46500
M10,20200427,16.6860,17.0950,15.9499,16.0317,31150
M10,20200428,16.0317,16.4406,15.9499,16.3588,28379
M10,20200429,16.4406,17.5858,16.4406,17.1768,42235
M10,20200504,17.9947,18.4037,16.8496,17.1768,36400
M10,20200505,17.2586,17.2586,16.3588,16.6860,29100
M10,20200506,16.4406,16.6042,16.2771,16.4406,22800
M10,20200507,16.3588,16.7678,16.3588,16.5224,23100
M10,20200508,16.7678,16.7678,16.3588,16.4406,63020
M10,20200511,16.2771,16.4406,16.1953,16.3588,28000
M10,20200512,16.2771,17.5858,16.2771,17.5040,64615
M10,20200513,17.5858,17.5858,17.1768,17.1768,18175
M10,20200514,17.0132,17.0132,16.6860,16.8496,15648
M10,20200515,16.7678,16.7678,16.2771,16.5224,45560
M10,20200518,16.4406,16.5224,16.3588,16.4406,17830
M10,20200519,16.3588,16.5224,16.1953,16.3588,27148
M10,20200520,16.7678,16.7678,16.2771,16.3588,18650
M10,20200521,16.4406,16.6860,16.4406,16.4406,24800
M10,20200522,16.5224,16.5224,16.2771,16.3588,10585
M10,20200525,16.3588,16.3588,16.2771,16.3588,12510
M10,20200526,16.3588,16.3588,16.1135,16.3588,17850
M10,20200527,16.1953,16.4406,16.1135,16.2771,32940
M10,20200528,16.1135,16.2771,16.0317,16.2771,12568
M10,20200529,16.0317,16.1953,15.7045,16.1953,8800
M10,20200601,16.1953,16.1953,15.7045,15.7045,10422
M10,20200602,15.7045,15.7045,15.2137,15.5409,15745
M10,20200603,15.5409,15.5409,15.3773,15.4591,2810
M10,20200604,15.4591,15.4591,15.3773,15.4591,6140
M10,20200605,15.4591,15.4591,14.7230,14.7230,34100
M10,20200608,15.0501,15.7045,15.0501,15.5409,27180
M10,20200609,15.5409,16.1953,15.5409,15.7863,16562
M10,20200610,15.7863,15.7863,15.3773,15.4591,11020
M10,20200611,15.5409,15.9499,15.1319,15.1319,8600
M10,20200612,15.1319,15.1319,14.8866,15.1319,6277
M10,20200615,15.1319,15.2137,14.7230,14.7230,12000
M10,20200616,14.7230,14.8866,14.7230,14.8866,6648
M10,20200617,14.7230,15.0501,14.7230,14.9683,4500
M10,20200618,14.7230,15.1319,14.7230,14.9683,22660
M10,20200619,14.8866,14.9683,14.8866,14.8866,5760
M10,20200622,14.9683,14.9683,14.7230,14.8048,7700
M10,20200623,14.5594,14.5594,14.3958,14.3958,25200
M10,20200624,14.3958,14.4776,14.3140,14.3140,14100
M10,20200625,14.3140,14.3140,14.3140,14.3140,9448
M10,20200626,14.3140,14.3140,14.2322,14.3140,2500
M10,20200629,14.3140,14.3140,13.5778,13.5778,12140
M10,20200630,13.4960,13.4960,13.3325,13.3325,6160
M10,20200701,13.7414,13.7414,13.7414,13.7414,1100
M10,20200702,13.8232,13.8232,13.7414,13.7414,3300
M10,20200703,13.4960,13.7414,13.4960,13.5778,5620
M10,20200706,13.7414,13.8232,13.7414,13.8232,7600
M10,20200707,13.9050,14.3958,13.9050,14.1504,13255
M10,20200708,14.1504,14.5594,14.1504,14.3140,6280
M10,20200709,14.3140,14.3140,13.9868,13.9868,10010
M10,20200710,14.0686,14.2322,14.0686,14.1504,5300
M10,20200713,14.0686,14.1504,13.9050,13.9050,12800
M10,20200714,13.9868,14.1504,13.9868,14.1504,400
M10,20200715,14.0686,14.3140,14.0686,14.3140,2600
M10,20200716,14.3140,14.3140,14.1504,14.1504,4200
M10,20200717,14.2322,14.3140,14.0686,14.3140,5300
M10,20200720,13.3325,14.2322,13.3325,13.9050,11428
M10,20200721,14.2322,14.2322,13.9050,13.9050,3250
M10,20200722,13.9050,14.3958,13.9050,14.2322,9300
M10,20200723,14.3958,14.3958,14.3958,14.3958,4500
M10,20200724,14.3140,14.3958,13.4143,13.4960,12000
M10,20200727,14.3140,14.3140,13.0053,13.0053,4810
M10,20200728,13.9868,14.0686,13.9050,13.9050,11100
M10,20200729,13.9050,16.0317,13.4960,16.0317,23500
M10,20200730,15.1319,15.1319,14.3140,14.6412,3910
M10,20200731,14.3958,14.3958,14.2322,14.2322,4400
M10,20200803,13.9868,14.8866,13.9868,14.8866,5500
M10,20200804,14.7230,14.8048,14.4776,14.4776,2830
M10,20200805,14.4776,14.4776,14.2322,14.2322,8659
M10,20200806,14.2322,14.3958,14.1504,14.3958,2200
M10,20200807,14.1504,14.1504,13.9050,14.1504,19200
M10,20200810,14.2322,14.2322,14.0686,14.0686,2600
M10,20200811,13.9050,13.9050,13.8232,13.9050,7836
M10,20200812,13.9050,13.9050,13.9050,13.9050,1330
M10,20200813,13.9050,14.0686,13.8232,14.0686,7302
M10,20200814,13.9050,13.9050,13.8232,13.9050,7620
M10,20200817,13.8232,14.0686,13.4960,13.4960,908
M10,20200818,13.6596,13.9050,13.0871,13.9050,2930
M10,20200819,13.7414,14.0686,13.7414,14.0686,8600
M10,20200820,13.9050,13.9050,13.9050,13.9050,5
M10,20200821,13.9050,13.9050,13.8232,13.9050,2466
M10,20200824,13.8232,14.0686,13.7414,14.0686,6934
M10,20200825,14.2322,14.3140,14.2322,14.2322,10300
M10,20200826,14.3958,14.9683,14.3958,14.7230,21137
M10,20200827,15.0501,15.0501,14.9683,14.9683,201
M10,20200828,14.9683,14.9683,14.3958,14.4776,6900
M10,20200831,14.3958,14.3958,14.1504,14.3958,13635
M10,20200901,14.3958,14.3958,14.3958,14.3958,400
M10,20200903,14.2322,14.2322,14.2322,14.2322,2600
M10,20200904,14.3140,14.3140,14.3140,14.3140,200
M10,20200907,14.3958,14.3958,14.3140,14.3140,6100
M10,20200908,14.2322,14.3140,14.2322,14.3140,3000
M10,20200909,14.0686,14.0686,14.0686,14.0686,1100
M10,20200910,14.3140,14.3140,14.1504,14.3140,4000
M10,20200911,14.1504,14.3140,13.9050,14.3140,6560
M10,20200914,14.0686,14.1504,14.0686,14.1504,1800
M10,20200915,14.3140,14.3140,14.0686,14.1504,5900
M10,20200916,14.2322,14.2322,14.0686,14.1504,1000
M10,20200917,14.3140,14.5594,14.3140,14.3958,12660
M10,20200918,14.3140,14.3958,14.3140,14.3958,5000
M10,20200921,14.3958,14.4776,14.3958,14.4776,8995
M10,20200922,14.5594,14.5594,14.5594,14.5594,2505
M10,20200923,14.5594,14.7230,14.5594,14.6412,4655
M10,20200924,14.6412,14.6412,14.6412,14.6412,0
M10,20200925,14.6412,14.6412,14.6412,14.6412,0
M10,20200928,14.6412,14.6412,14.6412,14.6412,0
M10,20200929,14.7230,14.7230,14.7230,14.7230,5000
M10,20200930,14.7230,14.7230,14.3140,14.5594,2300
M10,20201001,14.3140,14.3140,14.3140,14.3140,105
M10,20201002,14.3140,14.3140,14.3140,14.3140,300
M10,20201005,14.3140,14.3140,14.3140,14.3140,4400
M10,20201006,14.3140,14.3140,14.2322,14.3140,11220
M10,20201007,14.0686,14.7230,14.0686,14.7230,12000
M10,20201008,14.4776,14.4776,14.4776,14.4776,0
M10,20201009,14.3140,14.3140,14.3140,14.3140,3500
M10,20201012,14.2322,14.2322,14.0686,14.0686,7800
M10,20201013,14.3140,14.3140,14.3140,14.3140,2000
M10,20201014,14.3140,14.3140,14.0686,14.0686,2500
M10,20201015,14.2322,14.3958,14.0686,14.0686,8300
M10,20201016,14.0686,14.0686,14.0686,14.0686,500
M10,20201019,14.1504,14.3140,14.1504,14.3140,3500
M10,20201020,14.0686,14.1504,14.0686,14.1504,2500
M10,20201021,14.0686,14.3140,13.9050,14.3140,9454
M10,20201022,13.9868,13.9868,13.9868,13.9868,728
M10,20201023,14.3140,14.3140,13.9868,13.9868,220
M10,20201026,13.9868,13.9868,13.9050,13.9868,3130
M10,20201027,14.1504,14.1504,14.0686,14.0686,3200
M10,20201028,14.1504,14.3140,13.9868,13.9868,9000
M10,20201029,14.0686,14.2322,14.0686,14.0686,5318
M10,20201030,14.1504,14.5594,14.1504,14.3958,19900
M10,20201102,14.3958,14.3958,14.3958,14.3958,1421
M10,20201103,14.3958,14.4776,14.3140,14.3140,1810
M10,20201104,14.5594,14.9683,14.3140,14.9683,41076
M10,20201105,14.7230,15.7045,14.7230,15.5409,27700
M10,20201106,15.5409,15.6227,15.5409,15.6227,10488
M10,20201109,14.7230,15.1319,14.0686,14.8048,9526
M10,20201110,14.8951,15.0756,14.5340,14.9853,10711
M10,20201111,14.4437,14.6242,13.5410,14.6242,23000
M10,20201112,14.8951,14.9853,14.5340,14.8048,5770
M10,20201113,14.8048,14.9853,14.7145,14.8951,5910
M10,20201116,14.8048,14.8951,14.7145,14.8951,5400
M10,20201117,14.8048,14.8048,14.8048,14.8048,1100
M10,20201118,14.7145,14.8048,14.7145,14.8048,1020
M10,20201119,14.8048,14.8048,14.5340,14.6242,8100
M10,20201120,14.3534,14.6242,14.3534,14.6242,1353
M10,20201123,14.5340,14.6242,14.5340,14.6242,3300
M10,20201124,14.6242,14.7145,14.6242,14.7145,2100
M10,20201125,14.6242,14.7145,14.6242,14.7145,3400
M10,20201126,14.5340,14.6242,14.5340,14.6242,3406
M10,20201127,14.6242,14.7145,14.6242,14.7145,4100
M10,20201130,14.7145,14.7145,14.6242,14.6242,4000
M10,20201201,14.6242,14.6242,14.5340,14.5340,4300
M10,20201202,14.5340,14.7145,14.5340,14.6242,3400
M10,20201203,14.4437,14.8951,14.3534,14.8951,2000
M10,20201204,14.8951,14.8951,14.8951,14.8951,500
M10,20201207,14.5340,14.7145,14.5340,14.7145,1700
M10,20201208,14.8951,15.1659,14.8048,15.0756,9308
M10,20201209,15.1659,15.1659,15.0756,15.0756,5800
M10,20201210,15.2561,15.3464,15.2561,15.2561,1700
M10,20201211,15.2561,15.3464,14.8951,14.8951,26108
M10,20201214,14.9853,15.0756,14.9853,15.0756,1908
M10,20201215,15.3464,15.3464,15.2561,15.2561,302
M10,20201216,14.9853,15.0756,14.8048,15.0756,11900
M10,20201217,15.0756,15.6172,15.0756,15.6172,41603
M10,20201218,15.2561,15.2561,15.1659,15.2561,11800
M10,20201221,15.2561,15.4367,15.1659,15.4367,9922
M10,20201222,15.3464,15.3464,15.3464,15.3464,11572
M10,20201223,15.3464,15.6172,15.3464,15.3464,8800
M10,20201224,15.5270,15.5270,14.9853,15.1659,7608
M10,20201225,15.3464,15.3464,15.3464,15.3464,18600
M10,20201228,15.3464,15.3464,15.1659,15.3464,10700
M10,20201229,15.1659,15.5270,15.1659,15.3464,22500
M10,20201230,15.3464,15.5270,15.3464,15.3464,10000
M10,20201231,15.4367,15.4367,15.2561,15.2561,2500
M10,20210104,15.5270,15.5270,15.2561,15.2561,7500
M10,20210105,15.2561,15.2561,15.1659,15.2561,12400
M10,20210106,15.1659,15.2561,15.1659,15.1659,8000
M10,20210107,15.2561,15.3464,15.1659,15.3464,26200
M10,20210108,15.3464,15.3464,15.1659,15.3464,22900
M10,20210111,15.2561,16.2492,15.2561,16.0686,51400
M10,20210112,16.2492,16.7005,16.2492,16.2492,11300
M10,20210113,16.0686,16.6102,16.0686,16.4297,36300
M10,20210114,16.4297,16.4297,16.0686,16.2492,7400
M10,20210115,16.0686,18.6865,15.7075,17.4227,37300
M10,20210118,17.5130,17.8741,16.2492,17.7838,61100
M10,20210119,17.4227,17.4227,15.7978,16.3394,26900
M10,20210120,16.5200,16.5200,15.5270,16.2492,12800
M10,20210121,16.2492,17.4227,16.2492,16.7005,12300
M10,20210122,16.7005,17.6935,16.7005,17.1519,41700
M10,20210125,17.6032,19.7698,17.6032,19.4990,69601
M10,20210126,20.7628,20.7628,18.0546,18.9573,16400
M10,20210127,17.2422,17.6032,16.7005,17.6032,21152
M10,20210128,15.4367,17.1519,15.1659,17.1519,30730
M10,20210129,17.1519,17.1519,15.3464,17.1519,8100
M10,20210201,16.5200,16.5200,15.3464,15.5270,10100
M10,20210202,15.4367,15.8881,15.4367,15.5270,13300
M10,20210203,15.7075,16.7005,15.7075,16.7005,7800
M10,20210204,16.6102,16.7005,15.9783,16.5200,3800
M10,20210205,16.4297,16.7005,16.4297,16.5200,8200
M10,20210208,16.5200,16.5200,16.0686,16.0686,3000
M10,20210209,16.2492,16.5200,16.2492,16.5200,20200
M10,20210217,16.7908,17.6935,16.7908,17.5130,5700
M10,20210218,17.1519,17.1519,16.6102,16.6102,11763
M10,20210219,16.7908,17.0616,16.7908,16.9713,13400
M10,20210222,16.8811,16.8811,16.7908,16.8811,13511
M10,20210223,16.8811,17.1519,16.8811,17.1519,4300
M10,20210224,16.7908,17.1519,16.2492,16.2492,20100
M10,20210225,16.7908,16.8811,16.7005,16.8811,8700
M10,20210226,16.7005,16.9713,16.7005,16.7908,4500
M10,20210301,17.1519,17.1519,16.9713,17.0616,7125
M10,20210302,17.1519,17.1519,16.9713,16.9713,8750
M10,20210303,16.9713,17.2422,16.9713,17.1519,21400
M10,20210304,17.1519,17.4227,16.7908,17.1519,12447
M10,20210305,17.4227,17.6935,17.1519,17.6935,4511
M10,20210308,17.7838,19.9504,17.6935,19.9504,189700
M10,20210309,19.9504,21.1239,19.4087,19.4087,28700
M10,20210310,19.3184,19.8601,17.1519,19.8601,54800
M10,20210311,18.1449,19.7698,18.1449,19.6795,13400
M10,20210312,19.8601,19.9504,19.3184,19.6795,20600
M10,20210315,19.3184,19.3184,18.5060,19.3184,10210
M10,20210316,19.0476,20.1309,18.9573,19.8601,9830
M10,20210317,18.9573,19.7698,18.9573,19.7698,4220
M10,20210318,19.4990,20.1309,19.3184,19.8601,7500
M10,20210319,19.9504,19.9504,18.9573,18.9573,3000
M10,20210322,19.2282,19.3184,18.8671,18.8671,9000
M10,20210323,19.0476,19.0476,18.6865,18.6865,9300
M10,20210324,18.8671,19.1379,18.7768,19.1379,4784
M10,20210325,19.0476,19.4087,19.0476,19.4087,600
M10,20210326,19.1379,19.1379,19.1379,19.1379,0
M10,20210329,19.8601,20.0406,18.6865,19.7698,12322
M10,20210330,19.4087,19.4087,19.1379,19.4087,5500
M10,20210331,20.6725,20.6725,19.3184,19.3184,8300
M10,20210401,20.4017,20.4017,19.8601,19.8601,12340
M10,20210402,19.8601,20.5823,19.8601,20.1309,21418
M10,20210405,20.0406,20.3114,20.0406,20.0406,3200
M10,20210406,20.0406,22.6585,20.0406,20.1309,16738
M10,20210407,20.2212,20.5823,20.2212,20.3114,13700
M10,20210408,20.2212,20.3114,20.0406,20.0406,5345
M10,20210409,19.6795,20.2212,19.0476,20.2212,3400
M10,20210412,19.7698,20.3114,17.1519,20.3114,3547
M10,20210413,21.6655,21.6655,19.3184,19.8601,8300
M10,20210414,19.6795,20.0406,19.1379,20.0406,4300
M10,20210415,20.1309,20.1309,19.4087,20.1309,8200
M10,20210416,19.5893,19.5893,19.5893,19.5893,0
M10,20210419,19.9504,19.9504,19.1379,19.2282,5700
M10,20210420,19.2282,19.9504,19.2282,19.9504,2300
M10,20210422,19.8601,19.8601,19.3184,19.4087,6062
M10,20210423,19.4990,19.4990,19.4990,19.4990,800
M10,20210426,19.4990,19.4990,18.5060,19.4087,20900
M10,20210427,18.5060,18.5060,16.5200,16.5200,4242
M10,20210428,19.3184,19.3184,19.3184,19.3184,200
M10,20210429,19.3184,19.3184,18.5963,18.8671,12500
M10,20210504,18.1449,18.9573,18.1449,18.9573,5700
M10,20210505,19.3184,19.4087,18.9573,18.9573,6400
M10,20210506,18.2352,19.5893,18.2352,19.5893,200
M10,20210507,18.9573,18.9573,18.9573,18.9573,0
M10,20210510,18.9573,19.1379,18.8671,19.1379,3900
M10,20210511,18.8671,18.8671,18.5060,18.5060,12400
M10,20210512,18.9573,19.1379,18.5060,18.5060,13526
M10,20210513,19.2282,19.9504,18.5060,18.9573,30100
M10,20210514,19.1379,19.3184,19.1379,19.3184,15200
M10,20210517,19.3184,19.4990,19.2282,19.2282,5152
M10,20210518,19.2282,19.2282,19.2282,19.2282,1000
M10,20210519,18.9573,19.0476,18.9573,18.9573,10796
M10,20210520,19.0476,19.2282,18.9573,19.1379,6145
M10,20210521,20.0947,20.0947,19.0422,19.7120,8700
M10,20210524,19.2335,19.8077,19.2335,19.4249,10100
M10,20210525,19.4249,19.4249,19.2335,19.2335,3500
M10,20210526,18.6594,18.6594,18.1809,18.6594,10500
M10,20210527,18.3723,19.1378,18.0853,18.0853,8205
M10,20210528,18.0853,18.3723,18.0853,18.3723,7700
M10,20210531,18.1809,18.4680,18.1809,18.4680,1228
M10,20210601,18.2766,18.2766,18.0853,18.2766,3500
M10,20210602,18.2766,18.7551,18.2766,18.5637,2802
M10,20210603,18.5637,18.6594,18.5637,18.5637,12100
M10,20210604,18.5637,18.5637,17.7025,18.5637,4300
M10,20210607,18.6594,19.0422,18.4680,19.0422,5842
M10,20210608,19.1378,19.1378,18.7551,18.9465,12500
M10,20210609,18.7551,18.8508,18.2766,18.8508,14919
M10,20210610,18.9465,18.9465,18.5637,18.5637,942
M10,20210611,18.2766,18.7551,18.2766,18.7551,4005
M10,20210614,18.6594,18.7551,18.5637,18.7551,8000
M10,20210615,18.6594,18.7551,18.6594,18.6594,7300
M10,20210616,18.6594,18.6594,18.6594,18.6594,0
M10,20210617,18.6594,20.3818,18.6594,20.3818,10000
M10,20210618,18.7551,18.9465,18.7551,18.9465,8400
M10,20210621,18.6594,19.1378,18.6594,19.1378,2400
M10,20210622,19.0422,19.1378,19.0422,19.1378,1900
M10,20210623,19.0422,19.0422,18.6594,18.8508,2800
M10,20210624,18.8508,18.8508,18.6594,18.8508,2800
M10,20210625,18.6594,18.6594,18.1809,18.3723,1100
M10,20210628,18.6594,18.9465,18.5637,18.5637,410
M10,20210629,18.3723,18.9465,18.3723,18.6594,1400
M10,20210630,18.7551,18.7551,18.4680,18.4680,1400
M10,20210701,18.4680,18.4680,18.3723,18.3723,1400
M10,20210702,18.3723,18.3723,18.3723,18.3723,2368
M10,20210705,18.2766,18.5637,18.1809,18.5637,7400
M10,20210706,18.6594,18.6594,18.1809,18.1809,4100
M10,20210707,18.5637,18.5637,18.5637,18.5637,400
M10,20210708,18.3723,18.3723,18.3723,18.3723,100
M10,20210709,18.4680,18.4680,18.1809,18.1809,700
M10,20210712,16.5542,16.5542,16.5542,16.5542,500
M10,20210713,16.6499,17.1284,16.6499,17.1284,2000
M10,20210714,17.1284,18.0853,16.8413,16.8413,5200
M10,20210715,17.7025,17.7025,17.7025,17.7025,668
M10,20210716,17.7025,17.7025,17.7025,17.7025,0
M10,20210719,17.6068,17.6068,17.2241,17.2241,8700
M10,20210720,17.3197,17.3197,17.3197,17.3197,3700
M10,20210721,17.3197,17.3197,17.3197,17.3197,0
M10,20210722,17.3197,17.6068,17.3197,17.5111,6609
M10,20210723,17.5111,17.5111,17.5111,17.5111,2501
M10,20210726,17.6068,18.3723,17.6068,18.2766,2101
M10,20210727,18.2766,18.2766,18.1809,18.1809,0
M10,20210728,18.1809,18.2766,18.1809,18.2766,10100
M10,20210729,18.1809,18.1809,16.9370,18.1809,4000
M10,20210730,18.1809,18.2766,18.1809,18.1809,2300
M10,20210802,18.1809,18.1809,18.1809,18.1809,3000
M10,20210803,18.1809,18.1809,18.1809,18.1809,5300
M10,20210804,18.1809,18.1809,18.1809,18.1809,700
M10,20210805,18.1809,18.1809,18.1809,18.1809,200
M10,20210806,18.1809,18.1809,17.7025,18.1809,11600
M10,20210809,17.6068,17.6068,17.6068,17.6068,200
M10,20210810,18.1809,18.1809,18.1809,18.1809,300
M10,20210811,18.2766,18.2766,17.7025,17.7982,3306
M10,20210812,18.1809,18.3723,18.1809,18.1809,10101
M10,20210813,18.2766,18.3723,18.0853,18.0853,2500
M10,20210816,18.1809,18.9465,18.1809,18.6594,58600
M10,20210817,18.7551,19.3292,18.4680,18.6594,33200
M10,20210818,18.6594,18.8508,18.5637,18.8508,14600
M10,20210819,18.9465,18.9465,18.6594,18.6594,12700
M10,20210820,18.8508,18.8508,18.5637,18.5637,69900
M10,20210823,18.1809,18.2766,18.0853,18.1809,15000
M10,20210824,17.7025,18.5637,17.7025,18.3723,8000
M10,20210825,18.5637,18.5637,17.7982,18.4680,736
M10,20210826,18.2766,18.4680,18.1809,18.1809,2400
M10,20210827,18.3723,18.3723,18.1809,18.3723,1800
M10,20210830,18.1809,18.4680,18.1809,18.2766,18700
M10,20210831,18.3723,18.4680,18.1809,18.1809,18100
M10,20210901,18.4680,18.4680,18.1809,18.3723,5500
M10,20210906,18.2766,18.6594,18.1809,18.3723,13800
M10,20210907,18.5637,18.6594,18.4680,18.4680,20400
M10,20210908,18.1809,18.2766,18.1809,18.2766,1800
M10,20210909,18.2766,18.2766,17.9896,17.9896,16200
M10,20210910,18.0853,18.1809,17.9896,18.0853,4200
M10,20210913,18.0853,18.1809,17.9896,17.9896,11500
M10,20210914,17.9896,18.2766,17.9896,18.1809,8800
M10,20210915,18.1809,18.3723,18.1809,18.3723,11500
M10,20210916,18.1809,18.4680,18.1809,18.3723,12200
M10,20210917,18.3723,19.2335,18.3723,18.7551,31400
M10,20210920,19.1378,20.0947,18.8508,19.4249,35000
M10,20210921,19.4249,21.2430,19.1378,19.7120,16830
M10,20210922,20.4775,20.4775,19.2335,19.6163,18863
M10,20210923,19.9990,20.2861,19.4249,19.5206,33200
M10,20210924,19.2335,19.9990,19.1378,19.1378,5700
M10,20210927,19.4249,20.0947,18.6594,18.6594,16100
M10,20210928,19.1378,19.3292,18.1809,18.6594,12400
M10,20210929,19.0422,19.6163,18.6594,18.6594,13550
M10,20210930,18.8508,18.9465,18.6594,18.6594,7600
M10,20211001,18.6594,18.6594,18.2766,18.4680,6900
M10,20211004,18.4680,18.6594,18.1809,18.5637,10833
M10,20211005,18.4680,18.7551,18.3723,18.4680,23000
M10,20211006,18.6594,18.8508,18.1809,18.6594,30800
M10,20211007,18.6594,19.5206,18.5637,19.1378,19900
M10,20211008,18.7551,18.9465,18.3723,18.6594,40700
M10,20211011,18.6594,18.8508,18.4680,18.4680,37400
M10,20211012,18.4680,18.8508,18.4680,18.5637,7700
M10,20211013,18.3723,18.5637,18.3723,18.5637,10200
M10,20211014,18.5637,18.8508,18.5637,18.6594,8700
M10,20211015,18.6594,18.7551,18.6594,18.7551,5600
M10,20211018,18.6594,18.8508,18.6594,18.8508,9900
M10,20211019,18.9465,19.4249,18.9465,19.2335,26700
M10,20211020,19.1378,19.4249,19.1378,19.1378,3500
M10,20211021,19.3292,19.3292,18.6594,18.9465,7300
M10,20211022,19.2335,19.7120,19.1378,19.6163,22500
M10,20211025,19.5206,19.6163,19.4249,19.4249,14500
M10,20211026,19.6163,19.8077,19.3292,19.8077,14300
M10,20211027,19.6163,20.5732,19.6163,19.9990,39700
M10,20211028,20.0947,22.5827,20.0947,21.0516,48000
M10,20211029,21.0516,23.1568,21.0516,22.7740,104600
M10,20211101,23.1568,23.9223,22.9654,23.8266,58500
M10,20211102,23.7309,24.6878,23.4439,24.3051,39140
M10,20211103,23.9223,24.4007,22.1999,22.4870,43000
M10,20211104,21.3387,23.0611,21.0516,22.8697,13800
M10,20211105,22.9654,24.4964,22.2956,22.9654,41000
M10,20211108,22.9654,22.9654,19.8077,22.6783,15505
M10,20211109,21.8171,22.8697,21.8171,22.6783,26000
M10,20211110,22.6783,23.1568,22.3913,23.1568,16767
M10,20211111,22.2956,22.9654,22.2956,22.7740,17600
M10,20211112,22.8697,22.8697,22.4870,22.8697,4018
M10,20211115,22.6783,23.1568,22.6783,23.0611,40700
M10,20211116,22.5827,22.7740,22.5827,22.6783,4000
M10,20211117,23.2525,23.2525,23.1568,23.1568,2300
M10,20211118,22.6783,23.2525,22.6783,23.1568,24500
M10,20211119,23.5395,23.5395,22.7740,22.7740,25110
M10,20211122,23.1568,23.2525,22.8697,22.8697,13300
M10,20211123,22.9654,23.9223,22.7740,23.9223,15700
M10,20211124,23.0611,26.6973,23.0611,24.4007,18600
M10,20211125,24.4007,24.4964,23.3482,23.3482,12400
M10,20211126,23.6352,23.7309,23.0611,23.7309,42400
M10,20211129,22.4870,22.5827,22.3913,22.3913,16305
M10,20211130,22.5827,22.5827,19.2335,22.2956,11700
M10,20211201,22.2956,22.4870,22.0085,22.4870,7900
M10,20211202,23.3482,23.3482,22.4870,23.3482,4600
M10,20211203,22.4870,26.3145,22.3913,22.3913,2268
M10,20211206,22.8697,22.8697,22.6783,22.6783,1005
M10,20211207,22.7740,22.7740,22.1999,22.4870,900
M10,20211208,22.4870,23.1568,22.4870,22.4870,5300
M10,20211209,22.4870,22.5827,19.3292,22.3913,6300
M10,20211210,22.3913,22.3913,22.3913,22.3913,5600
M10,20211213,22.4870,22.4870,22.1999,22.1999,435
M10,20211214,22.0085,22.1999,22.0085,22.1999,3841
M10,20211215,22.1999,22.9654,22.0085,22.1999,3800
M10,20211216,22.0085,22.3913,22.0085,22.1999,2000
M10,20211217,22.2956,22.2956,22.0085,22.0085,5500
M10,20211220,22.0085,22.1042,21.9128,21.9128,905
M10,20211221,22.0085,22.0085,22.0085,22.0085,9400
M10,20211222,22.0085,22.0085,21.3387,21.7214,6000
M10,20211223,22.4870,22.4870,22.4870,22.4870,343
M10,20211224,22.4870,23.0611,21.8171,23.0611,7121
M10,20211227,22.0085,22.4870,22.0085,22.0085,200
M10,20211228,22.1042,22.1042,22.1042,22.1042,501
M10,20211229,22.1999,22.1999,22.0085,22.0085,8500
M10,20211230,22.3913,22.4870,22.1999,22.4870,7888
M10,20211231,22.3913,22.4870,22.3913,22.4870,1100
M10,20220104,22.4870,22.6783,22.4870,22.4870,3300
M10,20220105,22.6783,22.6783,22.4870,22.5827,5000
M10,20220106,22.5827,22.6783,22.0085,22.1042,5082
M10,20220107,22.1999,22.9654,22.1999,22.1999,5800
M10,20220110,22.3913,22.3913,22.2956,22.2956,11206
M10,20220111,22.1042,22.1999,22.1042,22.1042,4341
M10,20220112,22.1042,22.4870,22.0085,22.4870,1600
M10,20220113,22.1042,22.3913,22.1042,22.3913,1000
M10,20220114,22.2956,22.2956,22.2956,22.2956,0
M10,20220117,22.2956,22.2956,22.0085,22.0085,400
M10,20220118,22.0085,22.1999,22.0085,22.1999,0
M10,20220119,22.1999,22.1999,22.1999,22.1999,0
M10,20220120,21.2430,22.0085,21.2430,22.0085,1300
M10,20220121,22.4870,22.4870,22.4870,22.4870,100
M10,20220124,22.0085,22.4870,19.5206,19.5206,4900
M10,20220125,22.0085,22.0085,19.5206,19.5206,0
M10,20220126,19.5206,22.1999,19.5206,22.1999,3800
M10,20220127,21.9128,22.0085,21.9128,22.0085,2060
M10,20220128,22.1042,22.9654,22.0085,22.0085,13000
M10,20220207,23.6352,23.6352,22.1042,22.4870,2841
M10,20220208,23.2525,23.2525,22.2956,22.4870,17001
M10,20220209,22.5827,22.8697,22.4870,22.8697,8500
M10,20220210,22.5827,22.8697,22.4870,22.8697,7100
M10,20220211,22.0085,22.6783,22.0085,22.6783,10803
M10,20220214,22.4870,22.4870,22.2956,22.2956,5000
M10,20220215,21.6258,22.7740,21.6258,22.7740,6700
M10,20220216,22.4870,22.6783,22.4870,22.6783,1800
M10,20220217,22.8697,23.0611,22.7740,22.7740,6800
M10,20220218,22.9654,23.1568,22.9654,23.0611,4500
M10,20220221,23.0611,23.0611,23.0611,23.0611,2300
M10,20220222,22.8697,22.8697,22.8697,22.8697,100
M10,20220223,22.9654,23.1568,22.9654,23.1568,12100
M10,20220224,23.0611,23.0611,22.6783,22.6783,7234
M10,20220225,22.4870,23.4439,22.4870,23.4439,500
M10,20220228,23.2525,23.2525,23.2525,23.2525,1000
M10,20220301,23.1568,23.1568,22.9654,22.9654,500
M10,20220302,22.8697,22.9654,22.8697,22.9654,1000
M10,20220303,22.7740,22.8697,22.4870,22.4870,11000
M10,20220304,22.6783,22.6783,22.6783,22.6783,7500
M10,20220307,22.6783,22.7740,22.6783,22.7740,3200
M10,20220308,22.8697,22.9654,22.6783,22.6783,2000
M10,20220309,22.6783,22.6783,22.6783,22.6783,900
M10,20220310,22.1042,22.6783,22.1042,22.6783,1100
M10,20220311,22.6783,22.6783,22.5827,22.5827,5100
M10,20220314,22.6783,22.6783,22.6783,22.6783,900
M10,20220315,23.0611,23.0611,22.6783,22.7740,1700
M10,20220316,23.0611,23.0611,23.0611,23.0611,100
M10,20220317,23.0611,23.0611,23.0611,23.0611,0
M10,20220318,22.8697,23.0611,22.1042,22.1042,2801
M10,20220321,22.2956,23.1568,22.1999,23.1568,8003
M10,20220322,22.9654,22.9654,22.5827,22.5827,11300
M10,20220323,22.9654,22.9654,22.8697,22.8697,1400
M10,20220324,22.9654,22.9654,22.9654,22.9654,0
M10,20220325,22.9654,22.9654,22.1999,22.2956,20700
M10,20220328,22.2956,22.2956,22.0085,22.0085,9300
M10,20220329,22.0085,23.0611,22.0085,23.0611,17600
M10,20220330,22.7740,22.9654,22.6783,22.7740,7500
M10,20220331,22.8697,23.1568,22.8697,23.0611,17200
M10,20220401,22.9654,22.9654,22.9654,22.9654,200
M10,20220404,23.1568,23.1568,23.0611,23.0611,2500
M10,20220405,23.0611,23.1568,22.9654,23.1568,5400
M10,20220406,22.9654,23.0611,22.8697,23.0611,7200
M10,20220407,22.9654,23.1568,22.4870,23.1568,10400
M10,20220408,22.9654,22.9654,22.9654,22.9654,500
M10,20220412,22.8697,22.8697,22.4870,22.4870,5500
M10,20220413,22.4870,22.6783,22.3913,22.6783,12800
M10,20220414,23.1568,23.1568,22.6783,22.7740,2100
M10,20220415,22.5827,22.7740,22.5827,22.7740,3900
M10,20220418,22.6783,23.2525,22.6783,22.6783,10300
M10,20220419,22.9654,23.1568,22.9654,22.9654,17800
M10,20220420,22.9654,22.9654,22.9654,22.9654,500
M10,20220421,22.9654,22.9654,21.9128,22.2956,8800
M10,20220422,22.4870,22.4870,22.2956,22.3913,5100
M10,20220425,22.1042,22.3913,19.7120,22.3913,132300
M10,20220426,21.7214,22.0085,21.7214,22.0085,700
M10,20220427,22.4870,22.9654,22.4870,22.9654,16900
M10,20220428,22.0085,22.0085,22.0085,22.0085,100
M10,20220429,22.4870,22.4870,22.4870,22.4870,1100
M10,20220504,22.5827,22.5827,22.0085,22.4870,3100
M10,20220505,22.3913,22.3913,22.3913,22.3913,0
M10,20220506,22.2956,22.2956,22.0085,22.1999,7800
M10,20220509,19.9990,20.1904,19.9990,20.1904,1000
M10,20220510,20.3818,20.3818,20.0947,20.0947,1361
M10,20220511,20.1904,20.1904,20.1904,20.1904,0
M10,20220512,20.4775,20.4775,20.2861,20.2861,2000
M10,20220513,20.3818,21.2430,20.3818,21.2430,1600
M10,20220516,21.2430,21.2430,21.2430,21.2430,600
M10,20220517,23.3482,23.3482,23.3482,23.3482,166
M10,20220518,23.0611,23.3482,23.0611,23.3482,500
M10,20220519,23.2525,23.2525,23.2525,23.2525,0
M10,20220520,23.2525,23.2525,23.2525,23.2525,0
M10,20220523,23.2525,23.2525,23.2525,23.2525,0
M10,20220524,20.1904,20.1904,20.1904,20.1904,500
M10,20220525,22.9654,22.9654,22.9654,22.9654,100
M10,20220526,22.9654,22.9654,22.8697,22.8697,900
M10,20220527,22.8697,22.9654,22.8697,22.9654,0
M10,20220530,22.4870,22.4870,22.4870,22.4870,500
M10,20220531,22.3913,22.3913,22.1999,22.1999,600
M10,20220601,21.3000,21.3000,21.2000,21.2000,700
M10,20220602,22.1000,22.4000,22.1000,22.4000,600
M10,20220603,22.3000,22.3000,22.1000,22.1000,600
M10,20220606,21.5000,22.1000,21.3000,22.1000,2100
M10,20220607,21.8000,21.8000,21.8000,21.8000,400
M10,20220608,22.2000,22.2000,22.2000,22.2000,600
M10,20220609,22.2000,22.2000,22.2000,22.2000,0
M10,20220610,22.2000,22.2000,22.2000,22.2000,0
M10,20220613,22.2000,22.2000,22.2000,22.2000,3
M10,20220614,22.2000,22.2000,22.2000,22.2000,3
M10,20220615,22.2000,22.2000,22.0000,22.0000,2700
M10,20220616,22.1000,22.1000,22.0000,22.0000,3
M10,20220617,21.0000,21.0000,21.0000,21.0000,601
M10,20220620,21.0000,21.0000,21.0000,21.0000,6608
M10,20220621,21.0000,21.0000,21.0000,21.0000,500
M10,20220622,20.1000,20.1000,20.1000,20.1000,100
M10,20220623,21.0000,21.0000,21.0000,21.0000,100
M10,20220624,21.0000,21.0000,21.0000,21.0000,500
M10,20220627,21.0000,21.0000,21.0000,21.0000,8
M10,20220628,21.0000,21.0000,21.0000,21.0000,0
M10,20220629,21.0000,21.0000,21.0000,21.0000,0
M10,20220630,21.3000,21.3000,21.0000,21.0000,4200
M10,20220701,21.0000,21.0000,21.0000,21.0000,2100
M10,20220704,21.0000,21.7000,21.0000,21.7000,4202
M10,20220705,21.0000,21.2000,21.0000,21.0000,3500
M10,20220706,21.0000,21.1000,20.9000,21.1000,3300
M10,20220707,21.0000,21.0000,21.0000,21.0000,0
M10,20220708,21.0000,21.0000,21.0000,21.0000,20
M10,20220711,18.2000,21.0000,18.2000,21.0000,700
M10,20220712,20.0000,20.0000,20.0000,20.0000,0
M10,20220713,20.1000,20.8000,17.0000,20.8000,3037
M10,20220714,19.5000,19.5000,19.4000,19.5000,600
M10,20220715,19.5000,19.5000,19.5000,19.5000,0
M10,20220718,19.5000,19.6000,19.4000,19.5000,900
M10,20220719,19.5000,19.5000,19.5000,19.5000,1
M10,20220720,20.0000,20.0000,19.6000,20.0000,800
M10,20220721,19.9000,19.9000,19.9000,19.9000,0
M10,20220722,19.9000,19.9000,19.9000,19.9000,200
M10,20220725,19.9000,19.9000,19.9000,19.9000,0
M10,20220726,20.0000,20.0000,19.8000,19.8000,1200
M10,20220727,18.7000,20.8000,18.7000,20.8000,600
M10,20220728,19.1000,19.1000,19.1000,19.1000,0
M10,20220729,19.0000,19.7000,19.0000,19.7000,4300
M10,20220801,19.8000,19.9000,19.5000,19.5000,700
M10,20220802,20.9000,20.9000,20.0000,20.5000,500
M10,20220803,20.7000,20.7000,20.7000,20.7000,400
M10,20220804,20.7000,20.7000,20.7000,20.7000,0
M10,20220805,20.0000,20.0000,20.0000,20.0000,100
M10,20220808,20.9000,20.9000,20.9000,20.9000,400
M10,20220809,19.5000,19.5000,19.5000,19.5000,400
M10,20220810,19.6000,19.6000,19.6000,19.6000,102
M10,20220811,19.6000,19.6000,19.6000,19.6000,200
M10,20220812,19.6000,19.6000,19.6000,19.6000,0
M10,20220815,19.6000,19.6000,19.6000,19.6000,1900
M10,20220816,19.6000,19.6000,19.6000,19.6000,0
M10,20220817,21.9000,21.9000,21.9000,21.9000,100
M10,20220818,19.6000,19.6000,19.6000,19.6000,500
M10,20220819,19.8000,19.8000,19.8000,19.8000,410
M10,20220822,19.8000,19.8000,19.8000,19.8000,2000
M10,20220823,20.0000,20.0000,20.0000,20.0000,500
M10,20220824,20.0000,20.0000,20.0000,20.0000,300
M10,20220825,20.0000,20.0000,20.0000,20.0000,0
M10,20220826,20.0000,20.0000,20.0000,20.0000,0
M10,20220829,19.6000,19.7000,19.6000,19.6000,300
M10,20220830,19.6000,19.6000,19.6000,19.6000,0
M10,20220831,19.6000,19.6000,19.6000,19.6000,0
M10,20220905,19.6000,19.6000,19.6000,19.6000,0
M10,20220906,19.5000,19.5000,19.5000,19.5000,320
M10,20220907,19.5000,19.5000,19.5000,19.5000,0
M10,20220908,19.7000,19.8000,19.5000,19.5000,1800
M10,20220909,19.6000,19.6000,19.6000,19.6000,0
M10,20220912,19.6000,19.6000,19.6000,19.6000,1350
M10,20220913,19.6000,19.6000,19.6000,19.6000,0
M10,20220914,19.6000,19.6000,19.5000,19.5000,700
M10,20220915,19.5000,19.5000,19.5000,19.5000,207
M10,20220916,19.5000,19.5000,19.5000,19.5000,10
M10,20220919,19.5000,19.5000,19.5000,19.5000,500
M10,20220920,19.5000,19.5000,19.5000,19.5000,2100
M10,20220921,19.5000,19.5000,19.5000,19.5000,20
M10,20220922,19.5000,19.5000,19.5000,19.5000,60
M10,20220923,19.5000,19.5000,19.5000,19.5000,0
M10,20220926,19.5000,19.5000,19.5000,19.5000,0
M10,20220927,19.4000,19.4000,19.2000,19.4000,17500
M10,20220928,19.4000,19.4000,19.4000,19.4000,0
M10,20220929,19.4000,19.4000,16.9000,19.2000,4200
M10,20220930,19.0000,19.2000,18.8000,19.0000,1300
M10,20221003,19.7000,20.0000,19.1000,19.2000,2310
M10,20221004,19.2000,19.2000,19.2000,19.2000,1
M10,20221005,19.8000,20.0000,19.8000,20.0000,2800
M10,20221006,20.0000,20.0000,20.0000,20.0000,268750
M10,20221007,19.5000,20.0000,19.5000,20.0000,17500
M10,20221010,20.0000,20.0000,20.0000,20.0000,538200
M10,20221011,19.2000,19.2000,19.1000,19.1000,2000
M10,20221012,19.1000,19.1000,19.1000,19.1000,0
M10,20221013,19.1000,19.1000,19.1000,19.1000,0
M10,20221014,19.1000,19.1000,19.1000,19.1000,0
M10,20221017,19.1000,19.1000,19.1000,19.1000,0
M10,20221018,20.0000,20.0000,20.0000,20.0000,90000
M10,20221019,20.0000,20.0000,20.0000,20.0000,99000
M10,20221020,20.0000,20.0000,20.0000,20.0000,0
M10,20221021,19.0000,19.0000,18.9000,18.9000,300
M10,20221024,18.9000,18.9000,18.9000,18.9000,0
M10,20221025,20.0000,20.0000,20.0000,20.0000,110001
M10,20221026,20.0000,20.0000,20.0000,20.0000,0
M10,20221027,20.0000,20.0000,20.0000,20.0000,0
M10,20221028,20.0000,20.0000,20.0000,20.0000,63
M10,20221031,19.7000,19.7000,19.7000,19.7000,1000
M10,20221101,19.7000,19.7000,19.7000,19.7000,0
M10,20221102,19.7000,19.7000,19.7000,19.7000,10
M10,20221103,19.7000,19.7000,19.7000,19.7000,0
M10,20221104,19.7000,19.7000,19.7000,19.7000,0
M10,20221107,19.7000,19.7000,19.7000,19.7000,0
M10,20221108,18.0000,18.0000,18.0000,18.0000,429
M10,20221109,18.0000,18.0000,18.0000,18.0000,10
M10,20221110,18.1000,18.1000,18.0000,18.0000,10000
M10,20221111,18.1000,18.1000,18.1000,18.1000,0
M10,20221114,18.0000,18.0000,18.0000,18.0000,500
M10,20221115,17.6000,17.6000,17.5000,17.5000,6000
M10,20221116,17.7000,17.7000,17.7000,17.7000,3001
M10,20221117,17.7000,17.7000,17.7000,17.7000,0
M10,20221118,17.7000,17.7000,17.7000,17.7000,0
M10,20221121,17.5000,17.5000,17.5000,17.5000,100
M10,20221122,17.5000,17.5000,17.5000,17.5000,0
M10,20221123,17.5000,17.5000,17.5000,17.5000,0
M10,20221124,17.5000,17.5000,17.5000,17.5000,0
M10,20221125,17.5000,17.5000,17.5000,17.5000,0
M10,20221128,17.5000,17.5000,17.5000,17.5000,0
M10,20221129,17.6000,19.3000,17.6000,19.3000,700
M10,20221130,17.7000,17.7000,17.6000,17.6000,900
M10,20221201,17.6000,17.6000,17.6000,17.6000,0
M10,20221202,17.6000,17.6000,17.6000,17.6000,0
M10,20221205,17.6000,17.6000,17.6000,17.6000,100
M10,20221206,17.6000,17.6000,17.6000,17.6000,1100
M10,20221207,19.2000,19.2000,18.3000,18.3000,3000
M10,20221208,18.0000,18.0000,18.0000,18.0000,206
M10,20221209,19.1000,19.1000,18.1000,18.1000,218
M10,20221212,19.1000,19.1000,19.1000,19.1000,200
M10,20221213,18.0000,18.0000,18.0000,18.0000,100
M10,20221214,18.1000,18.1000,18.0000,18.0000,900
M10,20221215,18.0000,18.0000,18.0000,18.0000,0
M10,20221216,18.0000,18.0000,18.0000,18.0000,200
M10,20221219,18.0000,18.0000,18.0000,18.0000,0
M10,20221220,18.0000,18.0000,18.0000,18.0000,2000
M10,20221221,18.1000,18.1000,18.1000,18.1000,500
M10,20221222,18.1000,18.1000,18.1000,18.1000,0
M10,20221223,18.1000,18.1000,18.1000,18.1000,0
M10,20221226,18.2000,18.2000,18.1000,18.1000,2200
M10,20221227,18.2000,18.2000,18.0000,18.0000,1000
M10,20221228,18.0000,18.1000,18.0000,18.1000,1000
M10,20221229,18.0000,18.0000,18.0000,18.0000,100
M10,20221230,18.0000,18.0000,18.0000,18.0000,0
M10,20230103,18.0000,18.0000,18.0000,18.0000,0
M10,20230104,18.0000,18.0000,18.0000,18.0000,0
M10,20230105,18.1000,18.1000,18.1000,18.1000,100
M10,20230106,19.0000,19.0000,19.0000,19.0000,1094
M10,20230109,19.0000,19.0000,19.0000,19.0000,200
M10,20230110,18.5000,18.5000,18.5000,18.5000,200
M10,20230111,18.5000,18.5000,18.5000,18.5000,0
M10,20230112,18.5000,18.5000,18.5000,18.5000,0
M10,20230113,18.5000,18.5000,18.5000,18.5000,0
M10,20230116,18.9000,18.9000,18.9000,18.9000,200
M10,20230117,19.2000,19.2000,19.0000,19.0000,1500
M10,20230118,19.0000,19.0000,19.0000,19.0000,100
M10,20230119,19.6000,19.6000,19.6000,19.6000,200